,Raw Counts Control 1,Raw Counts Control 2,Raw Counts Control 3,Raw Counts Gal grown 1,Raw Counts Gal grown 2,Raw Counts Gal grown 3
PG0001,5098,6790,5271,9478,8789,10376
PG0002,951,1231,954,1767,1632,2073
PG0003,201,355,303,495,434,365
PG0004,628,1027,1028,1260,1148,1139
PG0005,1637,2518,1725,3101,2718,3118
PG0006,513,835,629,1170,1062,998
PGt01,86,177,146,207,183,91
PGt02,199,366,321,422,393,196
PG0007,873,1569,1411,1679,1552,850
PG0008,517,870,787,936,799,734
PG0009,380,600,506,620,529,485
PG0010,7162,11764,9397,12437,13027,9148
PG0011,1872,2619,2171,3257,3158,3103
PG0012,1355,1877,1712,2259,2049,2329
PG0013,576,756,638,823,728,914
PG0016,944,1117,902,1440,1399,1640
PG0017,607,829,701,1032,1039,1114
PG0018,1383,2005,1586,2456,2141,2172
PG0019,2010,3111,2651,3525,3014,2517
PG0020,1236,1923,1655,2449,1980,2011
PG0021,538,864,713,1137,1065,882
PG0022,583,1049,840,1560,1625,1201
PG0024,1287,2102,1802,3015,2958,2363
PG0025,1269,2182,1962,2980,2642,2425
PG0026,4185,5917,5012,7380,6656,7062
PG0027,3611,5004,4080,4980,3948,5719
PG0028,1359,1816,1366,1988,1543,2192
PGt03,15,28,29,42,35,18
PG0030,221,335,286,398,346,356
PG0031,255,388,319,544,411,399
PG0032,362,565,489,727,668,715
PG0033,483,648,541,854,670,816
PG0034,13213,28851,30125,24497,26183,13947
PG0035,5878,8800,7485,10807,9362,9287
PG0037,21622,48460,44362,52825,55886,25215
PG0039,165,269,234,310,282,208
PG0040,360,598,466,601,519,463
PG0041,613,904,808,1098,927,981
PG0042,4943,7096,5738,8808,8283,8039
PG0043,529,725,617,958,891,964
PG0045,12413,15648,11646,15891,13990,14251
PG0046,2132,2981,2344,3114,2625,3105
PG0047,2957,4087,3536,4398,4112,4271
PG0048,1910,2684,2047,3593,2939,3765
PG0049,50,88,67,95,91,99
PG0050,1189,1764,1484,1931,1630,1419
PG0052,723,1021,963,1432,1205,1260
PG0053,175,239,197,249,198,276
PG0054,2507,3782,3286,4839,4339,4282
PG0055,1127,1494,1200,1883,1681,2081
PG0056,12593,20029,18302,23514,20885,18311
PG0057,4810,5943,5051,6794,5410,6830
PG0058,821,1029,830,1400,1148,1441
PG0059,554,933,848,1380,1161,997
PG0060,79,75,67,82,74,121
PG0061,600,972,837,1355,1226,1185
PG0062,719,1041,917,1200,1020,1072
PG0063,1144,1953,1620,1884,1669,1527
PG0064,710,1056,903,1264,1111,1121
PG0065,299,475,451,550,470,442
PG0066,60,92,93,86,90,73
PG0068,122,201,147,161,157,188
PG0069,1958,3047,2372,3632,3251,3067
PG0070,1619,2377,1971,2675,2348,2061
PG0071,1982,3365,2876,3640,3496,2595
PG0072,1337,2015,1645,2567,2391,2242
PG0073,987,1086,909,1416,1124,1524
PG0074,1038,1500,1266,2112,2050,1767
PG0075,1584,2694,1953,2952,2956,2345
PG0076,2364,3557,3170,4170,3623,3608
PG0078,1140,2243,2213,2346,2329,1358
PG0079,2020,4151,4012,4508,4392,2539
PG0080,17,24,34,28,34,12
PG0081,745,1159,1052,1598,1611,1442
PG0082,842,1380,1223,1719,1657,1239
PG0083,378,561,462,645,633,561
PG0084,813,1247,956,1320,1312,1095
PG0085,1476,2296,1838,2954,2735,2337
PG0086,1789,2374,1767,2718,2419,2595
PG0087,1213,2024,1698,2688,2504,2205
PG0088,798,1376,1179,2018,1696,1500
PG0090,18370,33585,32240,37507,28529,50397
PG0091,775,1091,877,1603,1435,1422
PG0092,616,849,743,1249,1104,1150
PG0093,527,917,780,1317,1386,958
PG0094,976,1395,1114,1951,1917,1927
PG0095,1701,2301,1957,2922,2503,2597
PG0097,3444,4958,4289,6408,5440,4913
PG0098,203,233,206,252,227,260
PG0099,2964,4835,3757,6311,6217,5336
PG0100,6834,14003,11695,25259,23513,14767
PG0101,3222,6979,6188,12370,12036,6619
PG16SA,7066,12062,8271,10379,4780,3784
PG0102,1065,1781,1467,4096,3860,2413
PG0103,22922,53694,44381,170644,170427,83770
PGt04,9094,21545,17458,71784,71707,35258
PGt05,3689,8683,6856,26238,26151,12788
PG23SA,11836,18560,12882,19423,10847,7450
PG5SA,1,13,49,8,12,2
PG0104,936,1393,1310,1498,1456,1341
PG0106,5983,11251,10221,14152,13018,7819
PG0108,8913,13825,11337,15355,13181,11197
PG0109,7199,13663,11895,17989,16705,9747
PG0110,5664,10464,9324,11073,10141,6419
PG0111,7641,14064,12587,13631,12485,8423
PG0113,3862,6045,4955,5929,4984,4580
PG0114,3202,4382,3417,4016,3373,3790
PG0115,1467,2549,2121,2354,2282,1687
PG0116,2392,3807,3031,3587,3277,2765
PG0117,3252,5818,5078,5490,4931,3527
PG0118,3016,6077,5737,5337,5343,3056
PG0119,1853,3279,3077,2902,2660,1882
PG0120,3124,5241,4381,4331,3812,3124
PG0121,29193,67550,74228,56275,59172,24987
PG0123,586,766,666,850,758,733
PG0124,365,567,430,801,809,665
PG0125,162,271,208,304,337,338
PG0126,1003,1525,1266,2195,2205,2077
PG0127,335,501,357,649,603,627
PG0128,231,426,365,559,658,453
PG0129,371,777,556,1131,1321,788
PG0130,2340,3010,2411,2885,2843,3597
PG0132,16,21,17,24,22,20
PG0133,237,266,230,389,336,508
PG0134,941,1398,1050,1786,1632,1665
PG0135,654,870,676,1086,882,1019
PG0136,1821,2268,1982,3184,2619,2760
PG0137,2902,4342,3710,5563,5302,4833
PG0138,1558,2459,1858,2402,2467,2245
PG0139,472,573,481,711,616,901
PG0140,182,306,241,406,397,317
PG0141,582,874,642,1152,1084,1189
PG0142,680,1018,817,1542,1514,1367
PG0143,875,1772,1430,2557,2681,1757
PG0144,235,464,354,648,654,539
PG0145,8209,16812,15383,17994,20049,10889
PG0146,201,313,263,435,429,307
PG0147,123,209,150,286,278,228
PG0148,608,1086,844,1604,1638,1068
PG0149,596,903,784,1208,1135,1108
PG0150,680,993,880,1276,1329,1134
PG0151,420,611,515,822,861,812
PG0152,323,533,459,836,975,577
PG0153,439,713,584,1019,1114,793
PG0155,106,203,157,225,243,230
PG0156,476,807,648,1070,1052,860
PG0157,113,156,134,197,151,191
PG0158,200,293,258,369,292,321
PG0159,9002,10520,7813,11751,9016,16224
PG0160,1124,1370,1126,1834,1564,1827
PG0161,337,571,559,656,570,442
PG0162,4166,6037,5520,7764,6380,4772
PG0163,856,1263,1088,1681,1652,1417
PG0164,225,406,307,662,647,503
PG0165,550,887,628,1409,1388,1173
PG0166,676,875,618,1161,1091,1349
PG0167,11757,15579,10656,19148,16049,20178
PG0170,1830,2253,1847,3046,2640,3234
PG0171,1687,2160,1696,3176,3086,3140
PG0172,1441,2644,2030,2805,2719,2360
PG0173,1021,2128,2143,2625,2640,1431
PG0174,269,370,306,532,438,459
PG0177,3809,5413,4529,5930,4888,4309
PG0179,896,1330,1195,1353,1200,1257
PG0180,711,1033,800,1121,967,1019
PG0181,671,1065,801,1171,1033,1033
PG0182,2014,2861,2172,3052,2470,2833
PG0183,4851,6897,5162,7092,5860,6985
PG0184,1752,2393,2153,2542,2271,2460
PG0185,256530,234744,179105,252896,177753,360602
PG0186,144284,162954,135280,171355,135238,178849
PG0188,13982,23453,20167,31304,28297,21596
PG0189,5471,6494,4927,8298,6279,9558
PG0190,6899,10229,8098,13413,11289,10895
PG0191,23610,39531,33525,44649,38604,30313
PG0192,9453,19291,18896,21416,19494,12981
PG0193,17760,40687,42140,41105,42919,22872
PG0194,770,1398,1286,1759,1615,961
PG0195,33058,65153,63777,66171,59197,33256
PG0196,9591,11034,8844,13145,11000,15313
PG0197,10,19,16,16,15,6
PG0198,510,767,627,1014,851,883
PG0199,881,1389,1083,2071,1877,1674
PG0200,245,341,242,509,431,509
PG0201,2188,2995,2188,5037,4263,4478
PG0202,7332,11222,8992,16699,15530,13528
PG0203,1053,1588,1173,2146,1994,1978
PG0204,313,388,273,560,473,579
PG0205,1683,2288,1700,3535,2931,3422
PG0209,1851,4137,3489,8125,7750,4579
PG0210,671,1119,966,1251,1421,1125
PG0211,669,1039,898,1280,1283,1137
PG0212,424,560,484,715,660,644
PG0213,613,1094,849,1221,1264,954
PG0214,179,324,387,533,575,361
PG0215,165,279,283,418,402,296
PG0216,79,123,116,173,174,141
PG0217,387,450,463,580,597,748
PG0218,446,538,517,601,613,871
PG0219,122,192,154,149,119,147
PG0221,26,54,24,49,35,37
PG0222,64,55,46,52,34,53
PG0223,248,411,381,657,631,565
PG0224,784,1314,956,1699,1685,1808
PG0225,3661,5192,4360,5778,4759,4142
PG0226,1371,2103,1725,2342,2415,2158
PG0227,615,1054,844,1428,1546,1197
PG0228,380,572,476,725,662,809
PG0229,29,45,44,52,46,48
PG0230,4754,6206,5143,8351,7163,7341
PG0231,414,645,533,916,731,898
PG0232,9140,8706,7559,8650,6550,13827
PG0234,1833,3371,2879,4318,3734,3155
PG0235,1835,2738,2154,3355,2881,3430
PG0236,1718,2922,2638,3417,3157,2685
PG0237,307,423,336,567,500,499
PG0240,1250,1806,1541,2313,2034,1664
PG0241,12345,19141,16237,28929,25142,26722
PG0242,5615,8649,6752,12587,10665,10625
PG0243,8356,15810,14933,21106,19581,11485
PG0245,2877,3747,3279,4597,3721,4283
PG0246,3646,7600,8921,9162,8855,4651
PG0248,289,475,387,550,430,355
PG0249,6617,10338,8780,13384,12330,11572
PG0250,15,21,13,28,25,26
PG0253,1565,1859,1465,2593,2431,2577
PG0254,4132,6684,4886,13097,12348,10025
PG0255,7211,10812,8759,16238,15057,13532
PG0256,638,1063,888,1474,1305,1072
PG0257,6597,9618,8641,9181,7955,7938
PG0258,2333,3199,2461,3081,2880,3053
PG0259,4156,5626,4490,5552,4939,5112
PG0261,662,1184,1084,1438,1355,813
PG0263,1935,2960,2189,3554,3112,3563
PG0264,2352,3424,2742,4239,3555,3518
PG0265,20,42,36,42,46,14
PG0267,4591,6908,5988,8967,7924,8022
PG0268,2125,3079,2550,4330,3897,3960
PG0269,1191,1606,1419,2030,1749,1937
PG0270,934,936,801,1289,1010,1672
PG0271,1311,1470,1280,2125,1772,2504
PG0272,3718,5086,4569,6256,5166,5669
PG0273,1332,1601,1240,1841,1465,1766
PG0274,1112,1802,1690,1945,1820,1322
PG0275,5318,8223,7591,8162,7420,7116
PG0276,8346,11640,10236,14234,10525,12949
PG0277,5253,8999,7943,11770,10647,8123
PG0278,241,348,312,388,331,343
PG0279,2708,4260,3545,5872,5601,5097
PG0280,96,95,68,98,103,94
PG0281,77,83,83,80,87,90
PG0282,37,48,60,60,45,38
PG0283,34,38,54,76,69,58
PG0285,23,24,25,37,22,27
PG0286,2047,4370,4202,5080,5030,3208
PG0287,1013,1240,1083,1457,1267,1779
PG0288,2218,3546,2945,4474,4083,3850
PG0289,1321,2129,1764,2636,2600,2190
PG0290,2383,3743,3226,4376,3858,3604
PG0291,2702,3933,3138,4310,3677,4182
PG0293,5864,8957,8802,12013,10695,9519
PG0294,180,322,332,447,443,301
PG0295,487,803,587,868,787,770
PG0296,2521,3764,3220,5013,4751,4308
PG0297,18,45,49,55,59,38
PG0300,380,649,548,760,706,691
PG0302,1563,2706,2441,3640,2978,2649
PG0303,2716,4030,3218,5836,6046,6385
PG0304,7159,9424,7071,14317,12577,16224
PG0305,5853,7626,6017,12094,11032,11476
PG0306,4917,7102,6040,12309,12263,10097
PG0307,4709,5611,4203,7446,6135,8039
PG0308,4911,5674,4334,7418,6124,8575
PG0309,781,984,860,1473,1220,1451
PG0310,1024,1209,879,1549,1300,2002
PG0311,1520,1848,1316,2640,2084,3227
PG0312,1009,1143,889,1588,1297,1808
PG0313,127,276,251,300,295,170
predicted RNA,418,846,764,940,872,548
PG0314,19606,38573,34265,41278,37571,25102
PG0315,14147,27595,24546,28814,26194,17862
PG0316,2619,3677,2791,5079,4773,4695
PG0317,987,1629,1202,1666,1671,1360
PG0319,2099,3603,2795,4737,4560,3994
PG0320,1891,3247,2601,4632,4284,3519
PG0321,1140,1792,1420,2688,2506,2496
PG0322,1854,2254,1812,2767,2209,3175
PG0323,223,208,158,198,172,285
PG0324,1074,1596,1273,1980,2026,1720
PG0325,931,1341,1186,1903,1785,1348
PG0326,243,403,342,533,555,483
PG0327,1631,3581,3342,4280,4667,2469
PG0328,849,2055,1579,2808,3409,1446
PG0329,1476,1927,1625,2184,2022,2074
PG0330,216,313,266,503,433,380
PG0332,2360,4702,3995,6046,6201,4134
PG0333,403,606,471,1138,1084,929
PG0334,504,589,499,933,743,871
PG0335,408,618,502,759,749,660
PG0336,939,1587,1369,1892,1683,1380
PG0337,1,2,1,5,6,4
PG0338,997,1605,1462,2055,2086,1622
PG0339,1798,3927,4023,4588,4663,2421
predicted RNA,3981,8941,9665,10782,11037,5148
PG0340,963,1965,2084,2609,2560,1480
PG0343,647,938,862,1338,1382,1038
PG0344,396,544,496,859,767,805
PG0345,196,287,232,352,354,373
PG0346,580,897,743,1117,945,953
PG0347,1141,1722,1413,2253,2089,1905
PG0348,934,1281,1079,1462,1392,1507
PG0349,537,735,676,862,729,818
PG0350,7789,10402,8007,13186,9985,14055
PG0351,235,294,283,375,266,430
PG0352,296,549,463,708,667,572
PG0354,30,52,61,66,61,27
PG0355,1004,1454,1069,1907,1474,1953
PG0356,868,1061,845,1172,1042,1484
PG0357,1364,1849,1533,2166,1710,2189
PG0358,512,624,470,557,481,755
PG0359,583,788,658,890,866,900
PG0360,2216,3284,2965,3849,3218,3084
PG0361,4219,5546,4602,6438,5347,6723
PG0362,3211,4573,3556,5563,5051,5026
PG0363,1546,2587,2311,3131,2854,2427
PG0364,857,1258,1010,1833,1660,1580
PG0365,102,160,147,279,254,256
PG0366,315,659,468,1184,1350,787
PG0368,1200,1645,1320,2341,2137,2196
PG0369,244,297,213,440,396,498
PG0371,9,18,16,27,23,9
PG0373,846,1873,1934,2249,2268,1285
PG0374,28,54,54,64,53,41
PG0375,2336,3735,2931,4619,4491,3726
PG0376,2279,3180,2349,3794,3891,3453
PG0377,5774,8288,5893,9560,9236,8481
PG0378,6485,7776,5533,9682,8701,9883
PG0380,653,1090,776,1314,1197,1105
PG0381,515,641,526,1049,796,1148
PG0382,5189,11242,10931,12892,13411,7179
PG0383,2688,3976,3210,4901,4610,4453
PG0384,2415,3263,2556,3614,3156,3779
PG0385,11437,26249,24122,30701,31295,14146
PG0386,11006,19413,15921,21418,19104,14399
PGt06,1246,1656,1493,1829,1456,1878
PGt07,1197,1534,1264,1713,1314,1894
PG0387,76928,95969,65846,114521,88793,132652
PGt08,419,486,348,467,384,663
PG0389,51368,86802,69188,106104,100964,69933
PG0390,27043,40687,30211,50481,44615,37056
PG0391,43943,62082,46468,68389,58953,58637
PG0392,28495,38348,27674,37887,31352,36088
predicted RNA,1056,1410,1035,1293,1046,1258
PG0393,30588,50543,43184,49571,45297,38564
PG0394,36158,42287,33815,43108,36354,42694
PG0395,53780,68310,54842,72873,61788,71145
PG0396,637,913,748,1240,1100,880
PG0397,282,324,269,524,417,535
PG0398,5343,7733,6493,9490,7877,8481
PG0399,916,1071,860,1666,1311,1817
PG0400,2480,3292,2569,4427,4038,4608
PG0401,2758,4280,3561,5850,5478,5455
PG0403,876,1392,1035,2070,1969,1730
PG0404,1710,2853,2352,3862,3886,3192
PG0408,415,620,630,716,719,613
PG0409,1218,1723,1547,1671,1375,1618
PG0410,7340,12236,12420,12934,11261,9209
PG0411,11178,17369,17262,17146,14120,12780
PG0412,1547,2139,1660,3061,2757,2683
PG0413,350,549,418,720,660,697
PG0414,2449,3676,2999,5308,4617,5090
PG0415,6964,11120,8941,13809,12128,10789
PG0416,12762,19374,15721,23572,20359,19857
PG0417,6482,9365,7705,10990,9196,9572
PG0418,3058,4320,3412,5481,4636,4864
PG0419,2917,4305,3950,4437,4083,3912
PG0421,2139,3236,2531,3836,3324,4074
PG0422,631,1410,1385,1424,1532,779
PG0423,2209,4953,4949,5117,5341,2686
PG0424,1222,2125,1967,2404,2176,1535
PG0425,247,428,385,535,517,506
PG0426,347,512,445,658,499,583
PG0427,41,69,69,76,73,74
PG0428,4,4,7,8,9,5
PG0429,2830,4211,3268,5781,5789,4572
PG0430,1870,2620,1882,3006,2849,3190
PG0431,65,85,59,68,61,85
PG0432,710,895,821,868,843,978
PG0433,525,626,567,670,663,645
PG0434,1116,1665,1369,1792,1724,1675
PG0435,741,1120,953,1355,1252,1075
PG0436,5799,7519,5794,9218,7677,9723
PG0437,716,834,657,1000,812,1394
PG0438,368,493,417,660,536,652
PG0439,162,262,212,272,267,307
PG0441,371,701,591,862,931,729
PG0442,61,120,124,73,79,44
PG0443,2866,5140,4956,4157,4094,2468
PG0444,1113,1958,1555,1713,1834,1419
PG0445,1808,2417,2033,1886,1686,1975
PG0446,374,615,551,666,544,471
PG0447,195,249,192,222,227,218
PG0448,4563,5161,3898,5965,4335,8419
PG0449,13959,17757,13168,21945,16607,23331
PG0450,1653,2115,1550,2537,1841,2917
PG0451,3877,6641,5747,7385,6342,4978
PG0452,17447,25806,20931,31986,28608,31250
PG0453,837,1258,1038,1487,1251,1367
PG0456,4131,9237,9211,10850,10731,5767
PG0457,707,1357,1335,1543,1464,864
PG0458,716,1017,890,1242,968,1119
PG0459,90,118,95,126,128,108
PG0460,1467,1984,1876,2243,1789,1819
PG0461,1051,1437,1199,1855,1354,1509
PG0462,2286,2555,2012,3037,2570,4006
PG0463,1788,2652,2044,3928,3508,3716
PG0464,1780,2218,1726,2896,2669,3355
PG0465,1242,1925,1764,2787,2179,2281
PG0466,717,904,689,1265,1057,1378
PG0468,885,1481,1296,2088,2049,1704
PG0469,290,456,360,620,562,560
PG0470,1,3,5,2,4,2
PG0471,2079,3338,2513,5762,5231,4971
PG0472,505,1062,862,1447,1541,885
PG0474,286,383,345,544,423,398
PG0475,250,361,345,628,581,403
PG0476,363,619,454,822,739,644
PG0477,166,298,209,394,434,343
PG0479,445,569,477,725,577,643
PG0480,298,370,303,427,334,425
PG0481,3970,5192,3894,6286,5399,7188
PG0482,632,593,495,719,538,1299
PG0483,106,191,162,264,219,230
PG0484,1029,1543,1232,2006,1771,1697
PG0485,3347,4156,3440,4882,4039,4419
PG0486,122,178,133,240,181,247
PG0487,3662,5189,4362,5772,4752,4140
PG0488,492,845,682,1149,1121,936
PG0489,784,1074,849,1766,1556,1613
PG0490,1451,1861,1502,2269,1895,2527
PG0491,8357,9538,8024,11235,9870,14592
PG0492,21,31,32,35,25,31
PG0493,9,26,26,28,20,15
PG0494,19,66,63,51,57,32
PG0495,671,1314,1042,1435,1318,1256
PG0496,8,11,6,12,7,10
PG0497,527,669,457,949,846,886
PG0498,145,206,146,279,286,274
PG0499,637,1401,1323,1483,1419,832
PG0500,1964,3213,2649,4369,4085,3456
PG0501,472,790,621,1121,1070,970
PG0502,540,880,751,1229,1148,1167
PG0503,3736,5117,3839,6640,5573,7340
PG0504,1717,2177,1744,2883,2569,2845
PG0505,293,323,315,476,393,653
PG0506,92109,72413,57377,82914,55545,155973
PG0507,38,50,36,54,53,48
PG0508,419,774,568,1078,964,854
PG0509,479,661,511,925,705,1095
PG0510,925,1582,1234,2327,1997,1701
PG0511,1617,1983,1594,2816,2260,2924
PG0512,1236,1547,1305,1803,1502,1598
PG0513,2275,2636,1997,3191,2615,3140
PG0514,15461,19603,15319,24094,20639,24564
PG0515,5875,7959,6516,11301,9550,10807
PG0516,1886,2787,2341,3548,3101,2918
PG0517,3646,5074,4006,5630,4888,5323
PG0518,704,1032,808,1416,1237,1337
PG0519,88,163,152,231,223,121
PGt09,50,84,76,123,126,58
PG0520,34843,45929,35549,51606,49692,47871
predicted RNA,620,826,688,864,822,816
PG0521,3374,4981,4543,5679,5805,4446
PG0522,1060,1624,1308,1814,1597,1737
PG0523,3554,5576,4301,6272,5459,5912
PG0524,7,27,23,34,28,16
PG0525,2905,4258,3235,6808,6491,6348
PG0526,4291,5597,4327,7482,6693,8826
PG0528,5405,6902,5160,9689,8174,9098
PG0529,1854,2590,2067,3804,3433,3254
PG0530,6601,8282,6276,12119,10334,12172
PG0531,2644,3504,2862,4455,3940,4116
PG0532,221,338,245,368,311,381
PGt10,724,1252,1076,1631,1511,997
PGt11,974,1632,1397,2191,1990,1375
PGt12,1010,1624,1332,2229,1961,1404
PGt13,330,504,395,796,683,487
PG0534,2024,3375,2945,5290,4920,4103
PG0535,3714,7776,7622,8984,8787,5448
PG0536,654,1232,1217,1489,1329,923
PG0537,7389,7800,6418,9791,7908,14215
PG0538,994,1405,1847,2483,2002,1692
PG0539,373,409,555,471,402,633
PG0540,1406,1640,2106,1881,1638,1955
PG0541,236,326,489,379,292,336
PG0542,20,59,57,82,71,39
PG0543,127,232,196,240,216,160
PG0544,1745,2293,1835,2501,2065,2436
PG0545,2445,3751,3340,4266,3685,2938
PG0546,167,219,193,293,220,219
PG0547,5612,7255,6034,8245,7092,4945
PG0548,5093,6695,5230,7746,7725,7362
PG0549,1470,2039,1902,2340,1862,1921
PG0553,5553,6853,6507,8217,7337,9438
PG0554,611,1076,807,411,406,315
PG0555,6851,11718,8201,5303,5102,4057
PG0556,1547,3299,3167,3348,3402,2084
PG0557,1330,2822,2694,2828,2561,1476
PG0558,1903,2993,2765,3952,3534,2349
PG0559,868,1176,987,1393,1290,1319
PG0560,142,207,214,227,229,210
PG0561,1754,2583,1979,3030,2767,2849
PG0562,738,1313,1282,1706,1623,1181
PG0563,587,1096,1107,1098,946,696
PG0564,259,532,560,603,597,307
PG0565,1336,2775,3028,3338,3291,1814
PG0566,2367,3719,2599,4886,4664,4632
PG0568,1116,1492,1149,2249,1899,2335
PG0569,252,451,388,566,565,509
PG0571,1853,2265,1815,3015,2604,4002
PG0572,131,149,128,176,177,236
PG0573,1406,2026,1443,2455,2331,2896
PG0574,976,1782,1458,3644,3448,2168
PG0575,3009,4535,3498,5345,4954,5553
PG0576,4826,7079,5827,9429,8711,7788
PG0577,3543,4721,3465,5812,4705,5962
PG0578,4250,6064,4844,7026,6013,6075
PG0579,3334,4641,3809,5616,5037,5108
PG0580,1222,1542,1267,1957,1717,2000
PG0581,1903,2793,2344,3855,3457,3090
PG0582,723,1031,800,1212,1147,1343
PG0583,4536,6633,5633,8227,7213,6888
PG0584,2764,4882,4166,7881,8018,5241
PG0585,2344,2474,1984,2168,1629,2439
PG0587,750,912,669,1298,1036,1202
PG0588,1163,1984,1519,2895,2899,2512
PG0589,2618,4329,3404,5873,5593,4694
PG0590,104,168,153,205,170,140
PG0591,379,619,572,738,668,644
predicted RNA,397,857,830,1165,1209,523
PG0592,7129,16468,15906,22501,23801,10691
PG0593,11187,17601,14591,17066,15933,14863
PG0594,5585,6620,5077,9226,8267,10270
PG0595,9264,11037,7324,10938,8072,11821
PG0596,8730,11021,7608,11164,8175,10816
PG0597,19545,29112,22516,30672,25850,24522
PG0598,1400,1755,1414,2584,2246,2842
PG0599,3285,5133,3884,6653,6151,5805
PG0602,1704,2568,2089,3146,2716,2978
PG0603,997,1602,1373,1682,1468,1620
PG0604,736,1034,918,1095,1094,1084
PG0605,818,1488,1218,2209,2127,1554
PG0606,1245,2410,2294,4274,4089,2259
PG0607,5167,10260,9761,18572,17751,9789
PG0608,25,40,36,49,48,26
PG0609,22,37,26,33,33,19
PG0610,213,310,300,386,346,326
PG0611,1145,1876,1807,2202,1823,1516
PG0612,117,165,158,175,131,183
PG0613,539,718,662,697,575,904
PG0614,1723,2745,2984,2996,2799,2308
PG0615,1840,2741,2091,3893,3881,3379
PG0616,36742,69707,73422,70755,67458,41868
PG0617,454,528,504,538,431,807
PG0618,5216,4235,3394,4129,2235,30515
PG0619,444,542,473,664,611,1639
PG0620,7448,9837,7738,12970,11214,12455
PG0621,3006,4491,3585,5701,4982,4500
PG0622,4815,6354,5129,8840,7337,8019
PG0623,2787,3374,2898,4081,3690,4597
PG0624,1518,1670,1336,1885,1720,2458
PG0625,2358,3127,2506,3759,3311,3495
PG0626,506,722,710,942,918,829
PG0627,7001,8708,6543,9244,8293,7990
PG0628,273,395,316,566,500,429
PG0629,257,400,349,626,580,607
PG0630,960,1251,997,1687,1480,1431
PG0631,595,858,703,1183,1071,1168
PG0632,261,331,270,394,381,447
PG0633,457,659,581,985,964,881
PG0634,623,750,553,1013,872,1217
PG0635,230,246,227,278,277,340
PG0636,618,995,773,1289,1209,1108
PG0637,439,693,511,789,787,824
PG0638,465,615,487,840,754,874
PG0639,3978,5608,4609,6680,5276,6496
PG0645,531,870,679,1131,1099,1097
PG0646,624,889,721,1360,1120,1225
PG0647,690,978,784,1516,1377,1565
PG0648,1730,2890,2419,5317,4998,4335
PG0649,468,766,659,1201,1085,955
PG0650,1247,2020,1698,2982,2761,2144
PG0651,1627,1807,1346,2563,1759,2832
PGt14,224,341,288,486,366,374
PG0652,1403,1754,1364,1795,1278,2121
PG0653,7811,10235,7841,11399,9344,11668
PG0654,8775,10275,7838,11705,8018,12973
PG0655,209,393,369,540,523,239
PG0656,3943,9457,9454,13279,14029,5866
PG0657,659,1101,915,1629,1319,1291
PG0658,436,733,581,960,844,913
PG0659,566,871,653,1276,1160,1204
PG0660,917,1226,924,1684,1492,1742
PG0661,54,97,81,105,82,64
PG0662,21,32,30,35,23,19
PG0664,242,330,300,413,411,397
PG0665,415,591,526,791,781,675
PG0668,8227,10785,7969,14903,11895,18263
PG0669,14453,22291,17746,23642,22661,23018
PG0670,1156,1228,1013,1652,1409,2121
PG0671,511,681,551,974,880,955
PG0672,542,621,549,912,847,855
PG0674,3443,5240,4344,5687,5025,4675
PG0675,5368,6410,5235,8155,7181,8753
PG0676,328,627,519,812,820,643
PG0677,1344,1888,1548,2288,2174,2184
PG0678,1058,2118,1448,2246,2350,1723
PG0679,64,79,55,123,116,86
PG0680,58,98,106,127,136,74
PG0681,66,112,119,96,81,43
PG0682,51,89,83,66,86,56
PG0683,78,81,85,90,77,81
PG0684,79,136,128,257,239,171
PG0685,68,128,102,151,178,122
PG0686,1459,2242,1971,2827,2789,2946
PG0687,18693,17264,12044,18395,15381,29757
PG0689,33564,40202,29972,52576,44620,47914
PG0690,22383,25148,18903,29714,24995,31464
PG0691,4285,4931,3975,5554,4469,6181
predicted RNA,1007,1551,1398,1674,1539,1280
PG0692,104433,158238,135961,183165,161167,139726
PG0694,132999,233927,195671,278215,249523,180108
PG0695,94358,160927,132233,202716,176567,132989
predicted RNA,507,943,841,1196,1099,722
PG0698,2038,3903,3821,3867,3714,2625
PG0699,2297,3136,2586,3889,3500,3839
PG0700,34,71,67,124,112,70
PG0701,621,1189,1123,1872,1737,1277
PG0702,555,660,600,855,826,980
PG0703,631,783,674,1099,870,1176
PG0704,357,441,419,657,554,607
PG0705,1989,2704,2240,3080,2600,2981
PG0706,2697,5237,5046,5702,5459,3430
PG0707,7415,9161,7200,11550,10015,12502
PG0708,16738,20716,15411,22339,18029,22303
PG0709,7518,9948,7270,11185,9215,13059
PG0710,2111,2962,2369,3674,2815,4349
PG0711,14,37,27,30,27,21
PG0712,1739,3650,3513,3616,3787,2138
PG0713,1675,2660,2284,4218,3918,2552
PG0714,431,603,502,711,566,746
PG0715,1669,2493,2351,3583,3222,2462
PG0717,1146,2108,2105,1435,1325,917
PG0718,242,312,227,202,141,133
PG0719,519,860,812,1145,1060,857
PG0720,479,648,512,818,656,801
PG0721,1278,2423,1964,3297,2886,2513
PG0722,7,16,19,33,27,14
PG0723,130,163,164,179,178,200
PG0724,1873,2272,1938,2330,1995,2887
PG0725,398,465,394,521,447,598
PG0726,26941,58263,55876,56206,47959,33573
PG0727,2776,5684,5430,5433,4651,3445
PG0728,965,1447,1182,1913,1499,1720
PG0729,1280,1600,1380,2117,1847,1890
PG0731,2508,4249,3791,5435,4713,4017
PG0732,39,68,73,86,62,52
PG0733,948,1110,916,1609,1443,1824
PG0734,311,362,324,509,477,544
PG0735,578,786,630,1169,1103,1158
PG0736,136,184,121,215,207,233
PG0737,167,249,174,344,322,336
PG0738,304,464,349,676,656,621
PG0739,504,612,518,718,702,757
PG0740,1667,2314,1964,2307,1938,1953
PG0741,3266,5818,5711,6181,5556,4118
PG0742,8646,12634,10828,13881,11432,11282
PG0744,564,872,719,1191,1183,1000
PG0745,513,865,770,1146,987,784
PG0746,381,559,442,692,602,587
PG0747,558,836,657,941,904,896
PG0749,16,26,21,45,32,22
PGt15,32,49,41,53,49,39
PG0750,1631,3093,2653,3854,3558,2423
PG0751,518,742,624,960,818,960
PG0752,584,1000,815,1231,958,1030
PG0753,486,786,607,1245,1144,981
PG0754,3574,6087,4780,8143,7166,5955
PG0756,382,453,370,546,459,582
PG0757,230,330,241,379,298,334
PG0758,1565,1971,1793,3175,2995,3179
PG0759,1390,2107,1707,2535,2372,2260
PG0762,7379,9229,6934,11786,10078,13426
PG0766,4916,7180,5928,10494,10238,9443
PG0767,867,1320,1106,1604,1531,1531
PG0768,310,411,339,505,454,623
PG0769,2033,2425,1772,2240,1704,3029
PG0770,541,556,405,553,363,851
PG0771,274,336,255,312,258,472
PG0772,3,5,5,7,7,3
PG0773,8,11,13,12,16,8
PG0774,633,1147,1183,1427,1366,768
PGt16,10,16,15,19,13,13
PG0775,6907,7060,5446,12625,10152,15916
PG0776,2615,3292,2626,6203,5729,6120
PG0777,1971,2340,1896,4213,3824,4913
PG0778,1233,1331,1037,2062,1700,3200
PG0779,24506,42490,38946,44248,42052,30175
PG0780,27782,42336,35422,48833,42483,37890
predicted RNA,775,1079,862,1242,1061,1089
PG0781,14291,20572,16631,24817,20837,20907
PG0782,12088,14715,11432,17075,14212,21887
PGt17,475,781,727,922,839,678
PG0783,1516,2324,1887,2842,2320,2249
PG0784,1488,1948,1596,2304,1968,2178
PG0785,2624,4578,3651,5921,5641,5029
PG0786,50,114,91,126,123,90
PG0787,65,97,68,93,83,82
PG0788,1311,2034,1621,2843,2564,2627
PG0789,751,1164,925,1505,1490,1197
PG0790,2901,5002,4032,5709,5364,4825
PG0791,2366,3683,2987,4260,3460,3484
PG0792,1042,1457,1214,1936,1464,1720
PG0793,7355,9744,8136,12645,9857,11839
PG0794,5244,7141,5672,8846,7623,8589
PG0795,2261,2609,2023,2956,2382,3951
PG0796,3557,4476,3546,5501,4623,5666
PG0798,142,249,213,305,228,154
PG0799,21,61,43,59,62,44
PGt18,3,12,9,13,14,8
PG0800,467,674,498,1024,936,998
PG0801,520,728,589,945,850,970
PG0802,2214,2743,2164,3301,3059,3516
PG0803,2007,2282,1817,3165,2643,3387
PG0804,3492,4308,3322,5984,4859,6563
PG0805,518,797,644,1113,960,1084
PG0806,1325,1977,1481,2684,2451,2680
PG0807,2814,3472,2769,4313,3708,4299
PG0809,4513,6531,5106,7418,6044,7182
PG0810,209,244,206,293,223,439
PG0811,782,865,705,925,743,1187
PG0814,330,607,614,619,509,390
PG0815,124,236,217,222,183,154
PG0816,588,939,835,969,695,770
PG0819,263,399,341,467,361,335
PG0820,206,341,340,361,285,261
PG0821,107,196,164,167,160,111
PG0822,232,473,487,479,488,219
PG0823,367,767,812,916,859,503
PG0824,1018,1861,1848,1929,1819,1151
PG0825,1772,2442,2198,2568,2300,2483
PG0826,227,448,449,681,617,411
PG0827,585,795,706,1089,957,837
PG0829,202,458,366,608,604,330
PG0831,273,658,675,783,746,354
PG0832,4563,11040,10611,12068,12152,5452
PG0833,10650,24371,24217,27223,28010,12553
PG0834,11752,26803,27046,30585,31242,13077
PG0835,11,20,16,15,18,5
PG0838,611,709,578,935,897,974
PG0839,4185,8309,8284,10027,9619,5788
PG0840,16060,30997,30443,34354,32554,19869
PG0841,667,1001,802,1252,1060,954
PG0842,146,187,177,308,248,252
PG0843,48,87,67,101,101,77
PG0844,33,65,65,92,82,35
PGt19,15,39,35,48,47,16
PG0847,212,304,299,302,262,242
PG0848,2447,4790,5013,4327,4086,2498
PG0849,1277,2323,2381,2481,2275,1969
PG0850,247,462,538,540,539,295
PG0851,129,225,225,288,238,205
PG0853,4240,4801,3661,5178,4428,5191
PG0854,7260,10961,9367,13653,12849,9559
PG0855,119,195,168,234,209,135
PG0856,2303,4825,4676,5567,5474,2657
PG0857,472,851,820,922,825,532
PG0858,708,1213,1268,1358,1168,842
PG0859,1531,2273,2173,2494,2166,1995
PG0860,625,785,702,855,652,780
PG0861,5215,7289,6696,7635,6774,6806
PG0862,3845,5868,5308,6366,6147,5140
PG0864,193,240,217,270,265,196
PG0865,5029,8551,7547,11313,10281,7779
PG0866,3708,4798,4312,5153,4328,4537
PG0867,697,674,528,888,627,826
PG0868,76,104,101,167,148,126
PG0869,43,72,84,133,111,72
PG0870,74,94,81,127,121,98
PG0871,62,120,131,141,121,129
PG0872,38,66,69,58,55,37
PG0873,975,2204,2448,3181,3012,1301
PG0874,201,361,389,466,410,263
PG0875,81,127,139,186,145,100
PG0876,844,1167,859,1513,1371,1477
PG0877,354,402,355,626,496,684
PG0879,62,88,76,82,67,66
PG0880,566,817,768,1010,956,756
PG0881,2170,3652,3349,5357,5301,3733
PG0882,1257,1643,1289,1854,1591,2019
PG0883,1032,1441,1145,1759,1593,1710
PG0884,1019,1237,967,1630,1352,1626
PG0885,617,777,662,947,813,997
PG0886,2546,4161,4095,3896,3437,2985
PG0888,382,521,434,428,391,416
PG0889,3030,3336,2633,2744,2378,3740
PG0890,11709,15585,12620,13379,10533,13203
PG0893,345,657,561,773,715,524
PG0894,180,279,236,306,269,263
PGt20,14,30,24,43,48,22
PG0896,752,1128,907,1521,1292,1385
PG0897,472,638,568,703,619,682
PG0898,442,659,607,706,539,631
PG0899,1020,1311,1062,1550,1263,1483
PG0900,1387,1490,1230,1760,1336,3924
PG0901,423,736,691,1027,740,1993
PG0902,280,372,317,458,419,557
PG0903,6000,7255,5570,9477,7392,8762
PG0906,14729,20850,17821,24303,18875,22235
PG0908,608,831,657,1043,861,1110
PG0909,2144,2768,2152,3683,3204,3992
PG0910,1753,2816,2424,4778,3934,3297
PG0912,4994,9166,8479,11594,10823,6135
PG0914,1233,2372,2846,2313,2134,1778
PG0915,23,45,41,77,58,47
PGt21,14,26,24,34,35,17
PG0917,258,472,436,506,491,332
PG0918,778,935,793,1148,874,985
PG0919,730,923,756,1038,974,1086
PG0920,552,857,696,962,858,951
PG0922,1014,1371,1131,1822,1597,1861
PG0923,242,351,296,396,359,437
PG0924,308,392,361,585,526,645
PG0925,874,1385,1208,2060,1958,1541
PG0926,304,471,416,578,502,448
PG0927,544,799,736,971,906,860
PG0928,1285,1547,1337,1883,1656,2177
PG0929,226,383,372,367,376,288
PG0930,39,58,49,44,48,51
PG0932,1046,1812,1385,1955,1932,1710
PG0933,8825,12734,12462,14235,12241,12193
PG0934,735,1014,835,1239,1111,1080
PG0935,489,676,559,707,648,752
PG0936,630,825,715,929,857,1099
PG0937,634,767,627,1040,864,1075
PG0938,532,990,886,1131,1132,836
PG0942,372,632,535,703,625,470
PG0943,691,1124,937,1309,1172,966
PG0945,1639,2209,1511,2374,2062,3151
PG0946,1114,1744,1511,2449,2398,2173
PG0947,605,711,592,935,743,1020
PG0948,932,1303,1084,1889,1670,1809
PG0949,736,926,742,1292,1104,1271
PG0950,5511,7043,5171,7264,5856,7640
PG0951,5381,7525,5450,7740,6285,7222
PG0952,4279,5765,4420,7481,6433,7325
PG0953,532,464,386,587,464,798
PG0954,2279,2751,2156,3525,2773,3840
PG0955,782,968,724,1193,935,1450
PG0956,1715,2713,2265,3265,2920,2596
PG0957,923,1421,1220,1776,1651,1447
PG0958,2560,4124,3441,6021,5214,4315
PG0959,4344,7655,6052,9810,8935,7258
PG0960,1195,1641,1333,2059,2040,1967
PG0961,991,1269,1063,1551,1453,1495
PG0962,7389,9403,7512,12326,10042,11622
PG0963,508,791,677,959,870,765
PG0965,976,1655,1387,2359,2054,1867
PG0968,1706,3445,3524,3381,3012,2187
PGt22,105,209,218,219,195,105
PG0969,881,1202,916,1540,1311,1392
PG0970,3267,4589,3869,5151,4198,3643
PG0971,2835,4572,4522,4967,4351,4124
PG0972,2045,3406,3408,3566,2975,2368
PG0973,1445,2457,2211,2947,2663,2280
PG0975,1574,2011,1687,3427,3192,3269
PG0976,874,1392,1103,1646,1555,1454
PG0977,1100,1463,1283,1680,1466,1552
PG0978,838,1191,964,1681,1536,1474
PG0979,87,109,77,120,122,166
PG0980,1221,1522,1361,1959,1732,1766
PGt23,15,35,37,35,46,14
PG0982,6362,12472,13418,13766,13354,8609
PG0984,119,214,187,213,189,148
PG0985,1295,2072,1614,1983,2000,1747
PG0986,541,783,644,783,712,677
PG0987,4223,6914,5326,4910,4460,4463
PG0989,16617,32710,28927,35498,32254,22704
PG0990,12809,25401,22655,27663,25467,17766
PG0991,15816,25874,21748,26919,22431,18200
PG0992,14891,20818,16648,24153,20690,20170
PG0994,6,15,18,26,24,15
PG0995,3,4,6,6,8,4
PG0996,326,494,474,620,523,515
PG0997,335,453,432,494,410,483
PG0998,156,213,198,231,167,227
PG0999,829,1170,1091,1297,1015,1151
PG1000,942,1303,1395,1233,1036,1054
PG1001,925,1474,1580,1329,1157,989
PG1002,683,1119,1173,1043,956,754
PG1003,1722,3126,3290,2968,2593,1844
PG1004,1100,1616,1567,1792,1772,1686
PG1005,172,263,253,397,341,353
PG1006,464,689,674,900,845,713
PG1007,113,169,172,204,189,210
PG1008,351,438,436,576,519,514
PG1009,613,974,923,1489,1443,1063
PG1010,761,991,846,1312,1183,1276
PG1012,1096,1926,1622,2206,2014,1723
PG1013,3673,4810,3745,4933,3819,5300
PG1014,3958,5347,5003,5608,4848,4906
PG1015,151,258,255,360,331,230
PG1017,9989,14625,11583,19983,19487,18092
PG1018,48,68,59,78,68,51
PG1019,93,123,117,197,165,193
PG1020,50,77,68,114,101,107
PG1021,1,3,3,6,3,1
PG1022,119,137,105,212,171,172
PG1024,11,11,15,19,20,12
PG1025,1656,2130,1728,2349,1919,2527
PG1026,1138,1736,1564,1804,1696,1510
PG1027,648,916,747,1163,920,964
PG1028,14950,20631,15896,27115,22827,24927
PG1029,32,50,50,58,57,35
PG1030,4080,7744,8935,6791,6196,4464
PG1031,1768,2436,2202,2618,2344,2491
PG1032,137,250,297,299,274,200
PG1033,4483,6261,4895,8469,6664,7331
PG1034,1901,2255,1726,2897,2379,2749
PG1035,2400,3251,2518,4454,3950,4248
PG1036,11755,16173,13741,17065,14195,15480
PG1037,63888,89550,73643,97836,81916,80382
PG1038,5521,8085,6663,11039,9726,8607
PG1039,2706,3602,3088,5139,4571,4894
PG1040,162,158,122,183,152,232
PG1041,572,852,779,1155,916,959
PG1042,342,532,417,549,513,523
PG1043,1029,1778,1546,2086,2037,1539
PG1044,393,577,483,696,647,650
PGt24,55,88,80,116,98,87
PG1048,4924,7378,6316,10480,8811,8869
PG1049,4468,6666,5237,9416,8090,7679
PG1050,3330,4840,3814,6526,5503,5675
PG1051,5541,7418,6254,9465,7742,7371
PG1052,1320,2054,1845,2476,2139,1775
PG1053,1624,2642,2390,3459,2961,2401
PG1055,529,850,728,1014,850,741
PG1056,1959,3724,3364,5112,4565,3059
PG1057,742,1109,781,1326,1132,1176
PG1058,1012,1384,1185,2233,2072,2206
PG1059,35,65,70,106,82,76
PG1060,8862,12786,10620,15416,12996,12723
PG1061,1242,1920,1913,2140,1834,1386
PG1063,437,462,386,456,373,427
PG1064,1599,2628,2166,3232,2909,2431
PG1065,1419,2199,1770,2610,2301,2208
PG1066,3185,5088,4266,6249,5771,5078
PG1067,1590,2713,2351,3413,3199,2324
PG1068,1716,2396,1894,2913,2512,2462
PG1069,10987,14894,10968,16723,14840,15157
PG1070,6254,7911,6060,8465,7231,8339
PG1071,4166,5536,4603,6095,5321,5186
PG1072,4664,5469,4445,5713,5030,5850
PG1073,9036,13031,11227,13985,12237,10350
PG1074,2846,4607,4020,5736,5329,3994
PG1075,424,688,568,841,877,705
PG1076,7034,6771,5611,9804,8933,10909
PG1077,6231,5951,4788,7638,6644,9600
PG1078,11291,12615,9157,14717,12723,17502
PG1079,946,996,773,1117,1065,1280
PG1080,1817,2006,1713,2388,2110,2180
PG1081,7238,6522,4862,8071,6646,12363
PG1082,7412,8606,7160,11067,9191,11567
PG1083,2025,3557,3452,4223,3722,2413
PG1084,30668,51951,42199,60306,56265,39537
PG1085,9062,20816,21762,21982,24006,11759
PG1087,603,830,682,854,642,864
PG1088,582,714,632,646,563,583
PG1089,17086,34071,33530,25965,23869,17469
PG1091,1041,1361,1142,1745,1642,1509
PG1093,642,1113,958,1444,1483,1156
PG1094,1472,2050,1562,2197,2067,2321
PG1095,400,506,405,683,614,574
PG1096,1832,2695,2244,3712,3090,3037
PG1097,3415,4869,3960,5219,4469,4410
PG1098,843,1166,901,1702,1369,1370
PGt25,74,154,148,196,197,86
PGt26,73,160,142,188,192,90
PG1099,150,264,225,324,333,231
PG1100,236,402,339,532,561,415
PG1101,771,1167,964,1699,1605,1348
PG1102,1833,2489,2196,2957,2630,3216
PG1103,334,421,374,580,572,663
PG1104,621,972,781,924,753,782
PG1105,6137,8965,7071,9877,8246,8873
PG1106,3966,5033,3831,6339,5502,6517
PG1107,2281,5233,5189,6117,6247,3119
PG1108,5037,12380,11186,12767,13410,7523
PG1109,275,433,364,461,350,374
PG1110,223,522,477,360,370,195
PG1112,57,88,71,94,79,108
PG1113,168,286,223,363,335,306
PG1114,3252,6443,5935,9057,8942,4671
PG1115,5773,8587,6658,11593,10664,10516
PG1116,2747,4092,3304,5387,5158,4982
PG1117,109,118,83,175,116,161
PG1118,1712,3156,2854,3429,3684,1924
PG1119,519,558,481,604,517,984
PG1121,10679,15223,12035,16302,13810,14948
PG1123,14740,19537,16701,18684,15511,17158
PG1124,2680,3670,3487,3411,2931,3352
PG1125,484,689,506,685,592,670
PG1126,736,828,659,906,816,1065
PG1127,1566,1703,1453,1774,1362,2145
PG1128,771,988,804,1321,1127,1227
PG1129,986,1563,1415,1632,1493,1361
PG1130,3560,7955,9075,7836,7675,5016
PG1132,3352,5083,3809,7260,6645,6078
PG1133,3528,4798,3674,6844,5012,5763
PGt27,143,217,182,269,225,204
PG1134,3283,4736,3815,5283,4987,4669
PG1135,1843,3782,3784,4416,3939,2155
PG1136,1914,3183,2832,3738,3091,2766
PG1137,1210,1872,1580,2104,1763,1720
PG1138,2695,5040,4589,5328,4919,3525
PG1139,5409,10722,10169,10441,10069,6627
PG1140,4468,8146,7211,8082,6975,5431
PG1141,5538,10944,10187,11693,10506,7314
PG1142,3059,5974,5666,8066,8190,4593
PG1143,5342,7074,5660,9092,7799,7958
PG1145,1889,3047,2429,4205,3954,3404
PG1148,2,6,5,13,10,2
PG1149,2679,4930,5109,4434,3934,2956
PG1150,582,1018,971,916,836,702
PG1151,3690,5283,4619,5211,4467,4800
PG1152,20337,44470,49362,41431,43079,20623
PG1153,4417,4661,3852,4803,3781,5704
PG1154,234,245,202,267,230,365
PG1155,835,1097,957,1108,1042,1124
PG1156,2204,3606,3109,3122,2824,2209
PG1159,1084,1374,1118,1431,1111,1452
PG1160,958,1178,974,1339,1108,1440
PG1162,498,829,675,922,922,892
PG1163,1079,1805,1425,1963,2017,1764
PG1164,3305,4410,3641,5504,5005,5655
PG1165,1577,2272,1846,2936,2540,2708
PG1166,6,15,11,9,17,10
PG1167,10,24,22,14,23,10
PG1169,11,14,15,19,17,17
PG1170,290,392,306,593,596,599
PG1171,636,1170,1194,1693,1740,1073
PG1172,1355,2111,1831,2697,2520,2436
PG1173,1011,1557,1440,1894,1734,1570
PG1174,652,861,804,898,747,713
PG1175,250,346,369,353,317,289
PG1176,112,114,118,145,89,123
PG1177,1747,2390,2149,2535,2259,2453
PG1178,86,166,132,174,137,109
PG1179,47,62,54,77,84,64
PG1180,91,153,154,188,152,192
PG1181,35,55,63,77,66,104
PG1184,546,638,578,810,759,925
PG1185,590,873,705,1074,919,1087
PG1186,1162,1865,1579,2655,2272,1915
PG1189,17861,26492,22826,30728,26022,25528
PG1190,1098,1503,1204,1409,1216,1444
PG1195,1638,2415,2007,2785,2410,2332
PG1196,101,102,93,109,86,134
PG1197,1751,2400,2152,2537,2267,2459
PG1198,43,79,66,77,73,51
PG1199,464,859,879,952,865,582
PG1200,695,1330,1420,1278,1337,760
PG1202,3703,7927,8156,7436,7780,3908
PG1203,270,552,609,599,652,363
PG1205,900,1778,1910,1355,1335,709
PG1206,89,175,141,146,142,88
PG1207,64,106,88,96,88,65
PG1208,19530,22723,17899,25845,27585,24479
PG1209,2628,4720,4499,6720,5798,3610
PG1210,1981,2247,1970,2638,2491,2827
PG1211,547,760,758,1007,892,669
PG1212,633,850,782,1138,1085,936
PG1213,317,505,429,652,549,425
PG1214,186,284,267,361,341,281
PG1215,2804,3562,2947,5049,4354,4984
PG1216,405,489,376,581,489,670
PG1217,2514,2793,2091,3454,2853,3596
PG1218,3341,4087,2978,4823,3932,4439
PG1219,1383,2266,2141,2366,2029,2056
PG1220,1101,1391,1108,1558,1454,1666
PG1221,467,586,479,648,626,662
PG1222,53,111,82,115,101,121
PG1223,133,310,320,389,404,163
PG1225,408,648,531,809,783,799
PG1226,295,370,283,422,388,476
PG1229,21,25,35,41,40,20
PG1230,1519,1808,1553,2223,1938,2695
PG1232,31495,36956,28289,35326,31126,44943
PG1233,91,175,147,229,245,126
PG1234,138,232,192,225,206,162
PG1235,5001,7708,6146,8834,7842,8424
PG1236,1576,2493,2258,2985,2461,2523
PG1237,956,1135,857,1423,1049,1505
PG1239,7103,9450,7227,12967,11621,14862
PG1240,3002,5105,4529,8936,8322,6905
PGt28,47,106,95,158,160,70
PG1241,3107,5165,4278,6968,6479,5738
PG1242,1920,2494,2058,3366,2767,3122
PG1244,1503,2034,1932,2308,1822,1866
PG1246,3722,5596,4437,5866,5605,5114
PG1247,1866,2859,2079,3231,2887,2777
PGt29,125,170,157,175,129,126
PG1248,814,984,761,1204,983,1094
PG1249,486,633,617,905,877,830
PG1250,1823,4049,4209,5218,5255,3077
PG1251,118,157,95,167,131,116
PG1252,1539,1987,1426,2032,1723,2046
PG1253,1568,2107,1633,3182,2621,3234
PG1254,574,740,616,928,812,870
PG1255,1097,1382,1076,1653,1372,1429
PG1256,10836,15455,11259,14609,13060,14310
PG1257,1995,3818,3636,3630,3769,2422
PG1258,7853,15935,15222,16077,16414,10413
PG1259,6783,10985,8867,12482,10328,8569
PG1260,41177,55245,44730,66031,55286,58582
PG1261,1535,2442,2112,2772,2341,1893
PG1262,393,666,629,894,741,433
PG5SB,1,13,50,8,12,2
PG23SB,11836,18560,12882,19423,10847,7450
PGt30,3689,8683,6856,26238,26151,12788
PGt31,9094,21545,17458,71785,71707,35257
PG1264,22922,53694,44381,170645,170427,83769
PG1265,1065,1782,1467,4096,3860,2414
PG16SB,7064,12052,8266,10371,4772,3779
PG1266,1415,3102,2866,6857,6895,3739
predicted RNA,171,363,318,755,746,423
PG1267,4355,8849,7546,16122,15041,9710
PG1268,71,110,135,143,134,103
PG1269,1983,2358,2525,2735,2382,2693
PG1270,1812,2171,2312,2713,2215,2626
PG1271,4180,5300,6112,7085,5817,6171
PG1273,1,3,3,3,4,5
PG1274,472,673,499,797,698,907
PG1276,2390,3662,2615,4974,4779,4727
PG1277,3926,6940,6296,7454,6836,5244
PG1278,19647,22819,18428,26183,23353,21740
PG1279,6654,6456,5090,7879,6313,9082
PG1280,10449,11024,8921,12775,10854,14173
PG1281,880,1348,1177,1602,1361,1442
PG1282,311,447,393,619,517,574
PG1283,3068,3924,2911,4999,4134,5945
PG1285,808,1322,1128,1910,1930,1675
PG1286,12214,17252,13312,17415,16492,20447
PG1288,1289,1870,1493,2887,2500,2490
PG1289,757,1032,797,1421,1363,1361
PG1290,13422,20547,15909,19375,17713,18122
PG1291,3200,4520,4368,4622,3964,3590
PG1294,505,725,602,1036,895,928
PG1296,183,236,186,293,247,326
PG1297,26701,30891,22426,38537,32787,42975
PG1300,374,440,360,586,446,601
PG1301,1321,1874,1456,2502,2196,2295
PG1302,13681,16149,11912,20160,16936,22429
PG1303,1064,1265,968,1397,1127,1460
PG1304,1988,2651,2173,3106,2559,2599
PG1305,4440,6346,5254,7816,7569,7304
PG1306,260,431,359,688,765,617
PG1307,1061,1642,1339,2129,1980,1925
PG1308,2922,4704,4082,6535,5466,4794
PG1310,297,460,359,539,459,546
PG1311,339,548,462,683,610,605
PG1312,487,756,695,1001,896,781
PG1313,7689,9777,8133,10629,8813,12048
PGt32,166,284,265,372,340,246
PG1314,2121,2979,2257,3565,2986,3420
PG1315,15112,24848,22217,23168,17891,18059
PG1316,4414,4860,3702,5018,3608,6506
PG1317,4874,5350,4176,5674,4513,7547
PG1318,2480,4352,3875,7480,6500,4859
PG1320,273,409,338,422,364,361
PG1321,4738,6023,4851,5371,4372,5520
PG1323,5747,8279,7531,10228,9097,7996
PG1324,667,891,635,1129,992,1222
PG1325,440,629,547,763,624,787
PG1326,1383,1880,1828,2000,1662,1860
PG1327,4563,6978,6553,7783,7376,7049
PG1328,3746,5387,4767,7487,7012,6782
PG1330,1551,2532,2342,3048,2681,2369
PG1332,4417,5389,4041,6708,5918,7573
PG1333,1429,1771,1286,2096,1647,2574
PG1334,3033,4157,3411,4573,3681,4894
PG1335,392,469,438,712,663,813
PG1337,204,295,235,353,270,332
PG1338,558,929,660,1092,866,954
PG1340,3579,5357,4351,6305,5424,5395
PG1341,25759,51099,48248,63404,54797,35850
PG1342,4650,8144,7510,10316,8623,7204
PG1343,715,901,753,1410,1235,1190
PG1345,269,283,245,467,416,479
PG1346,392,567,449,746,658,743
PG1347,561,895,817,1017,812,820
PG1348,624,740,611,932,791,1105
PG1350,5183,8779,7761,11639,10577,7958
PG1351,448,609,526,662,579,683
PG1352,1918,2417,2006,2130,1927,2352
PG1353,2846,4184,3957,4913,4138,4007
PG1354,1405,2022,1641,2302,2138,2152
PG1355,1315,1857,1480,2137,1761,2063
PG1356,1236,2383,2175,2889,2621,1761
PG1357,162,313,379,294,270,141
PG1358,1347,2947,3185,2956,2836,1526
PG1359,448,472,404,554,423,804
PG1360,4062,5771,4184,7553,6413,7163
PG1361,4850,6085,4861,8204,7382,9463
PG1362,3880,5265,4309,6947,5870,6849
PG1363,10,15,18,17,8,12
PG1364,1914,2950,2516,4277,3872,3505
PG1365,1525,2286,1955,3338,2750,2522
PG1366,2722,3831,2840,4863,4224,5028
PG1367,1359,2154,1890,2529,2222,1946
PG1368,2777,3719,3068,5049,4255,4701
PG1369,2717,3295,2627,4493,3813,4878
PG1370,8527,11206,8803,13702,11292,14210
PG1371,1667,2542,2233,3843,3450,3052
PG1372,2603,3466,2809,4732,4016,4672
PG1373,42,65,54,102,82,73
PG1374,5265,6868,4322,12152,9011,10739
PG1375,69,99,91,171,148,144
PG1378,203,286,257,329,325,371
PG1379,1645,1839,1550,2523,1832,2422
PG1380,440,578,470,703,592,818
PG1381,348,460,359,532,452,736
PG1382,5808,8754,6883,9865,8462,7836
PG1383,938,1346,991,2113,1904,1849
PG1385,16240,18453,13683,19832,15310,25654
PG1386,9221,13235,10723,16415,15129,16828
PG1387,643,863,712,1050,1128,1391
PG1388,436,752,593,933,932,888
PG1389,757,1262,1042,1451,1266,1165
PG1391,595,791,619,874,839,874
PG1392,878,1522,1284,2897,2711,2093
PG1393,551,946,780,1310,1312,1123
PG1394,405,460,414,723,676,757
PG1395,1143,1912,1573,2233,2193,1576
PG1396,2462,3899,3047,4424,4231,3950
PG1397,11860,18574,16008,22750,19651,18149
PG1398,1,4,8,5,9,3
PG1401,10227,12743,10571,14759,12326,16031
PG1402,681,1175,1019,1417,1247,1112
PG1403,1470,2021,1710,2451,2120,2428
PG1404,714,933,731,1067,908,1248
PG1405,3130,3807,3270,5492,4867,6277
PG1407,148,147,144,187,143,179
PG1408,1056,1520,1187,2096,1779,1949
PG1409,1219,1984,1653,2011,1784,1516
PG1410,339,512,414,561,496,448
PG1411,2365,3463,2636,4496,4178,4684
predicted RNA,500884,1090551,1140087,1034908,1063590,514575
PG1414,9038,10224,7857,12479,10351,14985
PG1416,2386,3500,3047,4385,3906,3618
PG1417,3377,4745,3659,5289,4864,5287
PG1418,1747,2655,2293,3784,3415,3144
PG1419,461,753,645,873,762,584
PG1420,715,1162,960,1345,1203,987
PG1421,8436,19788,21893,24010,25457,12006
predicted RNA,466,1099,1218,1268,1318,577
PG1422,1287,1941,1728,2369,2046,1863
PG1423,103,124,117,152,135,142
PG1424,15594,19022,14301,19651,14700,27269
PG1426,14,29,28,36,30,17
PG1427,7964,11198,8633,11985,9960,10745
PG1428,2233,2659,1910,2883,2003,2862
PG1429,313,361,269,384,286,384
PG1430,10655,16969,14454,19317,16838,13912
PG1431,2817,6138,6332,6371,5882,2954
PG1432,3651,7736,7933,7551,7306,4189
PG1433,391,466,378,631,527,674
PG1434,1196,1555,1201,2279,1834,2328
PGt33,74,134,141,159,153,72
PG1435,8459,17317,14949,23318,22490,14002
PG1436,1061,2317,2247,2525,2605,1420
PG1439,2704,6058,6022,7730,8175,3842
PG1440,1215,2727,2697,3584,3728,1657
PG1441,112,244,268,213,234,125
PG1442,401,974,954,784,860,411
PG1444,242,531,480,543,520,339
PG1446,647,927,826,1252,1101,928
PG1447,266,510,506,768,693,457
PG1448,1772,2442,2198,2568,2300,2483
PG1449,1018,1861,1848,1929,1819,1151
PG1450,367,767,812,916,859,503
PG1451,705,1580,1563,1369,1488,634
PG1452,117,211,178,181,180,119
PG1453,206,341,340,361,285,261
PG1454,261,394,336,464,358,333
PG1457,269,541,492,505,457,352
PG1458,524,1131,1180,949,958,503
PG1459,28,59,55,54,56,32
PG1460,11,17,10,19,13,23
PG1461,14,40,34,44,40,40
PG1462,16,23,24,22,25,19
PG1463,24,38,40,45,45,37
PG1465,107,109,113,178,160,219
PG1466,114,180,120,170,148,194
PG1467,268,455,376,510,444,367
PG1469,17981,41156,41170,47219,48270,22101
PG1470,10,29,28,28,26,24
PG1471,2665,4545,4269,6256,5987,3480
PG1472,1573,1975,1624,2748,2362,2295
PG1473,171,253,245,319,273,236
PG1474,83,114,93,151,114,97
PG1475,98,149,128,202,175,142
PG1476,151,196,174,274,228,167
PG1477,9,18,14,19,21,20
PG1478,20,42,28,57,48,40
PG1479,67,83,77,140,105,106
PG1480,47,64,70,93,78,45
PG1481,133,215,162,255,253,138
PG1482,28,64,52,71,83,32
PG1483,19,39,29,40,53,18
PG1484,225,403,321,401,390,245
PG1485,11,10,10,19,13,6
PG1486,16,21,19,41,35,15
PG1487,42,77,71,98,92,39
PG1488,32,43,42,62,54,39
PG1489,22,47,42,55,56,45
PG1490,138,215,177,251,219,205
PG1491,3310,7356,8747,10047,9792,4944
PG1492,6399,13345,16187,16674,16713,8669
PG1493,10729,21223,25067,25354,24536,13825
PG1494,173,277,232,276,258,221
PG1495,51,117,67,89,130,72
PG1496,9,21,16,21,19,15
PG1497,308,691,584,616,742,428
PG1498,2219,2709,2495,3028,2559,3111
PG1499,1285,1796,1720,1997,1697,1660
PG1500,1408,2096,2000,3036,2516,2036
PG1501,4560,9544,9342,15055,14102,6497
PG1503,28288,45951,42397,51560,44197,38038
PG1504,27967,50430,49231,55182,50342,34158
PG1505,14896,25608,24297,29154,25890,18043
PG1507,39445,54706,47356,61024,51678,53318
PG1508,35477,66471,64985,59130,52438,36012
PG1509,3385,5381,4762,6473,5387,3700
PG1510,558,906,808,1240,1037,663
PG1511,388,672,623,967,841,475
PG1512,388,622,580,909,754,473
PG1513,2090,4452,4548,5263,5421,2389
PG1514,1879,4097,4161,4317,4286,2129
PG1515,1591,3596,3614,3619,3664,1748
PG1516,1879,4278,4364,4610,4613,2113
PG1519,1004,2224,2359,2504,2518,1121
PG1521,109,222,188,355,336,240
PG1522,59,145,103,176,169,164
PG1523,85,119,93,189,164,150
PG1524,313,587,451,950,938,749
PG1525,354,529,403,658,575,648
PG1526,1004,1527,1378,1879,1725,1482
PG1527,6,14,11,13,16,13
PG1528,2153,4826,4798,4575,4272,2629
PG1529,3938,8776,8935,7561,7814,3974
PG1530,2175,4801,5081,4052,4153,1975
PG1532,86,225,196,208,220,100
PG1533,400,796,821,935,899,554
PG1534,56,81,84,102,73,79
PG1535,57,62,59,63,53,51
predicted RNA,3384,7897,7961,10713,11163,4444
PG1536,720,1009,791,1439,1238,1547
PG1537,253,368,313,612,621,597
PG1538,823,1019,725,1248,1053,1524
PG1540,9325,13018,11147,13509,12217,12236
PG1541,1653,2765,2577,3002,2764,2186
PG1542,1476,1922,1592,2114,1832,2204
PG1543,1689,2298,1861,2287,1814,2391
PG1544,469,594,438,759,655,760
PG1545,9602,11684,9726,11966,10066,15614
PG1546,234,302,273,319,276,292
PG1547,302,401,365,453,365,278
PGt34,48,82,78,98,79,83
PG1549,30,55,62,94,77,36
PG1551,1803,3760,2521,5095,4579,4467
PG1552,573,742,598,968,817,1024
PG1553,426,672,523,915,804,789
PG1554,11,17,17,34,36,33
PG1555,10,26,14,25,24,28
PG1556,19,24,21,44,36,37
PG1559,4339,5672,4658,6488,5696,7198
PG1560,2980,4136,3353,5420,4902,4785
PG1561,1995,2778,2127,3427,2839,3391
PG1562,3535,5070,3908,6117,5071,5463
PG1563,6444,9411,8051,11878,10361,9786
PG1564,2314,3562,2754,4236,3613,3527
PG1565,514,790,659,1136,1044,1050
PG1566,1715,2160,1730,3332,2741,3248
PG1570,68,138,130,138,144,86
PG1571,62,87,72,97,115,94
PG1572,63,124,115,126,148,109
PG1573,254,453,425,433,394,368
PG1574,25,49,52,75,73,47
PG1576,1618,2773,2230,3658,3448,3187
PG1577,1444,2018,1601,2500,2384,2414
PG1578,1738,2116,1630,2452,2162,3096
PG1579,6985,9207,6883,9283,7635,10698
PG1580,6371,9489,7700,10964,9313,10122
PG1581,3767,4889,3634,5443,4314,5983
PG1582,6774,9008,7106,10360,8499,9885
PG1583,6495,8106,6501,9342,7486,8449
PG1584,2732,3647,3005,3852,3190,3515
PG1585,3669,5053,4182,6134,4916,6429
PG1586,1826,2356,1703,2940,2454,3366
PG1587,1392,1922,1654,2343,2023,2185
PG1588,654,791,738,1005,818,955
PG1589,250,399,353,576,621,553
PG1591,13180,29474,30975,29220,30444,14582
PGt35,289,637,680,628,639,291
PG1592,2196,3116,2455,4093,3276,3958
PG1593,620,906,761,1267,1105,1072
PG1594,369,539,454,743,706,646
PG1595,736,1218,980,1689,1481,1411
PG1596,5638,8676,6785,12118,12460,11142
PG1597,2938,4972,4338,6410,5982,5202
PG1598,3585,4901,3570,5830,5058,6117
PG1599,4623,7517,6024,10088,8368,6952
PG1600,1311,1768,1686,2054,1533,1671
PG1601,494,549,445,614,501,806
PG1602,707,1008,886,1307,1106,1221
PG1603,1202,1687,1327,1920,1524,2065
PG1604,3799,5631,4325,6918,5987,6807
PG1605,3608,3505,2982,3619,3191,6183
PG1606,948,1971,2011,2494,2626,1290
PG1608,7576,10544,8443,15934,13187,15843
PG1609,2564,3443,2687,4642,3779,4644
PG1610,484,585,501,629,581,770
PG1611,3568,5277,4470,6930,6446,5076
PG1612,8107,10775,9212,13769,11982,11541
PG1613,3301,5569,5281,6347,5555,4461
PG1614,8852,12998,9645,17948,16296,16775
PG1615,14018,17771,13485,24571,22246,26686
PG1616,6601,6890,5044,9844,7340,11080
PG1617,228,283,240,407,320,328
PG1618,425,528,402,724,612,789
PG1619,284,431,316,584,540,605
PG1620,659,962,787,1323,1177,1273
PG1621,597,936,729,1180,1139,1071
PG1622,2952,4321,3603,6025,5546,5329
PG1623,962,1453,1175,2276,2211,1957
PG1624,1745,2389,2151,2536,2267,2453
PG1625,3776,7226,6482,7727,7394,5436
PG1626,3621,4979,3974,5086,4155,4957
PG1630,29,47,54,57,58,37
PG1632,511,737,537,854,841,882
PG1633,1603,2376,1976,1966,1722,2003
PG1634,2190,3318,2997,2802,2274,2278
PG1635,568,701,622,869,798,1012
PG1636,1744,2419,2033,3486,3198,3524
PG1638,418,576,458,509,494,576
PG1639,40,65,55,73,70,63
PG1640,791,1439,1107,1619,1836,1281
PG1641,508,1056,749,1267,1359,813
PG1644,307,458,453,561,474,492
PG1645,102,157,155,192,162,138
PG1647,498,900,711,1215,1215,1091
PG1648,916,1408,1246,1632,1616,1550
PG1649,39,60,39,58,56,49
PG1651,2152,2727,2455,3644,3357,3709
PG1652,1268,1680,1453,2068,1901,2037
PG1653,1391,1815,1573,2237,1981,2497
PG1654,708,925,789,1011,894,888
PG1655,60,69,73,87,67,62
PG1656,2944,5012,4506,6655,6326,4577
PG1657,1893,3075,2459,3723,3634,2726
PG1658,3659,5191,4365,5781,4756,4142
PG1659,145,191,161,235,181,218
PG1660,411,655,658,798,791,595
PG1661,113,231,179,351,262,222
PG1662,221,283,223,361,270,346
PG1663,409,585,469,796,711,685
PG1664,421,450,431,668,597,677
PG1665,359,480,421,586,561,553
PG1666,412,594,497,723,669,695
PG1667,411,634,513,795,678,655
PG5SC,1,12,49,8,12,2
PG23SC,11836,18560,12882,19423,10847,7450
PGt36,3689,8683,6856,26238,26151,12788
PGt37,9094,21545,17458,71785,71707,35257
PG1669,22922,53694,44381,170645,170427,83769
PG1670,1065,1782,1467,4096,3860,2414
PG16SC,7066,12062,8271,10379,4780,3784
PG1671,3222,6979,6188,12370,12037,6619
PG1672,6834,14003,11695,25259,23513,14766
PG1673,2418,3558,3002,3846,3313,2793
PG1675,3,3,2,2,4,3
PG1676,5779,9901,8709,11615,12406,8271
PG1677,1438,1859,1532,2211,1924,2257
PG1678,8,11,13,13,9,9
PG1679,142,166,127,147,124,165
PG1681,1714,2862,2875,5182,4583,3398
PG1682,671,919,786,1096,949,1278
PG1683,1271,1635,1445,2089,1694,2235
PG1684,3299,4744,4266,6457,5667,4978
PG1685,1206,2288,2209,2217,1910,1429
PG1687,2025,2915,2272,3171,2465,2463
PG1688,2075,3325,2860,4264,3884,2782
PG1690,351,552,421,656,571,644
PG1691,150,191,179,203,182,271
PG1692,316,510,497,755,739,599
PG1693,531,994,850,1320,1296,1070
PG1694,648,1133,951,1343,1383,1257
PG1695,58,158,160,213,209,86
PG1696,2328,3637,3372,4128,3644,3245
PG1697,3648,5691,5079,6581,6082,5382
PG1701,2145,2790,2032,3861,3181,4535
PG1702,17317,23406,17358,29132,24366,28349
PG1703,7274,11560,8854,17236,17652,12652
PG1704,11106,11933,9289,13482,10955,19569
PG1706,1424,1759,1343,2371,1887,2862
PG1707,2164,3448,3027,4552,3800,3959
PG1709,78,139,131,161,151,123
PG1710,509,791,702,963,776,857
PG1711,1297,1922,1396,2413,2053,2405
PG1712,2391,4425,3959,5579,5695,3715
PG1713,472,640,473,936,830,944
PG1714,985,1298,1148,1815,1535,1650
PG1715,14030,23280,19629,29984,26191,26110
PG1718,13,22,25,27,36,25
PG1719,1284,1911,1441,2591,2329,2331
PG1720,1572,2226,1716,2704,2437,2722
PG1721,1682,2073,1757,2657,2497,2762
PG1722,125,217,204,259,228,142
PGt38,114,167,143,194,155,139
PG1723,7610,8729,6403,9258,7165,11430
PGt39,1618,1854,1382,2125,1738,2402
PG1724,1121,1576,1216,2078,1815,1901
PG1725,202,286,215,327,339,370
PG1726,4054,5357,4149,6129,4957,7181
PG1727,1607,2276,1689,2757,2362,2672
PG1728,1311,1936,1609,2231,1795,1764
PG1729,10688,20456,19390,18717,15999,14647
PG1730,575,795,566,1037,838,1016
PG1731,664,807,667,1005,774,1049
PG1732,566,703,600,870,700,875
PG1733,237,328,271,294,224,322
PG1734,264,412,361,420,354,404
PG1735,202,388,339,352,324,254
PG1738,472,566,438,713,508,779
PG1739,657,923,747,1149,946,1021
PG1741,5405,7390,5899,9704,8530,10053
PG1742,43,53,43,60,64,80
PG1743,803,1349,1153,1830,1965,1530
PG1745,1023,1504,1295,2295,1893,1907
PG1746,5346,8985,7845,11801,10638,8268
PG1747,318,384,331,558,465,530
PG1748,2527,3996,3381,5195,5020,4362
PG1750,444,547,459,708,649,780
PG1751,1503,2317,1662,3241,3172,3045
PG1752,114,167,152,206,199,179
PG1753,339,560,405,639,656,662
PG1754,3216,4206,3263,4853,4369,5595
PG1755,8101,12010,9082,12383,10057,12034
PG1757,1395,1843,1386,2207,1845,2823
PG1758,15721,35386,33909,42512,44584,19529
PG1759,781,1217,1006,1522,1340,1331
PG1760,337,422,379,558,506,581
PG1761,340,626,539,806,758,605
PG1762,26888,34452,27094,44973,36624,46018
PG1763,4731,6369,5614,8847,8159,8060
predicted RNA,199,244,186,367,341,489
PG1764,44317,52244,37564,83868,76660,120170
PG1765,6871,8533,6426,13463,12574,19058
predicted RNA,494,651,497,1035,1004,1414
PG1766,477,455,375,601,467,827
PG1767,301,391,282,428,367,552
PG1768,392,637,510,707,745,600
PG1769,113,158,114,190,170,142
PG1770,337,440,395,506,528,489
PG1771,2184,3148,2589,4084,3576,4019
PG1772,1079,1453,1181,1883,1635,1882
PG1773,988,1349,1120,1787,1488,1668
PG1774,1436,2098,1731,2574,2466,2521
PG1775,984,1521,1205,1716,1697,1243
PG1776,3175,4811,3675,4706,4968,3871
PG1777,1120,1891,1542,2162,2132,1382
PG1778,2185,3266,2479,3615,3617,3147
PG1779,589,1016,697,1031,1100,777
PG1780,2924,3956,3177,5851,5393,6273
PG1781,2029,2136,1670,3025,2288,3747
PG1782,1519,1674,1236,2326,1856,3284
PG1783,1863,2816,2528,4153,3751,3229
PG1784,1252,1778,1510,2829,2210,2278
PGt40,298,650,579,671,595,317
PGt41,202,438,391,456,410,217
PG1786,3209,4545,3396,6099,5447,6092
PG1787,21,40,39,45,41,49
PG1788,24014,33796,25047,46338,38232,42311
PG1789,613,920,799,1133,898,828
PG1790,666,1020,847,1365,1354,1116
PG1791,60,77,67,96,88,104
PG1792,4018,5431,4655,7012,5972,6637
PG1793,1333,1947,1731,2565,2370,2433
PG1794,1532,1923,1649,2338,2063,2397
predicted RNA,2230,3772,3401,3589,3343,2283
PG1795,222923,386666,350041,411385,383428,263235
PG1797,7999,12848,10936,14781,12161,11515
PG1798,4460,7304,10244,7640,6454,4459
PG1799,8,18,13,18,12,11
PG1801,3576,5861,5145,7663,7150,5605
PG1802,3048,4139,3222,5486,4841,5042
PG1803,6065,8934,6734,11026,10054,9245
PG1804,1979,3214,2549,3758,3720,2782
PG1805,1085,1488,1138,1795,1543,1446
PG1806,7358,9594,7069,12631,10868,12279
PG1807,13032,15875,12122,14374,10710,14861
PG1808,2794,3578,2912,3877,3320,4299
PG1809,5664,9167,8439,10189,9045,6776
PG1810,4594,5495,4725,6086,5852,6466
PG1811,426,533,502,540,578,614
PG1812,6349,9133,7428,10985,10907,10197
PG1813,1724,2742,2690,2677,2319,2026
PG1814,2562,4128,3766,4664,4305,3514
PG1815,863,1123,886,1156,1142,1348
PG1816,622,789,648,859,779,1061
PG1817,1234,1999,1836,2733,2563,1960
PG1818,1243,1710,1536,2037,1737,1838
PG1819,1226,1575,1366,2271,1859,2359
PG1820,3043,4072,3419,5723,5209,5870
PG1821,3651,5626,5029,8826,7337,6482
PGt42,34,76,67,103,98,44
PG1823,21235,38316,33986,46102,37950,29319
PG1824,5211,5945,4762,7510,6886,9057
PG1825,81,106,97,125,103,123
PG1826,184,262,229,269,237,250
PG1827,11079,19450,20074,22633,16086,48393
predicted RNA,1177,2770,2899,2499,2695,1116
PG1828,17480,41054,42754,41251,44000,19355
PG1829,1549,2347,1842,5301,5282,4997
PG1831,765,1052,903,1385,1321,1476
PG1834,2787,3764,3101,5140,4219,5378
PG1835,4670,6335,4857,9200,7176,9379
PG1836,484,532,423,684,535,872
PG1837,15343,19383,19397,19197,18339,18776
PG1840,4,8,7,9,12,4
PG1841,956,1009,777,783,648,1253
PG1842,385,539,461,526,451,474
predicted RNA,47596,76268,73908,81120,74055,53495
predicted RNA,18895,23937,22402,26246,23480,24231
predicted RNA,11091,16566,14943,15004,14289,12143
PG1846,58,67,52,59,53,75
PG1847,2528,3061,2275,2649,2334,3377
PG1848,858,1228,1039,1682,1433,1552
PG1849,2242,2878,2385,3682,3100,3853
PG1850,1608,2284,1821,2694,2340,2407
PG1851,2041,3370,2614,4324,4492,3382
PG1852,2700,3809,3141,4820,4168,4069
PG1853,4943,8534,7449,13076,12657,8313
PG1854,929,1370,1112,1830,1703,1526
PG1855,1487,2117,1816,2767,2532,2327
PG1856,1183,2228,2052,3898,3663,2138
PG1857,64,85,82,139,104,134
PG1858,567,803,637,911,774,999
PG1859,507,852,670,1154,1091,941
PG1860,2267,2702,2223,3013,2433,3153
PG1861,222,232,176,234,151,288
PG1862,896,1026,866,1100,930,1224
PG1863,410,535,503,516,434,555
PG1864,9764,15653,14771,16142,13456,11069
PG1866,88,225,238,299,278,161
PG1868,1534,1730,1427,1293,1126,1622
PG1869,100,107,87,113,104,159
PG1870,55,91,75,104,90,98
PG1871,26,35,42,45,49,26
PG1872,5059,8038,6178,11382,11037,9069
PG1874,254,383,287,532,476,496
PG1875,808,949,797,1284,1106,1316
PG1876,1261,1708,1392,1923,1809,2120
PG1877,3477,5135,4261,9070,8309,7467
PG1878,2165,2690,2127,3326,2691,3795
PG1879,2387,3234,2545,4287,3824,3773
PG1880,1675,2089,1752,2535,2234,2690
PG1881,6530,9231,7497,8825,7085,8749
PG1884,3169,4518,3757,5614,4754,5056
PG1885,2033,2776,2343,3826,3525,3709
PG1886,706,878,723,919,820,1037
PG1887,462,651,559,987,937,796
PG1888,190,260,225,328,297,265
PG1889,3741,5864,5055,7638,6693,5527
PG1890,340,707,733,694,711,412
PG1891,790,1585,1566,1513,1501,924
PG1892,214,341,359,371,351,200
PG1893,1025,2212,2344,1754,1720,908
PG1894,1523,3006,2947,2487,2310,1384
PG1895,1187,2503,2555,2252,2235,1266
PG1896,2043,4020,3644,4348,4413,2779
PG1897,335,485,465,623,572,481
PG1898,313,397,380,515,501,401
PG1899,766,1283,1093,1679,1587,1411
PG1900,232,333,298,407,409,351
PG1901,859,1270,983,1192,1196,1348
PG1902,742,1164,1045,1545,1494,1253
PG1903,1326,2007,1881,2502,2266,2006
PG1904,8,26,22,23,28,23
PG1906,1745,2392,2149,2536,2263,2458
PG1908,6510,13414,15167,13918,13317,7621
PG1910,17569,24740,19182,25438,19689,22236
PG1911,33790,42825,29337,47605,35720,43212
PG1912,20774,25049,17599,27367,20180,27631
PG1913,14206,16537,12136,17897,13510,19731
PG1914,10006,12116,8995,13172,10702,13566
predicted RNA,551,657,492,690,569,743
PG1915,2241,2531,1881,2559,2059,3032
PG1916,4521,4908,3614,5067,4002,6100
PG1917,24320,30976,23301,39362,33245,34752
PG1918,50341,65581,49966,85151,72303,70859
PG1919,9504,11324,8900,12637,11285,11983
PG1920,2917,2909,2248,2924,2529,3554
PG1921,10627,10392,7727,11242,9318,13891
PG1922,5791,6637,5215,7486,6720,7063
PG1923,9705,11982,9547,14056,13266,12494
PG1924,5433,6182,4555,6183,5314,7076
PG1925,7876,13708,12459,18333,15983,11947
PG1926,8813,12505,10457,15131,13178,11144
PG1927,4116,5157,4092,6030,5363,5175
PG1928,4189,5637,4277,7388,6486,5359
PG1929,2083,2741,2186,3385,3052,2471
PG1930,1388,1659,1277,1727,1519,1700
PG1931,3194,3412,2546,3560,3069,4147
PG1932,6322,8167,5866,10245,9523,9430
PG1933,3870,5768,4343,6771,6268,5382
PG1934,1922,2585,2118,2807,2843,2277
PG1935,6555,9565,7177,11116,10993,9519
PG1936,2141,3069,2493,3629,3571,2585
PG1937,6651,10058,7555,14216,13025,9441
PG1938,8529,12396,9319,16846,15172,12377
PG1939,2778,4010,3082,4161,3785,3362
PG1940,11199,16229,12435,19296,20054,16074
PG1941,2660,4097,3273,4704,4439,3732
PG1942,3141,5008,3822,5618,5722,4446
PG1943,418,519,429,726,586,776
PG1944,1680,2901,2238,3807,3715,3186
PG1945,202,384,267,507,515,464
PG1946,242,324,246,436,391,407
PG1947,1806,2798,2458,3770,3541,3221
PG1948,1288,1690,1362,1847,1639,1972
PG1949,4572,7741,5988,9514,8508,8591
PG1950,3545,3659,2686,3903,2635,4584
PG1951,3651,4563,3687,5671,4822,5801
PG1952,557,685,570,928,763,1115
PG1953,2652,3826,3032,4891,4081,4541
PG1954,1153,1484,1250,1665,1438,1939
PG1956,4149,6334,5077,7004,6440,6023
predicted RNA,514,1112,1005,1524,1461,746
PG1959,13086,28816,26333,39219,37683,19564
PG1960,14692,32032,28513,43623,40205,22066
predicted RNA,919,1940,1695,2683,2457,1327
PG1961,7012,9676,7399,13681,11502,13622
PG1963,426,640,574,1145,1030,941
PG1964,474,748,554,1004,938,1007
PG1966,206,356,262,480,466,463
PG1967,97,147,95,165,160,220
PG1968,90,162,171,194,201,115
PG1969,913,1690,1467,2199,2017,1675
PG1970,87,169,164,220,196,136
PG1972,2516,4753,3776,5077,5065,3728
PG1974,15605,33512,29691,35484,35730,18786
PG1975,1494,2911,2372,3192,3324,2299
PG1977,933,1567,1270,1845,1880,1517
PG1978,554,811,637,960,851,939
PG1979,96,149,139,159,113,103
PG1980,344,636,557,416,359,413
PG1981,256,478,492,465,394,293
PG1982,927,1318,1238,1434,1313,1308
PG1983,269,440,390,551,528,441
PG1984,378,583,558,608,539,422
PG1985,950,1310,1365,1424,1305,1070
PG1986,2309,3093,2994,3091,2673,2467
PG1987,5430,8539,8665,7002,6056,5007
PG1988,5196,8207,8469,6463,5799,4700
PG1989,676,1084,1079,822,714,673
PG1992,744,1412,1158,1885,2251,1213
PG1993,413,578,507,679,636,714
PG1994,376,472,384,493,410,620
PG1995,229,254,216,343,264,341
PG1996,782,1194,1035,1441,1345,1365
PG1997,113,143,119,157,155,190
PG1998,4167,5065,3981,5516,4109,5415
PG1999,411,508,434,623,502,530
PG2000,649,790,648,1324,1097,1122
PG2001,594,780,716,1055,956,991
PG2002,875,1332,1079,1953,1791,1686
PG2003,840,1342,1050,1798,1574,1420
PG2004,334,419,324,601,524,623
PG2006,420,546,505,619,488,594
PG2008,807,789,675,944,836,1383
PG2009,1036,1715,1643,1998,1901,1416
PG2010,5503,6967,5910,7399,5931,8018
PG2013,608,1014,1088,1154,1035,672
PG2014,1676,2620,2571,2486,2331,1962
PG2015,999,1696,1622,1644,1432,1157
PG2016,8929,15735,16520,13478,12313,8203
PG2017,13310,25675,27927,18291,17812,11552
PG2018,7543,13478,13986,10814,10034,7144
PG2019,3946,6391,6370,5118,4370,3827
PG2020,3019,4820,4618,4290,3593,3357
PG2021,1956,2874,2516,3869,3374,3041
PG2022,3127,4457,3844,6603,5747,5993
PG2023,808,1445,1271,1960,1959,1429
PGt43,29,50,48,68,69,44
PG2024,95925,119664,107335,111008,101295,105932
PG2026,354,480,373,615,604,673
PG2027,2121,3846,3270,5115,4899,3737
PG2028,501,809,623,1142,1126,965
PG2029,1930,2940,2386,3904,3858,3402
PG2030,920,1176,1090,1122,887,1118
PG2031,2883,4472,4570,5846,4490,4312
PG2032,941,1588,1292,2063,1859,1949
PG2033,2013,2612,1868,3788,3444,4163
PG2034,2056,2644,1911,3523,3108,3687
PG2035,172,282,219,449,435,372
PG2036,220,340,242,523,562,496
PG2037,165,250,183,328,333,363
PG2038,306,614,421,925,1025,713
PG2040,1782,3382,2424,5723,6587,4475
PG2041,530,863,748,1003,943,870
PG2042,1025,1885,1809,2102,1911,1588
PG2043,646,1153,1010,1347,1439,1112
PG2044,12294,21118,18017,25651,22061,17365
PG2046,761,1317,1089,1582,1386,1066
PG2047,973,1452,1441,2294,2023,1631
PG2048,663,718,604,932,789,1231
PG2049,2158,3283,3045,5324,4594,4046
PG2050,15474,31958,34284,27113,24221,13344
PG2052,2154,2949,2194,3740,3115,3687
PG2053,916,1149,860,1353,1051,1438
PG2054,8704,12134,9024,14426,12195,13688
PG2055,9943,14339,10869,17347,14842,15612
PGt44,311,716,638,993,996,399
PG2057,454,779,679,833,736,638
PG2058,382,605,509,619,528,485
PG2060,2041,2577,2039,3349,2859,3420
PG2061,576,793,692,1014,920,982
PG2062,2671,3484,2652,4394,3873,4489
PG2063,25,34,33,34,28,31
PG2064,62,106,93,137,129,106
PG2065,668,847,731,1357,1257,1404
PG2066,2042,3066,2428,4072,3660,3951
PG2067,2495,4353,3636,5585,5607,4455
PG2068,542,790,568,773,725,883
PG2069,1563,4588,3999,5703,6818,2646
PG2070,1190,1801,1358,2025,1790,1952
PG2071,954,1536,1188,2060,1819,1956
PG2072,1846,2439,2023,3131,2798,3172
PG5SD,1,13,49,8,12,2
PG23SD,11835,18559,12881,19423,10846,7450
PGt45,222,529,427,1717,1698,891
PGt46,4704,11249,9298,39990,40136,19844
PG2073,14553,34036,28792,109768,110020,54484
PG2074,1063,1777,1463,4093,3856,2412
PG16SD,7062,12049,8264,10367,4770,3777
PG2075,775,1647,1505,4514,4715,2642
PG2076,669,1283,923,2106,2155,1534
PG2077,61,73,77,79,89,85
PG2078,380,508,482,628,566,685
PG2079,28,52,44,33,38,40
PG2080,388,614,436,769,671,690
PG2081,317,466,362,596,545,581
PG2082,37496,46685,34269,57965,42808,59506
PG2083,3194,4369,3554,6701,5567,7059
PG2085,5842,8607,6464,10955,9364,9465
PG2086,2343,2903,2104,3731,3033,4518
PG2087,2108,2729,1896,3553,2845,4067
PG2088,2757,3696,2753,4603,3992,4994
PG2089,2253,2499,1990,3193,2620,3733
PG2090,1897,2596,2186,3247,2526,2998
PG2091,399,482,418,599,473,637
PG2092,995,1866,1659,2575,2308,1713
PG2094,2101,2973,2267,4101,3622,3895
PG2095,973,1280,1044,1551,1379,1611
PG2096,5437,7335,5530,8712,7427,8709
PG2097,3075,3923,2771,4314,3481,5676
PG2098,151,253,197,334,295,296
PG2099,1549,2602,1974,4093,3884,3391
PG2100,360,703,589,757,657,570
PG2101,130,171,124,169,152,233
PG2102,857,1140,850,1513,1123,1982
PG2103,37,58,63,80,60,42
PG2104,20,42,41,46,33,27
PGt47,199,452,417,443,403,184
PG2105,17720,38122,36110,45528,47201,25112
PG2106,10788,18730,18244,25720,21966,18288
PG2107,50,61,62,106,93,103
PG2108,11,30,24,33,31,30
PG2109,108,227,238,205,257,143
PG2110,40,83,67,103,135,96
PG2111,49,92,93,178,138,90
PG2112,1052,1599,1300,2169,1764,1728
PG2114,54,80,79,118,116,73
PG2116,67,76,61,103,78,96
PG2117,36179,62766,52462,56589,50804,36979
PG2119,991,1238,1050,1590,1346,1605
PG2120,806,971,781,1258,1055,1294
PG2121,2169,2683,2034,3191,2769,3764
PG2123,611,912,795,1179,961,908
PG2124,15302,19776,15383,24283,20064,22613
PG2125,1102,1741,1460,2399,1936,1729
PG2126,3218,5181,3950,7306,6547,6082
PG2127,2584,4525,3766,5318,4915,3809
PG2128,533,875,797,952,803,746
PG2129,535,889,770,909,756,689
PG2130,28,53,52,54,44,49
PG2131,71,98,102,97,106,101
PG2132,1244,1728,1290,1355,1138,1296
PG2133,30,59,56,56,48,53
PG2134,104,114,100,114,93,151
PG2135,368,480,465,443,420,410
PG2136,593,973,897,1001,993,709
PG2139,7856,12954,10879,18433,16008,13283
PG2140,4259,7924,7668,10585,10098,7545
PG2141,7939,11431,8688,14673,12802,14436
PG2142,1918,2703,2169,3466,3050,3269
PG2143,2638,3547,3004,4529,3728,4169
PG2144,4686,5914,4633,7635,6542,8333
PG2145,359,508,431,592,506,545
PG2146,321,486,366,618,492,415
PG2147,550,692,548,861,648,854
PG2148,578,929,674,1098,1123,1079
PG2149,619,881,671,1395,1210,1290
PG2150,1717,2568,1972,3678,3360,3530
PG2152,3106,3436,2567,3584,3094,3864
PGt48,117,187,153,169,151,128
PG2154,475,729,567,917,725,876
PG2155,1684,2313,1726,2944,2271,3325
PG2156,522,739,525,984,753,1075
PG2157,420,693,593,882,831,771
PG2158,370,571,499,803,705,717
PG2159,923,1254,1031,1930,1658,1861
PG2161,283,399,351,419,321,332
PG2162,841,1141,884,1367,1275,1383
PG2163,1984,2852,2379,3528,3152,2819
PG2164,1276,1894,1590,2186,2073,2046
PG2165,3873,5553,4420,6681,6270,6669
PG2166,75,131,110,155,142,94
PG2167,53181,84824,72192,100432,85652,70899
PG2168,15670,24702,20950,31334,25827,23815
PG2170,2460,3986,3180,4272,3733,3740
PG2171,1213,1691,1517,1990,1796,1803
PG2172,12299,13937,10824,16787,13218,17903
PG2173,5118,6201,4753,6633,5474,8038
PG2174,8021,10122,8643,12321,10928,13746
PG2175,4424,5230,4199,5787,4221,6504
PG2176,5066,8570,7585,11333,10322,7810
PGt49,22,54,54,59,62,28
PG2177,5451,6476,4708,7010,5565,8070
PG2178,2042,2129,1543,2364,1838,3303
PG2179,1847,1955,1510,2224,1810,2750
PG2180,1442,1776,1394,1773,1621,2107
PG2181,3778,7018,6152,16162,15438,9510
PG2182,3085,4345,3430,5182,4804,5279
PG2185,542,755,692,1081,1057,904
PG2186,177,300,299,356,306,236
PG2187,732,1294,1206,1663,1648,1127
PG2188,1539,2689,2118,3198,3311,2576
PG2189,1888,2619,2210,3710,3312,3665
PG2190,2261,3134,2591,4444,3877,4347
PG2192,39232,61389,51094,60757,52810,38884
PG2194,720,1147,982,1293,1082,939
PG2197,1446,1748,1364,1883,1490,2193
PG2199,1227,1635,1144,2354,1939,2100
PG2200,1403,1998,1532,2655,2429,2684
PG2201,587,735,570,1047,995,1108
PG2202,275,598,536,901,1143,522
PG2204,1520,2342,2068,2503,2330,2293
PG2205,2563,3475,2671,3500,3216,3739
PG2206,2150,3150,2608,3726,3377,3466
PG2207,2699,4504,3655,5506,5068,4600
PG2208,224,237,222,291,223,370
PG2209,259,368,356,475,450,554
PG2210,1504,2319,1925,2886,2749,2594
PGt50,409,520,408,694,591,588
PGt51,846,1083,877,1466,1239,1308
PGt52,353,425,339,508,428,541
PG2212,269,558,577,678,593,917
PG2213,1339,2832,3123,3662,3261,5784
PG2214,594,828,708,1122,1074,982
PG2215,1488,2074,1808,2475,2244,2333
PG2216,3181,4584,3362,5548,4586,6121
PG2217,1402,2036,1702,3040,2855,3057
PG2218,848,1363,1058,2037,1916,1715
PG2219,987,1291,1074,1999,1724,1980
PGt53,13,31,23,30,29,13
PG2220,44,55,50,72,52,42
PG2221,438,875,729,1330,1230,920
PG2222,159,249,218,278,292,246
PG2223,143,198,187,281,275,279
PG2224,636,1033,1094,1591,1407,1000
PG2225,194,224,194,362,279,315
PG2226,90,153,159,221,219,231
PG2227,173,284,190,330,297,262