,WT,DscuR,DsarF,WT,scuR-ST++,sarF-ST++
dnaA,37894,38083,37745,19562,17603,27336
dnaN,51003,51461,51381,24724,22297,36087
HSISS4_00003,2611,2682,2995,1081,940,1364
HSISS4_00004,67128,68616,61782,31762,28958,45779
pth,8173,7226,9252,3566,3081,3885
trcF,63025,57030,67419,27240,24456,32567
HSISS4_00007,10076,10296,9754,3415,3681,4832
divIC,17801,18368,17389,6306,6651,8463
HSISS4_00009,7708,8558,8366,3043,3290,4528
HSISS4_00010,57022,55945,52923,19669,20779,26091
HSISS4_00011,25598,22495,25671,7862,8341,9305
hpt,57150,54337,53191,20658,20264,31384
ftsH,222387,217324,203705,79823,79106,128966
mreC,22042,24412,21418,10834,9123,17375
mreD,5615,7164,6095,2629,2288,3895
pcsB1,284802,290341,260487,132472,125599,232906
prsA1,74387,73077,66408,38415,33670,53420
araT,19368,16274,20530,10409,8761,8279
recO,16190,14430,18414,8481,7212,7404
plsX,28525,28652,28530,11817,10691,17499
acpP1,12894,14261,14058,5199,4980,7904
purC,21347,24619,16594,18419,17002,25561
purL,164177,167692,149121,114844,107426,134350
purF,56074,51586,62351,44324,41820,36766
purM,37769,33229,43686,30528,29440,21467
purN,22233,21198,25255,16909,16120,13701
purH,77104,70681,85279,60051,56527,50652
HSISS4_00028,18989,23853,19370,9309,10716,10690
cbpD1,684,533,781,142,169,155
purD,17204,15169,16563,18990,16120,18794
purE,7145,6077,7439,7891,7020,6464
purK,17844,14724,19316,19089,16903,16642
HSISS4_00033,21114,19597,22330,16066,14633,15864
HSISS4_00034,53768,58469,60037,36075,33882,37308
purB1,56339,51561,54740,37881,33867,38261
argS,62778,49503,59976,31130,28939,27538
argR,7567,6694,6267,3105,2568,3915
HSISS4_00038,9718,8555,9320,3548,3152,4974
mutS1,55426,47969,51922,18349,16461,25108
HSISS4_00040,1922,1383,2113,545,498,473
HSISS4_00041,1282,1020,1501,397,350,351
HSISS4_00042,3430,3122,3951,1112,980,1351
mutL,31736,26927,35618,9880,9572,12060
HSISS4_00044,17047,19271,18606,4811,5540,5434
ruvA,7530,6696,7932,2799,2686,3554
tag1,8748,8193,9994,3158,3104,3937
cinA,152075,116779,172041,39615,37500,40659
recA,180393,136975,213080,49997,46554,47593
spxA2,101667,108346,104228,31623,47129,48434
polC,212730,180841,242660,57119,47667,78473
pepS,31276,25693,30688,9492,9619,11696
HSISS4_00052,6772,6235,6719,1986,2024,2649
HSISS4_00053,6280,5908,7242,2967,2682,3904
HSISS4_00054,11858,11399,12692,4325,3851,5605
trxB1B,158988,134618,140538,55028,54982,52614
HSISS4_00056,65398,55524,56654,23649,23616,24347
rpsB,474580,495756,442865,242815,211074,374495
tsf,339045,352129,291363,182237,151438,258933
qacE,14676,12112,14233,5393,5479,5648
ctsR,11890,11174,14721,4109,4101,4763
clpC,98187,81303,113385,32495,32968,29572
dacA1A,25385,21208,26752,8970,8651,10336
dacA1B,53065,52355,47173,18441,19798,28739
pnpA,52161,39723,53355,23300,21512,15555
HSISS4_00065,25536,20838,26307,11066,10443,8359
cysE1,18544,14922,17891,8041,7586,5983
HSISS4_00067,7589,7003,8704,3326,3017,2841
cysS,52278,44717,53007,20689,19660,18682
HSISS4_00069,13117,10986,12774,5414,5049,5016
HSISS4_00070,102196,109008,100850,43921,38366,59755
trmH,12864,11623,11943,5105,4674,6154
HSISS4_00072,13021,12155,14311,4903,4753,7001
HSISS4_00073,18466,16263,17793,6953,6515,8817
HSISS4_00074,6148,6725,9093,1913,1841,2713
HSISS4_00075,3951,4130,5247,1039,1014,1445
rplM,381685,396029,354339,169365,151649,273778
rpsI,326963,326097,295264,147013,131124,231877
int,112,99,122,26,15,16
HSISS4_00079,8342,7067,10312,2342,2283,2077
trxA1A,3405,2237,4736,358,101,397
trxB1A,10369,6580,15339,1088,373,1304
HSISS4_00082,4538,2872,7027,526,154,575
HSISS4_00083,10682,6718,15914,1137,401,1437
HSISS4_00084,7195,4764,10685,746,262,994
HSISS4_00085,8196,9901,11064,2460,2806,3338
HSISS4_00086,5017,6000,6482,1402,1602,1829
HSISS4_00087,1058229,1248759,869478,747370,742247,1118668
HSISS4_00088,148975,174603,145207,80078,76277,130400
HSISS4_00089,17185,16460,18730,5360,5307,7950
HSISS4_00090,5254,5082,5140,3831,3289,5202
HSISS4_00091,30469,27794,30310,22768,19585,29238
gpmB,11241,8962,12066,3869,3519,3296
dacB,28988,26479,31894,9789,9404,10873
mur3,28974,29232,30903,9976,10090,12518
hrcA,169004,169375,199686,43512,49220,60895
grpE,125204,124272,164570,27847,36046,36079
dnaK1,696655,668289,826335,153283,192780,165248
dnaJ,163197,150694,202833,37751,39650,47244
truA,29314,27771,33285,8067,7600,12234
thiD,26745,25552,30979,6407,6009,8528
HSISS4_00101,10431,9743,12385,2199,2059,2893
comX,4151,4181,4991,782,771,1430
HSISS4_00103,11133,12043,10377,4276,4813,7007
HSISS4_00104,116,86,163,6,9,20
tig,246931,274847,203060,144227,125028,209130
rpoE,84428,96581,74592,40467,36677,65401
pyrG,51761,43430,49625,23180,20101,26707
HSISS4_00108,2568,2233,2503,1027,1023,1022
HSISS4_00109,2808,2582,2968,1279,1225,1093
prmA,7476,6278,7432,3149,2968,2689
HSISS4_00111,6914,6162,6547,2719,2549,2529
HSISS4_00112,35985,30195,39458,20615,15377,21054
nrdI,2255,2090,3025,931,805,962
relA,75198,68404,84236,35533,30064,42022
dtd,20281,18917,23878,8378,7560,11913
HSISS4_00116,56921,41833,74627,21053,20907,31543
ilvA,21721,18405,21063,12011,10598,10896
def,24403,21357,22611,9114,9924,10246
HSISS4_00119,3414,2633,4370,1138,1113,855
msf,9170,6625,12234,2458,2230,2434
rpsO,169776,185365,150959,88459,77514,127057
HSISS4_00122,6564,4727,7587,1684,1714,1595
HSISS4_00123,142693,143436,126461,69123,65872,95252
HSISS4_00124,45910,41860,41354,20881,17757,26213
HSISS4_00125,66984,57728,62176,31245,26410,40647
uppP,17264,17139,16839,8815,7154,12004
HSISS4_00127,12453,11228,16107,3694,4556,3074
mecA,21128,18414,21712,8855,8097,9412
rgpG,32640,27551,30793,13915,13020,13541
HSISS4_00130,34376,28225,32607,10402,10239,12955
HSISS4_00131,75184,63760,74070,22498,22637,27498
nifS1,53270,43373,54125,17022,16987,15990
nifU,19387,15317,19791,5984,5678,5209
HSISS4_00134,94021,77295,94938,27396,27264,29579
HSISS4_00135,1593,1772,1814,747,660,914
hslO,22370,18073,20592,9330,8610,7575
nifR,35767,30142,33240,14870,13992,12711
adcR,4645,3992,4952,2165,1898,2027
adcC1,9252,7372,9408,4172,3730,3338
adcB1,10823,9115,11758,5346,4873,4133
mleP1,4561,4474,5284,1767,1585,2834
HSISS4_00142,267096,226830,273022,152285,128208,159268
HSISS4_00143,31640,24722,38265,15180,11986,12003
pgi,210350,168755,197362,100955,88011,105148
rggH,6493,7068,7899,2041,2027,2806
HSISS4_00146,2276,2329,3326,473,337,836
HSISS4_00147,64573,72427,61288,31009,28485,48690
yajC,24656,26882,23630,9197,8369,15432
uppS,26247,22817,25726,11646,10351,13434
cdsA,36578,31535,34924,17691,15236,18796
eep,70530,61821,68731,31151,28202,34429
proS,154789,126635,147398,63945,59100,72065
HSISS4_00153,57385,53350,55070,24201,22861,31738
HSISS4_00154,30724,28009,27413,13177,11413,15960
groES,18677,17167,18476,5025,5517,7022
groEL,160166,148647,176500,40549,48042,50001
HSISS4_00157,9897,8957,10719,5563,5056,6964
HSISS4_00158,3905,3619,3982,2390,2172,2757
HSISS4_00159,18815,19233,17533,12012,10511,16001
HSISS4_00160,3139,2541,3219,1656,1511,1102
pbp2A,54998,43747,51806,20861,23046,20389
rpmG1,19324,18704,20147,8084,8613,10797
secE,29122,28209,26954,11024,11261,11943
nusG,51855,57648,47605,25331,22454,40518
HSISS4_00165,10523,11538,10774,4633,4165,7869
HSISS4_00166,5928,4570,6405,2201,2227,1946
HSISS4_00167,4245,3520,4765,1777,1730,1521
leuS,131824,114511,121843,70942,62124,76270
tnp1193A,2796,2049,3627,894,933,708
HSISS4_00170,15165,18771,14647,7820,7341,12981
HSISS4_00171,924,702,1122,253,254,315
HSISS4_00172,968,712,1140,194,207,317
HSISS4_00173,4577,4076,5882,1513,1462,2060
HSISS4_00174,4840,4395,6630,1560,1630,2260
HSISS4_00175,8612,7918,11365,2983,2963,4187
HSISS4_00176,280,231,299,102,13291,148
HSISS4_00177,683,670,844,238,27939,399
pncB,34681,28644,33805,14236,18750,16146
nadE,19546,16249,20595,9435,10980,8366
HSISS4_00180,12998,11097,12832,6131,6832,5930
pepC,66500,70679,63305,25316,25580,35953
pbp1A,211452,178769,216234,76576,76053,103525
recU,42170,35519,40406,15243,14831,20741
HSISS4_00184,1488,1251,1781,560,540,783
HSISS4_00185,22030,21669,19169,9407,8244,12926
HSISS4_00186,45547,40106,46450,14615,13096,20189
HSISS4_00187,177962,168892,173756,58197,54356,89609
snf,60887,53493,70430,20672,20298,21277
HSISS4_00189,64448,58732,72208,24690,22583,33675
murC,140404,119953,146954,54465,48062,69862
HSISS4_00191,12773,10247,14797,3866,3282,4394
pabC,173129,149100,178455,58480,52867,75037
greA,64143,61152,66962,22206,20579,33954
HSISS4_00194,35467,29146,38518,19006,18929,14892
acyP,1213,1248,1358,585,569,412
spoU,16583,17322,16500,6434,6104,10940
HSISS4_00197,29760,31095,31849,9482,12885,16835
HSISS4_00198,44326,45920,47675,13235,18265,22394
HSISS4_00199,18493,18880,18306,7763,7738,10795
lysA,33414,33617,31711,16094,14109,25403
HSISS4_00201,19822,22182,11349,5863,3209,5930
HSISS4_00202,20942,23448,17406,10827,10570,16165
glr,21635,19831,20862,9323,9050,11924
HSISS4_00204,28952,24728,28922,12208,11801,12503
HSISS4_00205,17494,14267,18044,6867,6663,6335
HSISS4_00206,19785,16313,21504,7549,7410,6893
xerD,29648,24609,31385,11601,11450,10193
scpA,19027,15387,19866,7512,7223,6399
scpB,19719,15842,20808,7621,7450,6426
rluB,24378,20559,26771,9634,9298,8543
HSISS4_00211,9180,7644,9609,3874,3687,3231
trkH1,18373,17685,20703,10398,9085,12137
trkA,20902,19672,22131,10670,9691,12955
HSISS4_00214,11423,12692,13556,4319,3712,8118
HSISS4_00215,16892,14850,19454,5372,4204,4658
HSISS4_00216,25562,22175,28433,8807,6908,9257
comR,14066,16675,16268,6346,4266,11435
comA,7568,6915,11019,2143,3195,3312
HSISS4_00219,23581,23988,22738,8857,8034,15528
HSISS4_00220,26581,20619,35740,9446,17384,11260
ureI,17202,13091,19662,6975,6822,6060
ureA,13336,9587,14933,4908,4644,3651
ureB,17510,12515,20549,6216,6432,5440
ureC,65624,50528,73583,24094,23507,22545
ureE,14960,11430,18476,5033,4739,5984
ureF,24714,18577,28959,8824,7989,10049
ureG,20702,16778,24982,7235,6639,9258
ureD,26732,21892,31839,9486,8488,10948
cbiM,23987,18818,28252,9564,8487,9754
cbiQ,23658,19849,26419,8502,7543,9991
cbiO1,23921,21603,27879,8936,8159,11479
HSISS4_00232,33537,38378,33930,7771,11297,11782
HSISS4_00233,26442,24838,23884,10302,10995,10198
HSISS4_00234,20290,18692,17754,9418,9014,8881
HSISS4_00235,18796,16707,16494,8952,8450,8097
HSISS4_00236,16085,14246,13654,7776,7265,7396
dctA,22043,18467,21301,8187,6937,10191
HSISS4_00238,27246,26207,25563,9967,8460,15479
HSISS4_00239,13423,12674,13465,4968,4354,7817
HSISS4_00240,16632,13554,18605,6094,5454,6733
HSISS4_00241,8966,7344,10522,3553,3319,3530
trkA2,5598,5335,5868,2733,2499,3152
trkH2,9240,8135,9771,4542,4056,5434
gidB,6410,5884,6486,3598,3443,4692
HSISS4_00245,22391,25771,20871,11210,10516,18971
csrR,158730,176386,155721,58664,52249,97451
csrS,139894,148222,149001,49110,41491,78284
nrdR,14180,12407,14986,5026,4317,6868
dnaB,45126,38808,47040,15017,13757,21302
dnaI,39230,33571,38142,13002,11831,17626
engA,78457,72505,75747,26182,23771,39773
HSISS4_00252,4187,3418,4494,984,887,1201
serS,42116,49254,34270,27975,24917,43468
HSISS4_00254,8374,8280,7733,4643,4504,4399
manN1,104039,92859,84032,79257,77091,50181
manM1,59764,51969,50164,52161,51865,32158
manL1,87152,79930,68734,71894,69139,45669
HSISS4_00258,90692,90291,104566,73896,55275,70902
manN2,132899,118784,144032,119475,87284,86270
manM2,87835,75535,92902,87516,61926,52892
manL2,131810,119403,139053,117160,84495,87427
HSISS4_00262,1551,1424,1884,525,428,613
HSISS4_00263,13281,11107,12531,6552,6644,5540
HSISS4_00264,51109,43041,44339,37673,30479,35153
HSISS4_00265,10738,10729,10065,4224,4039,6737
HSISS4_00266,18991,19176,18392,7814,7909,13181
HSISS4_00267,51632,53233,49920,21144,21507,33253
HSISS4_00268,26432,22581,25912,10665,9389,11580
nusA,99473,82492,98836,41862,37691,41821
HSISS4_00270,29198,24180,31148,11901,10838,10801
HSISS4_00271,33538,26460,35576,14664,13142,13164
infB,230362,175600,224676,95530,85859,81345
rbfA,29274,25764,29008,9754,8910,10653
HSISS4_00274,6097,6335,6999,1413,1499,1635
murO,16736,19434,19764,9463,8967,15770
murE,35390,33542,31957,13921,13502,22404
HSISS4_00277,27830,22704,27221,10279,10109,12885
pacL2A,43740,42167,61999,10396,12169,9003
metB1,5369,5761,6064,1693,1702,2595
HSISS4_00280,8407,9008,9515,2701,2480,4389
HSISS4_00281,5102,4139,6102,1536,1284,2132
HSISS4_00282,109465,89611,120428,42460,29555,59610
upp,39509,45179,35473,20518,20877,35706
clpP,103453,108931,93051,31365,37617,54839
HSISS4_00285,17424,18565,17180,6063,6232,10964
HSISS4_00286,11448,12389,11054,3930,3784,6175
livJ,54839,48708,53925,29376,24972,35610
livH,45885,38623,44893,25375,21896,27094
livM,65412,54689,62927,32556,28103,36158
livG1,75215,68662,73766,35944,31673,48826
livF,66655,64253,64652,33802,29586,46120
HSISS4_00292,50636,55455,53871,19734,19405,28656
cysM1,29535,27135,25096,7060,8788,9470
HSISS4_00294,4111,3818,4069,1742,1413,2106
comFA,1201,979,1704,240,211,280
comFC,719,719,1057,168,118,196
HSISS4_00297,93257,114889,87072,36866,43329,41625
ppaC,61403,73524,57578,30496,29737,47030
HSISS4_00299,4980,6398,5276,2226,2265,3262
HSISS4_00300,47590,53322,44359,17964,17946,30342
recX,5996,7749,7401,2074,2578,2761
HSISS4_00302,11764,11604,11725,5297,4720,7502
asnA,207979,221273,189672,69822,65883,125173
lysC,28365,26001,25138,16385,14317,21577
HSISS4_00305,9149,9474,9543,3163,3245,4086
phaB,30153,29510,28120,15077,13839,23427
HSISS4_00307,50673,47084,47151,23165,20539,33537
fabH,82669,72797,76198,39828,34317,53029
acpP,80932,85303,74773,45365,41446,58012
fabK,117468,93020,108049,58993,54864,53507
fabD,120160,95513,110329,56282,53179,50553
fabG,126377,104419,118725,55937,52521,59168
fabF,203823,164393,183505,90719,84401,92657
accB,84120,68374,77998,38451,36443,37017
fabZ,81798,68963,78550,37681,34746,35367
HSISS4_00316,14591,12445,14889,6640,6266,6015
accC,171110,136422,160957,77886,72352,63710
accD,131413,109041,121821,57095,51752,52934
accA,109297,90567,99761,48305,43924,46358
luxS,10589,12729,11236,5315,4836,9606
HSISS4_00321,190013,171775,177799,76008,69073,106465
fruR1,5635,5752,5952,3447,2649,3494
fruB1,6527,6624,7221,4085,3350,3835
HSISS4_00324,18551,16031,18682,11973,10076,8260
gor,35254,28383,37608,10338,11714,10561
folC1,23846,22846,20958,7406,7786,7116
HSISS4_00327,15243,15488,13764,6407,6832,8549
nifS2,21972,18830,22468,10410,9849,8729
thiI,29241,23291,31353,12985,12626,9626
HSISS4_00330,53794,47211,55044,22069,21311,21184
HSISS4_00331,60935,56995,60797,23911,23800,30170
HSISS4_00332,14869,14333,16212,5795,5891,7594
rplU,213829,219095,193433,90775,79053,135940
rpmA,257040,252807,220880,108827,96928,155019
HSISS4_00335,7618,7020,8140,2318,2424,2671
HSISS4_00336,16023,15457,14522,7828,7071,10904
HSISS4_00337,43351,42186,41763,21932,20222,30181
dapB,36350,33657,35356,18132,15835,20233
papL,37797,29990,39139,16838,15145,13250
HSISS4_00340,38344,31179,38072,14132,12726,13101
HSISS4_00341,9942,9536,9786,3841,3884,5259
HSISS4_00342,3060,2632,2984,1400,1395,1207
nadR,2135,1848,2235,1233,1128,1028
gdhA,220739,190932,206992,65168,67543,70797
HSISS4_00345,17663,15835,19582,7046,6697,7861
defA,2804,3028,3288,1162,987,1732
HSISS4_00347,3194,2463,4758,939,781,882
lmrA1,19937,13434,29003,5401,4395,4831
lmrA2A,18761,12738,27567,5648,4726,5243
HSISS4_00350,4764,4226,6063,1347,789,1176
HSISS4_00351,8177,7173,8295,2857,2994,3943
HSISS4_00352,9298,7743,9263,3395,3682,4293
HSISS4_00353,16818,13246,17850,6149,6281,6157
pyrH,57522,52903,53026,24985,23882,32890
frr,62593,61938,56449,26998,26310,34546
HSISS4_00356,41793,33806,40876,14081,13760,16406
HSISS4_00357,12234,9820,11308,3966,3786,3895
pcsB2,153990,120482,139020,59290,64279,69224
phoH,14509,14670,14672,6353,6094,9465
HSISS4_00360,3623,3540,4751,1080,1090,1285
HSISS4_00361,28817,29720,33114,11317,10671,15411
HSISS4_00362,8370,8083,8723,2942,2634,3861
metG,98475,76673,91994,43427,39065,39542
HSISS4_00364,2103,1682,2444,581,636,611
HSISS4_00365,1794,1598,2388,467,535,602
HSISS4_00366,6954,7433,8410,3087,3122,5019
HSISS4_00367,268762,267713,264530,115764,79690,172304
coiA,3741,3210,6238,668,440,751
pepB,57231,56624,57652,28149,24493,40369
oxlT,7888,5279,7737,3456,2761,3841
HSISS4_00371,8485,7224,7293,3215,2994,4472
prtM,124069,112017,115429,54570,52321,65815
HSISS4_00373,8761,7319,8477,4675,4070,4162
alaS,86440,68627,81770,49650,43922,34863
HSISS4_00375,35729,32097,38831,14207,13323,14034
tnpSth1A,1057,1093,1706,470,430,644
tnpSth1B,292,327,576,123,147,184
HSISS4_00378,8775,9100,10441,4319,3489,4887
HSISS4_00379,13864,14124,17650,7059,4928,8025
HSISS4_00380,11501,13494,13664,9203,5226,11057
cbpD3,74039,61973,87493,42991,37876,36518
HSISS4_00382,2170,1868,2586,883,921,672
aspC3,4147,3802,4789,1613,1699,1426
argC,2395,2559,2549,727,950,997
argJ,3140,2674,3302,759,1068,718
argB,1975,1487,1981,389,639,400
argD,2999,2217,2948,568,875,521
HSISS4_00388,26773,22420,25283,10947,11110,14082
hom,78839,78945,66698,34448,32571,52729
thrB,18087,14272,16830,7986,6938,6840
HSISS4_00391,12236,10605,11825,5298,4597,4974
HSISS4_00392,21160,22137,20280,8917,8813,13862
HSISS4_00393,34477,40484,34146,12199,13410,14873
HSISS4_00394,10154,9195,9001,6154,5313,6214
HSISS4_00395,9837,8732,9164,6318,5603,6202
HSISS4_00396,7870,7102,7648,4622,4063,4181
valS,67001,59753,56940,42492,36174,38619
HSISS4_00398,11525,13362,11693,4873,4587,6591
atpE,25443,23431,22408,12732,11906,14528
atpB,128695,123501,133165,62632,60358,77837
atpF,88193,79118,86540,43438,39990,48036
atpH,97669,89839,102198,45479,42479,51954
atpA,273535,244300,260559,125431,115675,144307
atpG,182232,177592,177923,85271,76181,111228
atpD,275897,268066,250187,127050,112852,171168
atpC,77516,76506,70986,36160,32655,51652
ftsW,30751,29259,31168,10002,9241,14705
tuf,2280637,2224749,1890441,1168196,1068580,1602488
tpiA,218099,231267,170128,129490,115545,199516
tkt,128738,125437,122175,63474,60415,86347
tmk,6223,5613,6926,3016,2788,2513
dnaH,11143,10150,12987,4983,4749,4010
sip,14040,12774,16523,5858,5681,5749
HSISS4_00414,8551,7509,9378,3191,2943,3822
HSISS4_00415,20951,21217,22464,8467,8097,11435
amtB,1449,1268,1597,358,286,484
gnlB,1017,1005,1157,290,286,487
mur1A,8845,8603,8842,3405,3814,4728
HSISS4_00419,15299,14917,14195,5883,6249,8000
HSISS4_00420,2240,1863,2450,585,490,717
HSISS4_00421,3965,3398,4541,899,1172,645
HSISS4_00422,41964,36364,40767,28727,22871,21356
nagA,4536,4701,4081,2390,2258,2810
HSISS4_00424,2183,2046,2370,1132,879,1265
glyQ,11257,10561,9684,9596,8212,9836
glyS,43311,41995,35492,35498,29926,36505
HSISS4_00427,9372,9995,7992,6984,5982,7906
cycA,20258,17601,18712,10728,9002,9982
HSISS4_00429,59522,58313,63457,15015,15628,26187
HSISS4_00430,4570,3884,5288,1937,1686,1487
ppiA,14695,13059,15006,6637,6515,6851
HSISS4_00432,70266,74027,66002,33273,30113,52775
HSISS4_00433,1529,1764,1479,607,607,1005
HSISS4_00434,1925,2440,1826,722,760,1110
HSISS4_00435,2683,3004,2489,839,974,1218
HSISS4_00436,45279,49417,45107,16046,17946,25599
HSISS4_00437,13637,11002,13935,5739,5344,5103
lspA,7515,6693,7859,3287,3065,3193
rluD,16549,14501,16066,7130,6680,8307
pyrR,10522,10235,10279,7173,6571,7074
pyrP,25390,22168,26187,17223,15400,13564
pyrB,24956,22377,26114,15094,13909,11468
carA,40361,36166,43056,21498,20327,14616
carB,169539,143998,175656,81652,80544,55793
HSISS4_00445,1624,1361,1686,610,588,785
HSISS4_00446,17375,13863,19183,6359,5697,7184
HSISS4_00447,10328,7645,11497,3742,3439,3642
HSISS4_00448,17063,13417,18969,6534,5816,6297
rplJ,326454,365238,284283,248742,210719,341252
rplL,246038,259723,208796,167158,146319,235995
HSISS4_00451,8,6,21,2,5,3
HSISS4_00452,24,27,57,1,2,2
HSISS4_00453,175,143,242,12,17,21
HSISS4_00454,357,332,390,96,104,79
HSISS4_00455,24165,21641,25510,11120,12207,12490
HSISS4_00456,14955,11575,16939,4878,4157,5869
HSISS4_00457,22045,16894,23900,7032,5980,7936
queA,11542,8720,11117,6256,5703,4930
nagB,11804,12615,10551,4836,4743,7342
HSISS4_00460,7078,7538,5624,2871,2862,3809
HSISS4_00461,21120,14574,17345,4916,4376,4236
HSISS4_00462,19527,18163,20049,5025,4494,8276
rsuA1,8014,5859,8892,2247,1998,2692
hipO1,14865,10803,16696,4131,3667,4490
HSISS4_00465,3087,2395,3663,833,758,990
HSISS4_00466,16535,16622,13933,7487,7382,7735
HSISS4_00467,2281,2433,2604,1164,1016,2148
HSISS4_00468,6259,6314,6435,2533,2164,4360
HSISS4_00469,197590,201438,200465,41650,54818,56101
mvaK1,8868,7002,9470,3738,3600,3538
mvaD,14189,11217,14221,6038,5811,5225
mvaK2,15123,12294,15106,6356,6238,6084
idi,19112,15951,17785,7140,7178,7901
tnp657A,295,270,483,78,81,135
tnpSth1C,1048,1082,1799,483,476,653
tnpSth1D,319,327,607,144,128,182
livG2,658,647,895,206,153,373
HSISS4_00478,515,494,687,141,121,287
HSISS4_00479,1108,1174,1560,315,231,541
pacL2B,58998,49874,63073,15585,18299,21065
gcaD,47217,39473,46502,21660,20726,22931
HSISS4_00482,20543,17180,20809,9448,8763,9298
HSISS4_00483,10023,8468,9991,4556,4372,4730
pfs,23038,19975,23514,10151,9794,11421
HSISS4_00485,135725,125425,108694,67459,61488,55839
HSISS4_00486,21578,18401,21331,10408,9920,10686
HSISS4_00487,28831,23977,28758,15204,15017,14263
HSISS4_00488,13203,11079,13685,6644,5988,5452
thrS,69299,56422,67267,36365,32574,31140
HSISS4_00490,13621,12672,12692,7070,6094,7425
HSISS4_00491,15056,14919,13323,7528,6519,8870
HSISS4_00492,21777,17436,25597,6116,7011,5311
hlyIII,43983,32140,48986,12385,14840,8442
HSISS4_00494,28145,22340,28993,8319,10160,7481
mvaA,12492,10218,12857,4877,5407,4908
mvaS,17888,15668,17074,7025,7963,9033
thyA,12745,13028,13606,3948,4683,6734
folA,24227,20325,21205,10693,12212,11160
HSISS4_00499,7707,6474,7463,3341,3917,3378
clpX,59543,46686,54844,24778,27786,21743
engB,37993,30737,36637,15783,19242,16854
rocE1,833,636,767,173,201,163
rocE2,4963,3663,4679,1097,1333,862
mmuM,4783,3476,4681,1049,1160,980
HSISS4_00505,9152,9551,9107,3996,3564,6544
HSISS4_00506,15587,16175,15057,7095,6002,10473
HSISS4_00507,15211,13768,14604,7869,6515,9577
parE,12329,11641,13577,7039,6349,7721
HSISS4_00509,6421,6667,7573,3144,2987,3993
HSISS4_00510,7811,7873,9209,3538,3384,4063
parC,58938,51209,60563,26852,25051,24412
bcaT,46138,43931,39097,20096,17898,26518
HSISS4_00513,7859,9238,6458,3672,3338,4904
rpsA,751102,708731,623828,327990,288165,419552
HSISS4_00515,27702,29098,27633,9697,8359,15689
HSISS4_00516,16524,14882,17395,5987,5915,7330
murN,33049,28790,35935,12511,11895,12141
HSISS4_00518,20578,18367,21770,7631,7186,7327
HSISS4_00519,29851,33965,27931,11941,12876,18251
HSISS4_00520,19391,22512,18356,9157,9848,14617
clpE,108433,82406,131054,24958,31892,23110
argF,7859,10103,7144,2975,3343,4965
HSISS4_00523,13112,14340,10311,5188,4712,6701
HSISS4_00524,24375,26157,21960,12130,11769,20456
HSISS4_00525,35924,39478,33902,16323,15914,26345
feoA,2234,2202,2651,1186,943,1420
feoB,11898,13105,13770,7097,5780,8983
HSISS4_00528,1052,1205,1099,651,474,737
HSISS4_00529,2552,2882,1405,795,310,481
folD,4493,4160,4770,2477,1909,2337
HSISS4_00531,5024,4714,5745,3454,2797,2944
pbp2B,21523,22201,21942,11279,11014,16523
recR,13558,13842,14769,4419,3904,7663
HSISS4_00534,5247,5936,5438,2294,2021,3164
HSISS4_00535,15010,14841,15098,5913,6463,8511
dgk,13295,12858,13275,5300,5947,7315
era,27775,25717,26635,9717,10289,11758
mutM,6978,5850,8079,2069,2219,2167
coaE,5641,4842,6336,1636,1668,1586
pmrA,24519,23110,25334,8894,8828,11881
secG,21666,20846,16764,9034,7371,11422
rnr,106841,97065,100634,36798,33041,59161
smpB,24918,22722,22784,8375,7692,13471
pplB,38009,31732,40908,15927,14641,17947
HSISS4_00545,13498,12185,13591,5344,4780,6188
pepQ,32676,30521,32573,18097,17541,19340
ccpA,94487,105619,79418,40020,39021,64503
HSISS4_00548,28911,27913,25926,9937,9473,14182
grk,25444,22621,22414,8657,8149,10957
HSISS4_00550,8671,10716,9619,2591,3552,3470
eno,872328,724907,766508,579434,556841,462246
HSISS4_00552,10379,10738,8139,2458,2808,2549
HSISS4_00553,67811,56613,68813,26441,31183,25712
HSISS4_00554,22501,19328,23016,10394,10014,10196
aroD,18280,14767,18232,8269,7496,7991
aroE,24614,20542,23972,10957,10384,11467
aroB,36203,31563,36579,15844,14694,16019
aroF,46165,38027,46334,20443,18825,17834
tyrA,41645,34099,43022,18428,17251,14586
HSISS4_00560,16867,15183,17308,7338,6959,6992
hdhL,6078,5634,6354,1865,2078,2020
aroA,20952,17380,20436,9607,8238,9046
aroK,9203,7703,8863,4289,3731,3810
pheA,15776,14804,17319,7626,6827,7468
HSISS4_00565,32966,29933,33511,14772,13234,15536
eetB,1155,869,1609,245,186,245
HSISS4_00567,2086,1557,2530,604,502,554
mip,846,584,1057,219,218,262
HSISS4_00569,20111,21088,19536,7800,7885,11276
HSISS4_00570,135,165,196,22,12,31
HSISS4_00571,15092,12683,16099,3225,2946,3342
HSISS4_00572,26597,23409,28249,5262,4860,6249
HSISS4_00573,133,127,184,30,27,46
HSISS4_00574,127,101,172,37,20,22
HSISS4_00575,92,101,171,29,33,23
umuC1A,57,59,92,17,8,13
HSISS4_00577,3282,2724,4783,586,507,894
HSISS4_00578,3472,2816,5001,649,495,942
HSISS4_00579,4466,3437,6383,848,620,1124
copA1,18465,14659,25757,3690,2971,5027
HSISS4_00581,2842,2336,3897,563,452,800
HSISS4_00582,10999,9743,14587,2859,2458,3893
HSISS4_00583,11677,11190,16821,2982,2746,4538
HSISS4_00584,8948,6238,8933,3063,2834,2530
HSISS4_00585,42708,29213,40109,12405,12478,11234
HSISS4_00586,2534,2056,3665,988,739,713
HSISS4_00587,3116,2218,4069,1190,995,981
HSISS4_00588,4546,4849,5505,1627,1376,2292
HSISS4_00589,9635,7518,11312,3893,3239,3673
HSISS4_00590,10931,8329,12020,3232,3355,3789
HSISS4_00591,10271,9062,11919,3048,3054,3592
fatD,4858,3677,5233,2171,2023,1701
HSISS4_00593,4794,3495,5077,2147,2041,1541
fatB,10005,7577,10160,4238,4262,3902
HSISS4_00595,6777,5490,6646,2854,2949,2941
HSISS4_00596,4577,5594,4809,1960,2057,2679
HSISS4_00597,3722,4209,3853,1557,1538,2022
HSISS4_00598,34970,42756,32417,14568,14523,21869
HSISS4_00599,33395,39447,32273,12990,13821,20040
acoL1,6115,5898,6656,1705,1699,2005
acoA1,4557,4199,5121,1230,1259,1430
acoB1,4253,3741,5004,1236,1188,1132
acoC1,7434,7119,7768,2045,2094,2304
HSISS4_00604,3784,3787,3974,1621,1736,2157
HSISS4_00605,12825,12679,13475,4190,4924,5239
HSISS4_00606,702,832,539,260,272,347
HSISS4_00607,4033,4034,2845,930,989,1142
HSISS4_00608,1105,963,1084,419,423,440
HSISS4_00609,1430,1244,1450,545,527,516
HSISS4_00610,1594,1388,1698,609,617,589
HSISS4_00611,1537,1265,1495,638,628,563
HSISS4_00612,4216,3843,4848,1586,1703,1377
HSISS4_00613,5388,4502,6476,1916,2133,1569
HSISS4_00614,18530,16081,18796,7785,8236,7943
HSISS4_00615,548,407,666,148,172,157
HSISS4_00616,12500,9891,12049,4934,5380,3512
HSISS4_00617,13447,10295,13262,5417,6335,4194
HSISS4_00618,2697,2659,2836,1136,1341,1240
tex,31985,24912,30292,15666,17880,13158
HSISS4_00620,8774,7895,8113,4344,4775,4375
HSISS4_00621,14612,15223,17526,5851,9349,7004
ptsK,12127,9928,11949,6083,6042,4958
lgt,12809,10326,12911,6800,6610,5142
HSISS4_00624,21918,18534,20077,8111,8144,9919
HSISS4_00625,31538,30870,26298,12407,12693,14297
HSISS4_00626,28305,32912,27571,12521,11181,20434
HSISS4_00627,26989,22709,26436,13661,12369,14870
HSISS4_00628,50651,40718,46825,22716,20997,25473
HSISS4_00629,6286,5184,5003,2789,2417,2475
tnp1193B,444,332,554,155,115,137
bioY1,3040,2429,3282,738,650,709
HSISS4_00632,5714,5366,6018,1794,2066,2677
HSISS4_00633,3559,4273,3275,1509,1695,2539
mntH,42375,31096,42119,16373,18125,14081
HSISS4_00635,2506,2435,2766,796,884,1210
HSISS4_00636,3776,4418,3903,1539,1392,2571
HSISS4_00637,18766,20787,16818,7209,6812,10941
HSISS4_00638,4608,4274,4285,1909,1758,1801
lysS,110082,90111,96635,59495,57332,58485
HSISS4_00640,85502,89780,91188,54708,54632,65748
HSISS4_00641,37896,39310,35763,22833,22906,23257
HSISS4_00642,23305,24831,21925,12642,12456,20121
HSISS4_00643,6839,7110,7462,3122,3008,4674
gpmC,22956,24796,23154,7041,8221,10137
HSISS4_00645,8412,9332,8791,3179,3539,4685
HSISS4_00646,74218,81922,66501,26175,28347,42237
HSISS4_00647,3701,2779,3144,749,828,849
HSISS4_00648,1720,1769,1963,611,474,790
HSISS4_00649,3657,3005,3900,1438,1265,1438
HSISS4_00650,6672,6170,6524,2694,2878,3837
HSISS4_00651,4926,4745,4717,1896,2105,3012
HSISS4_00652,1397,1373,1273,541,566,769
hsdR1,27421,21237,27501,11603,11322,9739
HSISS4_00654,10103,10416,10380,4284,4111,4658
HSISS4_00655,7634,7955,6910,2899,2976,3365
hsdS1,16169,17374,16100,6285,6212,6697
HSISS4_00657,15223,16464,14998,5938,6065,6552
HSISS4_00658,4102,3376,3916,1641,1661,1290
HSISS4_00659,3448,2894,3545,1441,1416,1123
hsdM1,29018,25809,27466,11260,10674,10437
HSISS4_00661,1648,1248,1923,521,432,510
HSISS4_00662,16126,12489,15932,5164,4759,5567
HSISS4_00663,1884,1658,1918,542,702,530
lemA,31204,33754,28740,11787,13393,21495
htpX,37617,39707,34371,14643,16172,25842
HSISS4_00666,34719,31749,34164,11008,9516,17799
adcA2,33814,28916,33812,11038,8165,16602
adcB2,29344,26835,30331,9565,7546,14521
adcC2,33357,32861,33312,11167,9061,17484
HSISS4_00670,7111,7335,6329,2685,2346,4492
HSISS4_00671,10450,12324,10472,4419,4226,7695
ppc,322201,302545,282883,100579,96929,155908
holA,12920,12672,13912,5210,5038,7782
sodA,122740,124398,99794,35587,41409,58947
HSISS4_00675,256595,316333,212134,84344,96991,100409
pilD,420,517,616,105,116,179
dpr,110523,127979,94136,32876,38566,54101
fur,122903,134177,102116,31158,35428,48896
HSISS4_00679,24632,26727,24819,7503,8191,10422
glcK,104257,110864,98143,42120,39945,53753
typA,220715,189111,197536,81024,82786,106216
HSISS4_00682,28890,25613,24113,10909,10895,12815
murD,22477,17402,21361,10742,10575,8130
murG,22976,20035,23522,10765,10760,8254
divIB,40995,38094,38565,15959,16769,12774
ftsA,92526,89143,83137,49371,44951,60080
ftsZ,128434,118552,114482,63690,59265,77781
HSISS4_00688,74569,73811,69253,35433,32961,46019
HSISS4_00689,83075,81654,77347,39476,37741,56746
HSISS4_00690,32940,36675,31829,15761,15203,23311
HSISS4_00691,112598,123786,108111,50187,48167,77361
divIVA,124831,132461,114031,53673,51157,81481
ileS,169295,168377,140829,81575,73487,116172
nrdF,55999,51102,52765,22904,20973,30277
nrdE,99561,86684,103084,53683,44687,70150
nrdH,4755,4270,4640,2312,1881,3104
citB,15070,12668,19481,3141,2904,3241
gltA,7799,5979,9386,1389,1465,1361
icd,8054,5792,9354,1498,1589,1236
ptsH,171184,192702,137181,123933,111412,179528
ptsI,769773,795285,631205,507535,456727,699766
gapN,363770,358593,302186,158572,155395,235105
HSISS4_00703,20096,17385,19072,8899,7768,10129
HSISS4_00704,26497,25127,24419,12865,11220,16502
HSISS4_00705,65948,67690,58728,31925,28562,45034
deaD,19546,18602,18419,8075,8672,10663
udk,26025,30037,22613,12514,10787,20405
HSISS4_00708,23237,22857,22353,10072,8839,14622
HSISS4_00709,9965,10604,8858,4096,4195,6122
HSISS4_00710,11256,10963,13700,3587,4163,2873
HSISS4_00711,52849,49496,67273,17893,18919,15416
cobQ,18787,16366,17540,9179,9241,9144
HSISS4_00713,19194,15643,18335,10115,10095,9486
HSISS4_00714,12903,13053,11807,6146,5544,9211
HSISS4_00715,21362,21232,19879,10083,9083,13940
HSISS4_00716,52046,49238,49513,21496,19279,31505
HSISS4_00717,16652,16463,15264,6618,5874,8985
HSISS4_00718,4493,4301,4505,2519,2152,2557
HSISS4_00719,7054,6317,6903,3877,3241,3257
HSISS4_00720,6215,5480,6237,3628,3172,2818
HSISS4_00721,8104,7326,8295,3980,3456,3313
HSISS4_00722,2050,1623,2456,712,463,812
rmlA1,28115,25058,25627,15291,14981,14116
rmlC,26806,23801,25240,13580,13855,11667
rmlB,57261,52496,52265,26414,26591,25459
HSISS4_00726,18256,19453,19219,7349,7077,8358
HSISS4_00727,35099,40455,40629,16740,15282,20153
hemN,10584,9451,11094,5002,4618,5681
HSISS4_00729,7717,6682,8278,3421,3059,3515
HSISS4_00730,10725,8770,11200,4781,4261,4502
HSISS4_00731,8667,7652,9221,3930,3708,3946
hisK,11523,10096,11803,4899,4717,5529
HSISS4_00733,1902,1489,2102,483,373,493
HSISS4_00734,670,610,697,152,154,200
aspC2A,8760,8173,8281,4241,3707,6131
hisS1,10169,9027,10116,4940,4471,5731
HSISS4_00737,7222,5874,6834,3460,2966,3358
HSISS4_00738,14440,11743,13566,7038,6137,7020
HSISS4_00739,7364,5809,6361,3527,3168,3260
guaA1,5646,4566,4656,2846,2586,2628
HSISS4_00741,7761,5892,6493,3832,3414,2832
HSISS4_00742,6421,4924,5050,3500,3018,2276
HSISS4_00743,4516,3660,3692,2393,1989,1650
HSISS4_00744,5199,4420,3865,2485,2204,1998
HSISS4_00745,4375,4905,4471,1693,1589,2412
HSISS4_00746,370,259,360,62,45,62
HSISS4_00747,342,213,302,66,40,56
HSISS4_00748,378,329,358,66,56,101
HSISS4_00749,315,241,319,53,35,97
HSISS4_00750,157832,147130,149666,62063,60532,75237
HSISS4_00751,249202,242676,244852,85408,86030,97858
tnp1193C,531,471,666,168,135,176
HSISS4_00753,55,32,70,15,13,8
HSISS4_00754,68565,79503,53254,28141,28241,46836
tag2,2492,2060,2582,794,677,1027
tnp1191A,1516,1224,1492,283,291,320
tnp1191B,2678,2155,2680,468,557,607
HSISS4_00758,67263,55667,62471,20295,20606,25027
rodA,22740,21291,20019,10385,9333,14601
hflX,17562,15930,16981,6700,6297,9374
HSISS4_00761,10954,9594,11029,4474,4237,5392
elaC,14293,11411,13790,5793,5607,6199
HSISS4_00763,16313,13659,15332,6972,6644,8115
HSISS4_00764,11658,10626,10623,4820,4471,6146
recJ,28833,25520,28042,8756,9131,12361
apt,36381,34563,28666,15603,16029,21329
metA,22089,18192,22513,7301,7259,7600
dnaD,15639,13147,16502,4720,4710,5469
nth1,15662,13442,15763,4425,4600,5774
HSISS4_00770,38396,37074,36736,10881,10430,15624
xseA,26805,24067,24201,9873,9903,13495
xseB,7615,6697,7066,3117,3034,3726
ispA,23706,20449,21998,9380,9614,11095
HSISS4_00774,22938,20502,21930,9468,9303,10477
HSISS4_00775,12033,10454,10960,4659,4666,5057
recN,44817,38029,39497,17635,17914,17020
HSISS4_00777,25224,20805,23412,10886,10801,7980
HSISS4_00778,21162,18043,21137,8258,7874,7108
HSISS4_00779,14768,12757,14832,5435,5336,5075
hstH,104072,106409,80811,51607,51014,66244
HSISS4_00781,12788,13895,11158,4385,4414,5947
pyrDa,17579,21235,15682,11537,11079,18206
gpmA,234991,226870,189462,145774,135409,162666
leuA,62654,56312,63778,22102,19805,23225
leuB,48813,38791,47588,17782,15859,15575
leuC,67951,56982,67701,24825,22137,22942
leuD,30251,25624,28442,10627,9433,10081
dnaE,43863,34777,47856,16480,15490,13333
pfkA,216849,189794,198981,120815,109943,116088
pyk,499775,485210,422648,259245,236179,296300
HSISS4_00791,1260718,1012091,1055228,404462,445017,494341
HSISS4_00792,4729,4681,3615,1249,1492,1809
HSISS4_00793,11668,9433,10389,5843,5163,4855
HSISS4_00794,12766,10671,11450,6814,5670,5428
HSISS4_00795,13952,11164,12374,7291,6369,6427
HSISS4_00796,47694,38846,44124,22656,20718,18221
estA,11696,9892,11606,4268,3845,3519
HSISS4_00798,24798,22061,23731,7975,7919,10495
HSISS4_00799,12667,11763,12168,4391,4213,5476
fld,20034,20853,15528,8829,8106,13257
HSISS4_00801,12146,12183,11377,4952,4294,7384
aroH,1856,1937,1846,1070,965,1315
HSISS4_00803,12218,12557,11244,7626,6443,9542
rplS,166558,191620,147508,83445,74744,139513
HSISS4_00805,13745,12688,10913,5114,6269,6508
HSISS4_00806,11183,12101,8677,5662,6626,8591
miaA,6734,6542,7190,2746,2801,4112
HSISS4_00808,8437,7733,8100,3440,3523,5095
dnaX,28316,26639,26803,11609,12124,17087
HSISS4_00810,1222,1342,1292,529,420,987
birA,11470,9477,11438,4588,5562,4452
metK,50274,53376,45704,23693,20943,37260
HSISS4_00813,6780,7616,8323,2411,1872,3530
HSISS4_00814,3546,3777,4175,1093,980,1554
HSISS4_00815,5651,5777,6780,2050,1634,2353
epsG,4644,4372,5383,1637,1257,1684
HSISS4_00817,4576,4236,5348,1654,1284,1624
HSISS4_00818,8077,7471,9024,2797,2187,3205
HSISS4_00819,3251,3161,3668,1173,970,1488
HSISS4_00820,3142,2859,3355,1002,788,1334
HSISS4_00821,8040,8013,8442,2945,2315,3672
galE2,11760,12375,12525,5294,4529,7358
HSISS4_00823,2438,2536,2215,984,948,1650
murA,52806,48868,42453,20084,19669,31351
epuA,13108,12765,10981,5046,4853,7642
endA,14495,13025,13459,4546,4444,7166
HSISS4_00827,27635,20462,26844,8563,8043,7330
HSISS4_00828,27663,19363,27856,8076,7715,6407
HSISS4_00829,38681,29941,41875,11199,10796,10125
HSISS4_00830,25656,20492,26865,7988,7617,8365
tnp1193D,215,200,267,67,68,62
HSISS4_00832,15757,11789,14367,6805,5717,5189
HSISS4_00833,14255,10581,13484,6438,5413,4725
HSISS4_00834,17190,13334,15818,8641,6928,6943
HSISS4_00835,14261,11242,13955,5947,5286,5548
HSISS4_00836,16582,14464,15076,6674,7620,7106
HSISS4_00837,42123,35456,40463,17192,19003,16138
vicX,28647,25337,26604,11289,11865,10810
HSISS4_00839,4423,3973,4181,1882,1905,1942
murM,22906,19147,22388,13128,14113,9753
HSISS4_00841,11547,9804,10816,6519,6724,5644
HSISS4_00842,8598,7806,8918,2540,2763,3480
HSISS4_00843,4894,4905,5851,1417,1620,2024
pacL2C,137146,119929,128752,38676,47090,30256
nfrA,6512,6998,6635,2809,3061,3586
HSISS4_00846,4297,4323,3790,1270,1348,2176
HSISS4_00847,7423,6497,7069,2253,2310,2902
prfB,31181,30044,28388,12502,11766,17392
ftsE,29383,28789,27004,10819,10828,16563
ftsX,45945,46031,41070,17272,17392,26457
mutT,4603,4550,4316,2010,2029,2937
HSISS4_00852,12755,12778,12190,5072,5292,8316
HSISS4_00853,18179,19447,17231,7596,7780,12401
sipB,31449,37039,30489,12356,11212,21163
mur1B,3944,3979,3983,1735,1522,2128
pepT,18646,17715,17096,9406,9082,11418
HSISS4_00857,32520,35097,29847,14520,13769,22880
fer,470,643,597,244,205,274
HSISS4_00859,70672,74581,63341,28745,26319,41840
cmk,51118,52589,47825,20117,18299,33071
infC,174198,207879,162277,97930,80736,154735
rpmI,93845,112023,91421,54735,47840,96286
rplT,153955,174456,137632,84736,72614,126648
HSISS4_00864,5463,5937,6502,2501,1927,4203
HSISS4_00865,3630,3631,3708,1388,1097,2056
xylH,7145,8036,4735,3104,2825,3759
pepV,34127,38056,31558,16284,15954,24371
HSISS4_00868,5501,5653,5488,2072,2101,2657
HSISS4_00869,245722,236821,244223,80229,106463,75712
HSISS4_00870,67284,59692,54843,21099,28469,19627
rpiA,19840,19235,16035,8015,7488,9941
deoB,52101,48945,45729,22562,22061,26308
HSISS4_00873,25038,24542,24509,11250,11029,11887
punA,32741,27143,28418,14527,14263,11577
HSISS4_00875,34091,27647,31091,14887,14313,10919
gat,23339,20095,21543,9558,8993,9434
deoD,26531,23944,22695,10319,10043,13019
epsA,58366,59216,52847,27480,22887,38733
epsB,40667,38711,37643,19741,16798,26442
epsC,47700,46419,43548,24065,20757,32157
epsD,49284,47242,42554,25789,22278,32385
epsE,94737,94038,85625,47392,40781,61286
rgpA1,59607,54383,54494,28323,24369,32795
epsF,52036,45258,47016,25052,22515,26650
HSISS4_00885,27963,26010,25743,13605,11923,15383
HSISS4_00886,36217,40084,36162,19346,16820,24786
HSISS4_00887,37186,43179,36400,18700,16931,27894
HSISS4_00888,28354,36134,28360,14456,13316,21648
HSISS4_00889,71649,74392,63619,32920,29672,48466
HSISS4_00890,75269,71539,65834,33293,29513,44519
HSISS4_00891,69002,65878,63132,33501,29841,41192
HSISS4_00892,51376,45701,43308,23909,21098,25928
HSISS4_00893,6883,8196,6753,3499,3921,4868
HSISS4_00894,1982,1851,1729,1007,900,796
HSISS4_00895,2158,2117,2199,1213,1142,929
HSISS4_00896,2332,2314,2317,1458,1298,1159
HSISS4_00897,2690,2310,2600,1612,1478,1241
HSISS4_00898,9952,8897,9482,4447,4040,4788
HSISS4_00899,1343,1514,1327,912,735,1148
HSISS4_00900,3791,4211,4057,1515,1659,1879
HSISS4_00901,15043,13505,16065,5406,5837,4939
HSISS4_00902,5718,5063,6281,1875,2046,1860
HSISS4_00903,7652,7259,8072,2659,2944,2935
HSISS4_00904,19986,17512,18216,10943,9821,11196
HSISS4_00905,9277,9732,8652,4124,3494,6813
ung,5352,4501,4899,2457,2271,2046
pyrC,13877,11362,12687,5983,5638,5026
HSISS4_00908,27763,24798,25840,11052,10757,13203
HSISS4_00909,17510,17809,13803,7430,6654,11339
HSISS4_00910,12565,12299,9699,5059,4573,7823
acoA2,67467,55395,53281,18736,20991,23721
acoB2,99225,81335,79619,25805,28769,29966
acoC2,116697,94753,96342,29169,32183,31304
acoL2,163414,127912,131874,40872,44374,40516
HSISS4_00915,108773,100139,96789,66799,62970,65651
HSISS4_00916,17775,18403,17628,9341,8015,11331
HSISS4_00917,28286,26274,21690,9878,9443,9434
HSISS4_00918,13568,13245,12220,7592,5726,8436
HSISS4_00919,12628,11063,10494,7611,5565,6447
HSISS4_00920,21180,18787,18597,13021,9609,10444
tatC,12630,13080,11532,7491,5667,8104
tatA,4793,5460,4669,3093,2499,3575
potA1,11281,9246,10983,5746,4838,3764
HSISS4_00924,7119,5837,7286,3825,3291,2524
HSISS4_00925,9452,7963,9479,5248,4243,3195
HSISS4_00926,26513,24122,23500,16229,13647,13075
malR,7291,8124,6857,3376,2896,4676
malQ,71005,61010,67388,37115,34928,31201
glgP1,188082,169198,177115,86476,84132,86720
HSISS4_00930,2489,3211,2326,1075,1098,1426
lplA,52307,51793,37772,13584,14648,24109
xerS,3951,3411,4562,1405,1689,921
pepN,120598,101272,103181,52375,48293,54853
phoU,20243,17409,18838,8265,7880,9280
pstB2,24352,18241,22671,8959,8791,8365
pstB1,21399,16238,20356,8147,7716,7129
pstC2,21093,17245,19792,7910,7557,8713
pstC1,21313,17687,19526,7849,7293,9690
pstS,16674,14699,15009,6399,5615,7994
HSISS4_00940,19942,18908,18623,7623,6521,10576
suhB,30162,35031,24924,16293,14279,25745
HSISS4_00942,17805,19480,14176,8628,7757,13141
spxA1,40655,44592,32892,20265,17910,33004
ribC,21921,22464,19191,8780,8450,12886
truB,15669,15027,13563,6730,6487,9359
HSISS4_00946,11259,10246,10879,4869,4398,5305
HSISS4_00947,1815,1791,1884,891,811,1140
hsdS2,18599,19524,13957,5934,6515,11103
tpx,77395,78016,55689,19312,20659,31230
HSISS4_00950,5628,5723,5196,1619,1679,2794
cysD,6782,6163,5710,1781,2399,2233
pcrA,29077,25432,25522,12519,12809,14547
dagA,14095,11312,14099,8924,6623,7413
trmE,19505,16006,17948,6627,7084,5564
HSISS4_00955,5446,5922,4766,1878,2177,3224
HSISS4_00956,37428,33373,33220,17849,12802,29471
HSISS4_00957,1500,1081,1304,381,338,443
HSISS4_00958,14326,11924,10164,3638,3360,5806
HSISS4_00959,5126,4431,4786,1415,1565,1382
pyrE,30365,28248,27192,15223,14039,13523
pyrF,8163,6638,8333,5364,4179,3717
HSISS4_00962,35700,37885,34138,16195,13543,22457
HSISS4_00963,29330,32197,28826,13673,11462,19750
HSISS4_00964,32069,35992,31349,15258,13018,22750
HSISS4_00965,21739,22674,20136,9319,8079,14199
HSISS4_00966,16340,17955,15515,7652,6352,10926
HSISS4_00967,11758,12972,11629,5305,4461,7528
HSISS4_00968,56080,56009,51674,23493,19969,33674
HSISS4_00969,16270,16670,15129,6875,5617,9871
HSISS4_00970,3,19,5,8,1,1
HSISS4_00971,683,635,821,211,186,228
HSISS4_00972,428,403,530,103,157,147
HSISS4_00973,551,512,761,172,181,218
pyrDb,11839,10558,12314,5656,4828,5497
pyrK,7525,6843,7896,3821,3169,3855
thiJ,5733,5904,4827,2326,2331,3745
HSISS4_00977,19961,21442,18727,8063,6840,13221
fbp,42222,38859,35492,12255,12383,20025
HSISS4_00979,5550,5114,5532,2155,1971,2911
HSISS4_00980,6184,6264,6961,1713,1404,2697
HSISS4_00981,4284,4745,4871,1111,983,1955
HSISS4_00982,7048,5419,7209,2554,2162,2681
HSISS4_00983,11466,12021,11550,3379,3351,6028
HSISS4_00984,11539,10899,10863,4107,3989,5652
HSISS4_00985,3356,2940,3055,1170,1274,1580
HSISS4_00986,38288,30680,34910,8890,10351,10908
ilvB1,85819,63531,76228,20935,22797,23224
HSISS4_00988,64,97,112,20,4,6
copA2,32599,25972,47540,8420,9152,6249
HSISS4_00990,5424,4476,8827,1501,1618,1052
copY1,3472,2850,5102,969,980,707
HSISS4_00992,2139,1998,2155,792,856,772
adhB1,7029,6115,5995,2926,2897,2410
HSISS4_00994,4137,3470,3597,1827,1608,1338
HSISS4_00995,3601,2902,3528,843,876,936
HSISS4_00996,1303,962,1232,488,478,438
HSISS4_00997,1197,1069,1245,403,473,420
HSISS4_00998,14020,14532,12868,4682,4583,7589
HSISS4_00999,8464,8705,8115,2644,2579,4476
HSISS4_01000,1153,1119,1251,356,268,576
HSISS4_01001,2560,1946,2512,742,705,688
HSISS4_01002,2145,1545,2061,653,582,431
HSISS4_01003,1762,1243,1707,603,479,365
HSISS4_01004,3013,2628,2704,857,806,1171
HSISS4_01005,6408,6540,6123,2595,2074,2768
cbiO2,111736,107687,90818,55008,46798,55658
cbiO3,102263,95542,82356,52144,44256,50688
HSISS4_01008,102957,96725,84319,52244,44180,53988
HSISS4_01009,71642,66998,57332,37335,31665,40654
HSISS4_01010,2415,2575,2948,878,779,1381
HSISS4_01011,1406,1521,1801,519,481,814
HSISS4_01012,1875,1951,2263,702,653,1083
HSISS4_01013,161,144,151,48,40,56
HSISS4_01014,1116,940,1024,400,271,384
HSISS4_01015,16,18,17,3,0,1
nth2,16372,15775,16773,3395,4691,3289
proWZ,28901,24724,28702,6040,8609,5599
proV,13259,11157,13168,2596,3555,2220
HSISS4_01019,13492,12042,13348,2640,3794,2433
HSISS4_01020,7921,7219,9086,1721,2590,1595
HSISS4_01021,12194,10780,13712,2520,3600,2230
HSISS4_01022,13164,11508,14466,2780,3952,2558
HSISS4_01023,7093,6910,7467,1602,2161,1811
aldB,61783,60280,53729,19969,21003,29838
als,100948,94489,84586,33066,35834,53704
HSISS4_01026,10473,11221,7575,3293,3549,4676
HSISS4_01027,6233,6372,6039,2678,2348,3268
lepA,32274,27289,26836,15473,13797,13901
HSISS4_01029,1889,2523,1817,868,1028,1468
HSISS4_01030,71650,84752,55642,36410,35425,60172
HSISS4_01031,9859,10830,8706,3596,4222,6654
ndk,7760,7936,6522,2891,3488,5158
HSISS4_01033,1111,995,940,451,452,360
gid,28985,24257,28925,10355,9831,11833
HSISS4_01035,3989,4182,3697,1588,1415,2540
HSISS4_01036,1768,1821,1634,803,686,1257
HSISS4_01037,352,401,355,121,99,161
HSISS4_01038,452,464,481,153,132,247
HSISS4_01039,426,424,465,126,142,226
topA,92442,92070,86407,30125,27907,48761
dprA,1723,1371,2062,339,302,500
HSISS4_01042,27387,23624,25225,8514,7673,10184
rnhB1,22144,18957,21002,6937,6330,8294
rbgA,22051,20075,21661,6789,6429,8530
HSISS4_01045,20216,17364,19337,4736,4435,5727
HSISS4_01046,5286,5799,5811,1963,1859,3406
HSISS4_01047,2088,2398,2326,912,679,1319
ffh,73889,69605,59456,27692,27302,37430
HSISS4_01049,14536,14379,13035,5803,5981,8796
HSISS4_01050,4284,3651,4170,1542,1622,1927
guaA2,121418,125844,93812,63352,58225,91912
HSISS4_01052,4779,5409,6300,1239,1602,1421
HSISS4_01053,121628,122773,115356,34614,37076,44314
HSISS4_01054,11208,11005,13303,3279,3221,5288
umuC1B,44078,38527,50527,11843,11691,18252
HSISS4_01056,26905,28339,26185,10742,9496,15459
HSISS4_01057,18680,18553,18516,7230,6502,11476
HSISS4_01058,10170,10283,10309,4289,3716,6354
phnA,15279,18064,14826,7744,6529,11135
glmS,97045,78546,93753,31729,28608,35933
cmhR,27844,27037,22608,9667,10680,14516
mur2,13896,15445,11793,5114,4650,8377
HSISS4_01063,35384,34692,30406,17551,15175,24027
HSISS4_01064,7979,8689,6987,2620,2442,3904
HSISS4_01065,13786,16885,12087,7260,6677,10684
adcA1,21118,22726,18843,7510,7708,11679
HSISS4_01067,7376,6519,5581,2552,2522,3448
HSISS4_01068,46822,48046,41259,16968,17223,25451
HSISS4_01069,26997,28094,24427,9764,9599,13355
HSISS4_01070,26610,26118,23955,9546,9640,12339
HSISS4_01071,27807,28448,25930,9347,9522,12999
HSISS4_01072,18150,19312,16042,6519,6726,8619
HSISS4_01073,19254,19522,15886,5606,7074,7735
HSISS4_01074,13547,14211,11686,6382,6101,9218
HSISS4_01075,16534,14880,13437,7198,7043,9479
ptpS,10568,9634,9373,5018,4688,6241
HSISS4_01077,11620,10522,9844,5493,4910,6529
HSISS4_01078,13764,14515,9861,6529,5907,10650
pmrB,36488,31403,32712,13429,13166,15589
HSISS4_01080,32368,33155,28653,14955,13850,18920
asnC,100453,90032,85047,43118,39619,53181
aspC1,70639,63241,61693,30472,27451,36695
HSISS4_01083,25962,24132,22387,11673,10494,14432
dinG,29428,25773,26118,12528,11997,14716
HSISS4_01085,9310,9591,8274,3364,3657,5166
HSISS4_01086,54537,51205,43580,28588,25167,32328
HSISS4_01087,51604,44131,40885,27417,24016,27029
HSISS4_01088,51282,44815,40836,30060,25801,29898
HSISS4_01089,135102,134438,102698,81969,74589,92947
cdd,19960,17934,16747,8359,7883,10127
HSISS4_01091,25498,23907,21603,11704,11060,14199
HSISS4_01092,12528,11678,10689,5785,5655,5783
HSISS4_01093,3066,2910,2760,1555,1474,1419
coaA,17812,19344,15196,9009,8499,13418
rpsT,152167,172203,102817,98179,89383,145149
HSISS4_01096,31552,32309,26145,8580,9541,13215
HSISS4_01097,13661,13971,11203,3574,3964,5256
fhs,78481,81804,55924,44957,45019,64703
dfp2,25949,21900,22762,13770,12180,15949
dfp1,32095,25568,29342,16968,15830,20134
HSISS4_01101,32420,27332,27930,17275,15900,21164
pgmA,135958,115730,114793,101743,94215,65496
metF,384,311,436,109,123,99
metE,939,827,951,275,351,249
HSISS4_01105,3626,4505,3511,1304,1761,1421
pabB,12434,10423,11478,5024,5334,4479
pacL1,51886,50372,44357,20898,21086,29602
dltD,113242,103914,94292,51937,52957,54135
dltC,25265,23528,22740,11277,11100,11033
dltB,91000,81898,78246,43301,42647,35914
dltA,100872,91964,86832,46514,48932,40712
HSISS4_01112,4965,6114,4738,2531,2986,2465
tnpSth1E,1053,1103,1728,457,493,557
tnpSth1F,298,340,563,123,131,194
tnp657B,372,476,618,138,128,221
HSISS4_01116,20969,19279,34316,8339,7479,11571
HSISS4_01117,26458,24101,45127,11187,10195,13079
HSISS4_01118,20541,17668,34262,8802,8477,9121
HSISS4_01119,31385,27863,55991,16276,14548,13696
glyA,35512,27857,60431,20786,18618,13007
HSISS4_01121,15307,12327,26365,7772,6953,5431
hemK,19700,15419,33178,9671,8734,7410
prfA,23918,19930,41352,11738,10248,10708
tdk,10051,8979,18561,4473,3799,5362
add,12141,12290,25017,3889,3714,6013
HSISS4_01126,15513,14922,21370,5205,6131,7315
HSISS4_01127,12827,10783,19060,5356,5879,6689
apbE,18251,16430,27852,6941,7788,9209
rpmE2,162080,182159,186425,78480,71319,139334
HSISS4_01130,17442,15078,33945,6217,5030,9738
HSISS4_01131,36324,36376,64835,11098,11969,18103
HSISS4_01132,3148,2940,5682,1015,880,1372
HSISS4_01133,33660,31138,52187,13433,11818,15080
gyrA,98823,86190,155199,38444,34337,45161
ldh,441888,373764,644617,266020,248501,236357
nox,232120,251949,254341,81988,84299,134478
HSISS4_01137,22147,19586,36114,11888,9762,11846
HSISS4_01138,3500,3421,6560,1084,1118,1694
pdxK,7613,7124,13670,2154,2287,3570
HSISS4_01140,3081,3054,5471,964,999,1541
HSISS4_01141,15658,17991,30647,7460,6655,12463
HSISS4_01142,4519,4628,8080,1344,1329,2219
HSISS4_01143,23186,24710,36360,9345,9238,14511
HSISS4_01144,5888,6463,8114,2786,2708,4164
pheT,109478,100638,131371,74804,65924,90387
HSISS4_01146,13192,12206,16361,11254,9298,8807
pheS,30212,26393,39288,25660,21810,19293
HSISS4_01148,4816,5570,6648,1893,1788,3139
HSISS4_01149,16282,17508,21089,5546,5733,9783
smc,77511,68126,116545,33986,34858,37094
rnc,9847,8534,14878,4794,4744,4912
dapA,38199,36871,59988,18698,17042,27951
asd,39651,34479,63323,23683,19802,24422
HSISS4_01154,40038,39371,75520,12766,11906,19080
cls1,48561,39268,86806,14050,12250,17918
HSISS4_01156,13232,10201,24092,3837,3343,4478
cls2,157661,143166,257298,70828,62532,86350
HSISS4_01158,9380,9600,19305,3958,4024,4999
uvrC,10892,9055,17089,3809,3891,3859
HSISS4_01160,13638,11535,21381,3000,2764,3923
sdaB,3685,2841,7413,1478,1529,1078
sdaA,5449,4196,10517,1938,2142,1898
scrB1,23922,22556,53059,13668,10825,12587
HSISS4_01164,3962,3881,6773,1701,1870,2143
HSISS4_01165,10364,11617,21224,3365,3842,5823
scuR,2314,13,4813,965,26226,1236
sptA,511,1282,2220,172,320453,359
sptB,602,1624,2559,235,385475,426
sarF,4314,5413,3,1893,5915,35783
HSISS4_01170,63,42,116,6,4,15
tnp1193E,119,107,797,40,39,61
HSISS4_01172,60777,49096,151039,21864,15048,27464
HSISS4_01173,4042,3966,6729,1611,1519,2008
HSISS4_01174,5713,5370,9989,2576,2374,3158
HSISS4_01175,5764,4896,9884,2378,2207,2764
HSISS4_01176,5778,5131,9905,2515,2365,2740
HSISS4_01177,7204,6102,13498,2940,2490,3726
HSISS4_01178,10448,9416,21082,4735,3772,5459
HSISS4_01179,222,173,781,73,29,57
HSISS4_01180,165,142,637,42,29,42
HSISS4_01181,43,48,192,15,8,24
HSISS4_01182,34,28,96,8,3,8
HSISS4_01183,6597,4449,10590,2219,1815,1712
HSISS4_01184,4688,4574,8774,2726,2319,2713
HSISS4_01185,6712,6697,14137,4036,3440,3711
HSISS4_01186,8289,7614,16876,4838,3879,3870
HSISS4_01187,5053,5235,10029,2688,2423,2604
HSISS4_01188,12013,13185,21794,4692,4498,8387
HSISS4_01189,5426,5617,9322,2104,1853,3504
HSISS4_01190,5554,4459,11873,1875,1722,1896
HSISS4_01191,1765,1394,3628,602,522,679
HSISS4_01192,5569,5525,11104,1983,1874,3280
HSISS4_01193,3355,3405,6244,1279,1143,1869
HSISS4_01194,1381,1078,873,347,259,319
xpt,1464,1236,2628,1063,938,850
HSISS4_01196,3161,2671,5997,2623,2503,2005
HSISS4_01197,1197,1117,2892,484,415,432
HSISS4_01198,405,390,1052,151,161,196
HSISS4_01199,3337,3885,6246,1312,1397,1854
norM,3862,3285,7349,2102,1833,1729
HSISS4_01201,12036,13834,17884,4082,3243,4183
msrA1A,25640,23752,49198,4932,6493,4540
msrA1B,12594,11543,23531,2557,3352,2566
brnQ,23374,21391,38747,7212,6965,11398
pmi1A,22135,18086,44806,8711,8301,9786
HSISS4_01206,19470,21409,31518,6310,6247,10553
HSISS4_01207,34866,39820,58606,11479,11838,18596
HSISS4_01208,35016,34190,46314,10380,10380,14799
HSISS4_01209,1386,1017,2509,273,237,353
HSISS4_01210,4066,4147,6893,1230,1195,1742
HSISS4_01211,16729,14166,27376,7271,5939,6194
HSISS4_01212,49220,37956,104394,19911,18683,19571
HSISS4_01213,2325,2529,3970,1110,1131,1634
HSISS4_01214,11825,11177,21370,3287,3531,5516
HSISS4_01215,15889,13881,29491,6170,5745,6397
HSISS4_01216,7697,7015,15940,3086,2847,2965
HSISS4_01217,5440,4706,10686,2144,1829,2013
HSISS4_01218,3292,3005,5596,1754,1639,1502
HSISS4_01219,4616,5083,6485,1781,1747,2535
HSISS4_01220,1093,1162,1568,460,434,641
HSISS4_01221,1284,1503,2000,482,504,739
HSISS4_01222,29664,33806,54987,3950,8947,3815
HSISS4_01223,1697,1744,3663,248,453,259
HSISS4_01224,9317,11131,13305,2508,3196,3004
HSISS4_01225,8403,7860,15708,2599,2777,2843
celB,8203,6941,14816,2723,2887,2612
HSISS4_01227,3136,2842,13955,1005,1182,717
HSISS4_01228,2605,2305,12576,939,921,784
HSISS4_01229,15894,21807,23459,10976,12306,11628
HSISS4_01230,3499,3242,7257,1469,1510,1869
HSISS4_01231,2228,2285,5532,927,987,1276
HSISS4_01232,19468,18204,31109,5512,6199,9879
HSISS4_01233,2523,2061,5548,788,820,1232
tnp1193F,217,146,265,58,67,47
HSISS4_01235,28369,27776,45145,8900,9632,15228
HSISS4_01236,1204,1232,2179,584,530,709
lacZ,31354,35245,47528,12701,10162,18042
lacS,14106,14883,21336,5786,4837,7508
galM,3656,3898,6356,1617,1354,1718
galE1,5024,4476,9363,2090,1987,1595
galT,8592,8218,16036,3113,3252,2619
galK,6282,6317,11378,2121,2342,2219
galR,22085,22359,32800,5559,6625,7842
HSISS4_01244,6882,7397,13225,3376,3286,3924
tnpSth1G,833,842,1361,345,337,441
tnpSth1H,1707,1720,2849,585,548,720
vncS,5512,4841,11206,2317,2009,1869
vncR,2393,2038,4540,889,818,774
HSISS4_01249,1285,1123,2778,396,384,438
HSISS4_01250,451,401,991,117,112,172
HSISS4_01251,919,781,1947,235,201,282
HSISS4_01252,21222,16747,35838,13311,12426,9516
HSISS4_01253,57256,62569,72753,19244,18224,32289
HSISS4_01254,8670,8609,15001,3594,3877,3604
HSISS4_01255,6417,5707,11302,2904,3097,2313
HSISS4_01256,1937,1623,3317,855,881,643
HSISS4_01257,2360,2070,3977,1144,1176,819
HSISS4_01258,3249,3112,5765,1602,1538,1233
HSISS4_01259,9527,7764,19532,4454,3749,3792
HSISS4_01260,6726,7444,10633,2581,2164,3642
HSISS4_01261,2912,2998,4982,1044,1002,1611
HSISS4_01262,4278,4664,7488,1566,1480,2396
HSISS4_01263,2354,2515,3986,814,837,1218
HSISS4_01264,5111,5455,8146,1939,1949,2740
HSISS4_01265,25474,32099,42923,9237,10400,10766
HSISS4_01266,30185,24222,47133,8839,11070,7578
HSISS4_01267,940,1188,1670,359,381,681
HSISS4_01268,6992,6265,10216,2327,4630,1957
HSISS4_01269,9185,8148,18492,3383,3141,2885
tnpSth1I,1008,1075,1749,476,455,618
tnpSth1J,287,356,580,150,126,201
tnp657C,276,310,646,97,65,177
HSISS4_01273,21227,18392,38602,7699,7433,7664
HSISS4_01274,16310,15876,39311,7371,5806,7822
HSISS4_01275,5316,4996,13332,1377,1506,1594
HSISS4_01276,6307,5997,14798,1784,1737,2253
HSISS4_01277,5926,5743,14163,1785,1702,2294
HSISS4_01278,1984,1722,4644,662,668,662
HSISS4_01279,840,860,2136,301,298,326
HSISS4_01280,1402,1151,3829,448,450,453
HSISS4_01281,1606,1274,4100,548,512,464
HSISS4_01282,22772,22689,49120,10686,9187,12611
HSISS4_01283,39895,37280,85732,14004,12783,12840
HSISS4_01284,65355,62989,132415,21148,24062,20592
HSISS4_01285,48169,43264,96222,20977,22353,19187
HSISS4_01286,33365,32863,67756,12203,12530,11929
HSISS4_01287,21258,19255,44950,7565,6590,8650
HSISS4_01288,15902,15769,35054,5383,4834,10797
HSISS4_01289,4698,4102,8119,1351,1667,1873
mleP2,3943,3062,5807,1139,1665,1275
HSISS4_01291,18766,15410,27656,5014,7696,5003
HSISS4_01292,1371,1373,2122,612,626,900
HSISS4_01293,7967,8599,13545,3612,3624,5260
tnpSth1K,1039,1041,1664,454,457,602
tnpSth1L,287,303,591,124,116,193
tnp657D,442,400,656,135,124,206
HSISS4_01297,3757,3904,4395,1119,1158,1745
HSISS4_01298,11348,9285,14466,4264,3900,4650
HSISS4_01299,2495,2148,3411,928,821,1148
dapD1,2842,3130,3125,1061,1259,1737
HSISS4_01301,2130,2408,2515,804,801,1217
HSISS4_01302,146014,123916,154375,47162,52396,49822
amyL1,81796,67936,82709,30892,29739,30543
HSISS4_01304,7605,9309,8875,2151,2431,2944
HSISS4_01305,90159,67088,79854,35337,35537,29552
HSISS4_01306,189304,136339,179576,71950,76404,57335
HSISS4_01307,322760,263131,296569,146942,140205,159192
HSISS4_01308,236625,194298,227572,104382,99982,138811
HSISS4_01309,1576472,1456140,1413866,734145,683739,980839
HSISS4_01310,61589,55449,61866,22130,23272,27842
HSISS4_01311,17020,15257,18335,6148,6430,7743
HSISS4_01312,12074,10711,12954,4476,4553,4993
HSISS4_01313,76736,61117,77143,25889,26855,28602
HSISS4_01314,76799,65829,78569,26401,27913,29833
secA1,100357,84631,103836,36531,37503,31877
HSISS4_01316,16937,14120,18068,6059,6275,4723
HSISS4_01317,49370,41928,51846,17011,17489,14627
HSISS4_01318,54496,52015,58401,18336,18968,22510
secY1,55335,52998,54029,17368,19664,20527
HSISS4_01320,83461,78971,81988,25955,30414,29036
sbcC,17220,14087,19115,6931,6947,6426
sbcD,4984,4121,5824,2014,2052,1750
HSISS4_01323,279664,243398,272981,122791,127290,116400
HSISS4_01324,304451,263709,282028,132699,128325,127894
HSISS4_01325,2317698,2174409,2286063,882598,1078285,884312
HSISS4_01326,5705,6144,6984,1899,1914,3042
HSISS4_01327,3420,2589,5164,975,1093,747
lmrA2B,39309,27186,44209,15128,13494,11473
HSISS4_01329,31889,21874,37344,11863,10569,7715
HSISS4_01330,16190,11847,16991,10548,11247,7085
HSISS4_01331,10320,9808,11341,3669,3672,4621
HSISS4_01332,21313,19223,23635,7494,8072,9309
HSISS4_01333,11375,11554,11037,3009,3242,4894
glgP2,137105,115277,131552,70238,61249,72154
HSISS4_01335,130181,120032,113950,75310,68692,70625
HSISS4_01336,92931,85799,87889,57770,51996,46459
rmlA2,87640,83329,80258,57039,50972,49319
HSISS4_01338,93363,88604,81163,65044,55918,47827
HSISS4_01339,9166,8323,8482,7403,6410,4656
ftsK,22885,20873,25347,9313,8298,12605
trxB2,29699,23325,33347,12684,11360,10776
trmD,18881,14009,20943,7797,7062,6774
rimM,13021,10539,14949,5329,4738,5412
vraR,13404,11871,14022,4988,4564,6551
vraS,17791,14631,20624,6658,6021,8349
HSISS4_01346,11314,9176,13493,4276,3909,5086
HSISS4_01347,8520,7636,10270,2820,2594,4021
pknB,152227,127803,148991,61242,57022,65419
pppL,55430,49413,55276,21144,19738,25004
sunL,52660,46455,51622,18475,16938,24079
fmt,24513,20799,25092,8447,7758,10634
priA,45779,38351,47900,16590,14171,19009
rpoZ,23195,23635,21471,12122,11088,18538
gmk,31302,31826,29061,15988,14499,24448
ftsY,33599,30698,35336,14652,14825,17068
HSISS4_01356,15560,14239,16296,7013,7240,8489
HSISS4_01357,9333,8618,9222,4261,4440,5857
HSISS4_01358,8339,6424,8071,3601,3873,3380
HSISS4_01359,17370,12961,18445,7297,7741,6404
HSISS4_01360,17623,14672,18808,7320,8140,7420
amiF1,71218,67667,69070,30953,28265,42172
amiE,77241,68165,70957,33909,30142,38596
amiD,50785,42355,48987,22634,20556,22996
amiC,67894,56343,69487,32418,29956,28377
amiA3A,98706,87168,98469,54055,50108,44494
amiA3B,127035,109830,124495,69738,65639,58386
eutD,71436,77463,59195,31065,32093,43306
HSISS4_01368,20855,17640,19869,9051,8581,9353
ppnK,17717,15526,17309,7829,7559,8479
HSISS4_01370,10328,9290,10006,4319,4186,5323
HSISS4_01371,12124,11361,12219,5029,4858,6144
prsA2,39821,32987,36345,22693,22416,21600
nifS3,47950,39642,46954,30394,29976,28491
HSISS4_01374,16648,15524,16149,10188,10111,9618
HSISS4_01375,7884,6223,9144,2995,3559,2683
HSISS4_01376,16495,13247,17972,5812,6710,5836
radC,1051,946,1118,293,290,534
rgpF,83288,92835,82294,33856,33714,53529
rgpE,40105,44005,39731,15608,15440,24670
rgpD,53533,55052,52603,21962,21531,34149
rgpC,26954,26232,26707,10329,10228,16418
rgpB,31491,30330,30827,12249,11894,18600
rgpA2,34826,35629,35787,12816,13213,21780
HSISS4_01384,36075,42838,34332,20131,18923,32942
epsI,19310,23459,19491,11272,10644,19083
rgpX3,27348,31751,25770,15886,14178,25504
HSISS4_01387,7449,9317,7046,4245,3854,6471
HSISS4_01388,18527,21923,17438,10879,10003,18131
rmlD,27712,31362,25239,14516,13751,23892
HSISS4_01390,13206,14019,15949,3824,3970,6507
HSISS4_01391,49099,42300,50122,16216,14535,22983
HSISS4_01392,27827,24276,30077,8342,7799,12392
rpoD,73826,62384,79791,23397,21491,30249
dnaG,98095,80402,103436,32203,28864,38084
HSISS4_01395,78189,85167,56344,40179,37261,62742
rpsU,125299,145124,81731,66634,54613,89487
HSISS4_01397,48120,52852,49254,24811,21108,37725
HSISS4_01398,13635,11466,14741,4365,4587,4542
HSISS4_01399,44431,50191,40831,11623,14964,16522
HSISS4_01400,39012,49271,34068,14472,16507,21770
HSISS4_01401,9692,8729,10135,3079,3205,3528
uvrB,29030,24975,32124,9820,10469,10146
HSISS4_01403,8405,7375,9380,2877,3103,3398
HSISS4_01404,17419,18086,20052,5751,5659,9513
gnlP,125952,120368,105954,42340,39723,68343
gnlQ,58615,55507,50573,18220,17868,30597
HSISS4_01407,9703,9735,9748,4393,4421,6231
obgE,41384,38010,37135,17628,16874,21479
HSISS4_01409,3632,3137,2777,1436,1333,1514
rsuA2,5914,4943,6239,2068,1998,2179
HSISS4_01411,8666,7066,9126,2832,2561,3230
HSISS4_01412,3787,3210,3982,1189,1194,1501
HSISS4_01413,2042,1746,2153,489,511,658
HSISS4_01414,1199,1318,980,454,409,671
HSISS4_01415,2496,1865,2765,819,853,767
HSISS4_01416,3666,4015,4908,1469,1422,2333
serB,17459,15733,19097,6831,6392,7982
ezrA,193281,189698,183941,85947,79290,119880
gyrB,74846,59811,72773,32791,31935,26216
HSISS4_01420,17153,15581,16005,7007,7042,8656
HSISS4_01421,11236,9492,11724,4135,4221,5452
HSISS4_01422,5910,5506,5830,2715,2526,3841
HSISS4_01423,6799,7444,6548,1901,2031,3329
HSISS4_01424,4993,4968,4727,1690,1838,2963
serA,51588,39196,49207,29962,27594,27800
HSISS4_01426,26842,20013,27042,15340,14681,13315
serC,46160,34992,44821,25793,23702,23672
HSISS4_01428,4493,4052,5328,1824,1826,2018
gloA,23369,27281,23190,8204,9763,12031
HSISS4_01430,30188,32940,27774,12148,13338,18691
potD,46020,46861,44795,24204,21526,32811
potC,26152,24648,24970,13461,12082,16536
potB,22574,19170,21452,12757,11566,12259
potA,30608,25485,30182,16991,15232,14769
murB,17839,15474,17609,9482,8557,9423
folK,8866,9470,9262,3270,3479,4915
folQ,4723,5046,5285,1840,1848,2930
amyL2,30612,26184,33629,9927,9719,14713
folP,26851,24981,25845,11429,11006,16349
folE,14345,13411,13815,6624,6314,9417
HSISS4_01441,74516,60681,78682,27895,27757,30294
folC2,17332,14311,20293,6766,6288,5354
HSISS4_01443,142638,174492,123123,76926,68557,122858
rpsP,125616,158372,115420,68308,60310,115781
HSISS4_01445,56097,60751,54480,23139,20900,37787
HSISS4_01446,72273,80659,75398,27506,25383,47089
HSISS4_01447,19172,20368,18566,7745,7063,11357
HSISS4_01448,15845,14163,14836,5325,4294,9414
tehB,14966,13924,15563,6367,6205,9523
HSISS4_01450,8299,9158,9231,3181,3017,5314
HSISS4_01451,1983,1907,2087,459,519,539
HSISS4_01452,1400,1544,1625,474,508,682
exoA,23434,21622,19771,6478,6896,10643
HSISS4_01454,5106,4510,5008,1257,1356,1891
HSISS4_01455,51237,54479,49735,20123,21519,30584
HSISS4_01456,13674,13791,14513,4699,4434,7587
HSISS4_01457,11767,11542,12659,4157,3750,6925
HSISS4_01458,24583,21648,25641,10114,10923,9767
ligA,33754,27715,33801,14098,15375,13161
HSISS4_01460,4496,3972,4715,1696,1453,1692
HSISS4_01461,31437,24412,32431,12648,11461,10111
pepM,25134,18299,25446,9858,9192,7456
HSISS4_01463,36102,28810,37219,14768,13376,14144
HSISS4_01464,12524,10897,12888,5188,4836,6040
murZ,52343,48417,51149,21893,18972,32038
comEC,1640,1292,2044,455,370,452
comEA,462,362,519,136,101,150
HSISS4_01468,21471,23691,19933,10570,9123,16530
HSISS4_01469,74428,80868,77660,30794,30798,47804
HSISS4_01470,5594,4521,5977,2640,2558,2153
HSISS4_01471,2428,2057,2663,1116,1147,1056
rheA,254565,234425,213653,74844,80485,141689
corA1,19055,18626,20076,6681,7433,9440
HSISS4_01474,6400,6143,6100,2232,2317,3037
HSISS4_01475,8487,8026,8739,2171,2086,3478
rggG,2751,2323,3469,843,815,1040
HSISS4_01477,4681,3675,5295,1369,1363,1603
prfC,41414,32665,40473,21372,19075,15181
HSISS4_01479,4037,3343,4901,1686,1611,1593
murF,23223,19901,21044,10148,10029,13576
HSISS4_01481,1740,1732,2085,646,630,913
HSISS4_01482,2168,2113,2551,767,798,1120
HSISS4_01483,2489,2592,2852,965,920,1349
HSISS4_01484,1334,1018,1495,476,527,362
HSISS4_01485,1093,870,1123,361,453,266
HSISS4_01486,939,704,1105,270,295,203
HSISS4_01487,801,599,824,184,197,128
ddl,20892,19518,23477,12055,10611,10935
copZ,9195,8163,15543,1781,2384,1648
copA3,59574,48687,91847,10984,15666,9172
copY2,5728,4767,8956,1102,1659,860
HSISS4_01492,4963,4430,6852,1782,1908,2297
HSISS4_01493,72,51,99,25,16,10
trpA,27601,18945,25405,9232,9839,6719
trpB,32464,22621,29870,11096,11810,7832
trpF,14238,10136,13157,4531,4756,3275
trpC,20216,15067,19132,6637,6952,5100
trpD,28959,20868,27052,9270,10263,7319
trpG,19012,13969,18989,5840,6620,4913
trpE,41296,30623,38422,12570,13657,12162
HSISS4_01501,3855,3762,4615,1207,1213,1893
ctpE,70910,62516,69111,25798,26501,37543
HSISS4_01503,3069,2862,3597,817,856,1313
HSISS4_01504,3320,3033,3922,881,934,1537
HSISS4_01505,8880,9991,7375,4522,4171,6766
HSISS4_01506,9498,10310,13142,3363,3420,5687
HSISS4_01507,44,58,98,14,11,11
HSISS4_01508,26381,21262,25935,13516,11826,11419
HSISS4_01509,110795,84275,115070,53757,47553,44156
HSISS4_01510,11088,10550,12399,2909,2968,5236
dnaQ,6759,6075,7222,1842,1904,3086
HSISS4_01512,27708,30130,27059,11594,12026,18368
HSISS4_01513,9331,9643,9077,3166,3856,6381
ilvD1,124029,103719,116061,55213,44837,50906
HSISS4_01515,7925,6829,8031,3899,4122,4353
trmB,41537,38545,41597,21153,11663,16447
HSISS4_01517,39852,35785,38958,18202,10639,15583
HSISS4_01518,22413,20688,23516,9286,6491,9323
HSISS4_01519,14849,14054,15543,5820,4197,7050
hit,11598,10672,10056,4992,5858,7019
HSISS4_01521,14380,13679,12591,6049,6381,7629
HSISS4_01522,22475,28606,25066,13338,8773,10865
clpL,1193549,1138522,1496689,197192,280973,167340
HSISS4_01524,7097,8140,7835,2314,2252,3138
HSISS4_01525,7258,8622,8352,2424,2263,3154
HSISS4_01526,37598,34249,37046,11215,11734,18233
HSISS4_01527,24474,22598,25918,7564,8013,11981
HSISS4_01528,34310,32346,35758,13611,14613,18909
HSISS4_01529,36005,32465,38971,14135,15561,17909
nadD,45910,38182,48401,18307,19790,21068
HSISS4_01531,22885,18396,25952,9292,9803,9451
HSISS4_01532,67375,54062,70914,29630,31557,31248
HSISS4_01533,20277,16490,19913,8729,8965,9608
HSISS4_01534,9112,7625,8873,2880,3027,3771
adhB2,28324,30810,26287,18876,18910,21471
HSISS4_01536,47,77,83,18,4,4
HSISS4_01537,906,1094,1037,457,421,795
HSISS4_01538,2732,3225,3370,965,867,1137
gatB,85205,69579,79903,41309,37139,30515
gatA,78007,61827,72447,38636,35382,28009
gatC,9672,7970,9096,4905,4376,3743
HSISS4_01542,55803,47500,56771,20230,20032,22021
HSISS4_01543,47491,40747,50612,16117,15809,18977
HSISS4_01544,26252,25124,28085,8946,8628,12986
HSISS4_01545,27493,25906,26966,9533,8655,14199
HSISS4_01546,5807,5487,5894,3691,2926,3984
entB,25325,25281,24804,7019,6873,13252
codY,80035,80260,70099,27579,26608,50143
aspC2B,83354,85036,78475,33887,32792,55815
HSISS4_01550,55001,64399,57611,21059,21902,32747
HSISS4_01551,49818,54844,48985,21021,19549,33130
pflA,37220,36245,28991,13481,14008,20849
HSISS4_01553,32579,30280,30363,19361,19321,19437
hlyX,73053,70891,68360,22596,21044,37010
HSISS4_01555,7499,6196,8475,3552,3272,2887
tnp1193G,1728,1250,2000,546,516,576
nha,21206,17161,22220,8837,7984,8231
HSISS4_01558,2823,2337,3214,1375,1274,1074
HSISS4_01559,6076,4765,6815,3072,2912,2601
HSISS4_01560,8195,6235,8608,4183,3885,3390
HSISS4_01561,15164,11632,16456,6639,6545,4924
coaD,6851,4997,7920,2815,2784,2189
HSISS4_01563,6157,4695,6549,2499,2352,2115
trxB1C,53916,45442,55838,13331,12831,17907
HSISS4_01565,7581,6362,8392,2018,1839,2819
HSISS4_01566,22905,18091,24229,5068,5452,4847
HSISS4_01567,29013,21175,31109,6193,6911,5525
HSISS4_01568,16890,12793,18894,4123,4071,4174
HSISS4_01569,14834,11538,16978,4724,4665,5018
dinP,4199,3225,4882,1106,1034,1141
pfl,654769,560009,549673,368119,380742,378413
cah,31138,28719,40257,10580,10141,15783
HSISS4_01573,3166,2456,3973,1026,1042,927
HSISS4_01574,7672,6841,7763,2844,2679,3068
HSISS4_01575,5149,4694,5526,2090,1870,1913
HSISS4_01576,16778,16280,17849,6832,6520,8699
cppA,33563,37890,30611,15786,14975,23816
HSISS4_01578,36520,30100,37648,13228,12642,16360
gla,118323,111772,110109,95114,75706,98413
pepXP,21615,18014,23543,11312,10215,10571
blpI,7310,7688,9329,3121,11860,5758
HSISS4_01582,5678,5890,7033,2191,8987,4360
HSISS4_01583,34,53,74,7,16,9
HSISS4_01584,191,164,214,73,4865,101
HSISS4_01585,245,253,284,102,4486,103
blpK,411,352,499,138,5249,182
HSISS4_01587,102260,81971,101329,29890,27709,35641
HSISS4_01588,80751,63334,77512,23196,21616,26442
HSISS4_01589,27822,23965,29514,7968,7430,10987
HSISS4_01590,60625,54467,55573,20913,19505,30323
HSISS4_01591,142783,126338,133201,48227,45712,70607
HSISS4_01592,73502,62870,67955,26696,24922,36982
HSISS4_01593,31568,29694,34350,11578,12084,16136
slvV,144,138,192,50,3134,59
rheB,40808,33149,40923,13970,13789,15716
mraY,65552,65419,59470,25861,24509,38579
pbp2X,121328,111710,115490,47310,46233,67086
ftsL,15064,13685,15474,5798,5558,8527
mraW,37292,33374,33839,14471,14137,21720
HSISS4_01600,48140,40163,62596,18523,15679,18716
HSISS4_01601,16517,12232,23010,5860,5124,4880
HSISS4_01602,8798,8802,10735,2494,2254,4224
HSISS4_01603,34200,40022,37520,14502,13650,26594
HSISS4_01604,8131,8916,8552,3255,3036,5879
proA,45982,38353,44951,19864,18450,17799
proB,26427,22054,25933,11399,10067,10294
HSISS4_01607,16287,14268,16978,7084,5881,8232
HSISS4_01608,7833,6930,8283,2992,2674,3880
HSISS4_01609,6418,5639,6715,2488,2262,3156
rexA,37998,30724,36677,15944,15438,14799
rexB,25078,21036,25235,9875,9732,10277
HSISS4_01612,30609,24514,33557,11422,11034,9863
HSISS4_01613,22135,17951,23191,8823,8046,8177
HSISS4_01614,48333,43327,50801,22126,19964,26621
HSISS4_01615,5247,4655,5867,2764,2371,2697
HSISS4_01616,14243,11124,15568,7042,6158,5464
HSISS4_01617,13903,10747,15729,7057,6042,5084
HSISS4_01618,8699,7196,9657,4305,3587,3345
dnaK2,18269,15578,19391,8939,7739,6894
HSISS4_01620,5126,5217,6537,1910,1875,2839
HSISS4_01621,3114,3095,4128,1261,1213,1710
HSISS4_01622,70621,68517,68253,43646,35485,41924
HSISS4_01623,35000,31224,34975,23092,18978,20380
HSISS4_01624,34647,33817,33699,15435,13492,20852
ansB,5747,4805,5882,2988,3050,2410
HSISS4_01626,1340,1201,1454,729,651,502
HSISS4_01627,2022,1872,1796,871,798,1160
HSISS4_01628,4214,3811,3837,1889,1583,2364
HSISS4_01629,1700,1718,1387,436,561,598
HSISS4_01630,563,614,594,154,205,185
HSISS4_01631,4648,4037,5410,1678,1629,1844
recG,14649,11613,16332,5243,4941,4872
alr,37797,29492,35964,14039,12536,10913
acpS,13060,10787,12896,5423,4855,4220
aroG1,38992,31587,38508,14543,12972,13784
aroG2,129859,125054,117244,54047,51146,73738
secA2,248526,224264,218771,104986,97100,135789
HSISS4_01638,5971,5799,6329,2140,2016,2407
pmi1B,13403,11981,13780,5491,4952,5357
scrK,33658,32189,30900,15190,13340,18019
scrA2,85867,73941,88699,42695,40610,31221
scrB2,40325,39034,43901,11899,13753,11223
HSISS4_01643,30856,29433,36915,9291,10097,9478
nusB,49446,44724,47750,24830,23957,23524
HSISS4_01645,51435,43212,46579,26259,25248,21932
efp,79305,68760,74985,38929,37488,36220
comEB,13040,10696,13642,7652,8567,5000
pepP,21335,17008,21221,11749,13633,8084
HSISS4_01649,621,575,785,201,6814,252
HSISS4_01650,531,564,763,128,7532,253
blpG,399,316,448,122,7462,141
HSISS4_01652,164,179,223,39,2029,76
slvW,169,122,178,31,1427,55
HSISS4_01654,278,332,410,79,74,102
uvrA,41345,33567,42932,12811,13029,11507
corA2,43204,35617,42761,22247,21216,25341
HSISS4_01657,23440,17200,24157,11070,10683,10574
HSISS4_01658,11209,9352,11944,3733,4055,3205
rpsR,269227,271343,241746,138343,122387,206479
ssbB,394324,389937,349679,182886,159401,265630
rpsF,279204,269688,237797,127808,108387,176129
HSISS4_01662,4650,3601,5236,1887,1751,2010
mutY,9012,7538,8287,2661,2806,3576
HSISS4_01664,46,62,108,18,1872,17
slvX,188,184,275,47,5455,82
HSISS4_01666,23421,26600,29473,9174,8977,14735
HSISS4_01667,2672,2208,2450,1131,1070,922
polA,39900,31510,37520,16631,16466,16424
mutS2,37542,28929,36364,17152,15777,12443
HSISS4_01670,23191,25239,21417,8103,7745,13742
HSISS4_01671,14215,15829,14261,4525,4387,7809
rnhB2,23149,18087,23860,10210,10563,8427
sipA,24251,19310,25377,10189,10240,8893
recD,15244,11819,15987,5673,5730,4731
HSISS4_01675,2781,2324,2880,986,785,1088
HSISS4_01676,4126,3437,4467,1462,1259,1447
gcp,11502,10639,11403,5537,4746,6085
rimI,6049,5603,6459,2974,2596,3053
HSISS4_01679,6463,5746,6331,3299,2808,3257
HSISS4_01680,20889,17134,21153,9345,8643,9499
HSISS4_01681,117494,89275,113480,50259,47107,45346
pcsB3,22717,22272,17141,6213,5414,9999
gnlA,201272,194278,194172,83903,83596,114422
gnlR,39302,41493,40074,18722,18639,30785
HSISS4_01685,10026,10247,10040,3747,3452,5496
pgk,337276,317863,283183,231023,204249,256861
HSISS4_01687,3077,3645,3807,1253,1345,1773
gapA1,1795041,1950323,1484322,949252,915078,1465579
fus,884375,697523,807620,429872,391465,382191
rpsG,379719,323618,324553,175124,159150,210607
rpsL,428335,380126,400690,190177,180958,271485
purR,29398,31986,26003,11415,11639,17126
cbf,36249,31343,39294,13220,13814,15548
HSISS4_01694,46290,38109,53122,16846,16833,17979
HSISS4_01695,18123,15579,18514,6795,6758,7772
rpe,31365,28289,31108,12348,12581,16757
HSISS4_01697,37304,36454,38212,15629,16191,22257
ksgA,26037,28626,25524,11468,10775,18681
HSISS4_01699,15260,16326,15677,7048,6360,11434
tatD,15757,17176,16557,6997,6091,11851
HSISS4_01701,9804,10208,10751,2022,2201,3613
trxA1B,19477,20499,18965,5198,5609,8712
HSISS4_01703,64584,78235,61361,17485,26909,19120
HSISS4_01704,21107,23717,22600,6315,6357,10328
bta,12428,13706,13108,3830,3524,5715
tgt,43479,40983,43361,17451,15183,24115
rpmH,82564,80827,53380,41233,32959,47838
HSISS4_01708,4003,3950,5691,1053,1051,1747
HSISS4_01709,2805,2749,4031,801,644,1250
jag,63596,66245,60343,25412,23829,43338
HSISS4_01711,39510,40071,39051,15484,14069,26029
rnpA,12765,12012,11926,4192,3848,6750
argH,120692,81016,116874,17341,22752,16950
argG,204351,178563,186770,54601,64120,61909
HSISS4_01715,26918,27811,28631,9642,8878,14907
HSISS4_01716,40117,38657,43611,13279,12099,21344
HSISS4_01717,27654,25200,30592,9442,8473,12402
HSISS4_01718,18436,15790,20748,6682,6205,7388
HSISS4_01719,27522,26206,30012,11305,9581,15272
gltX,83550,91526,78024,38087,35335,61893
amiA3C,193050,215844,180871,95498,85392,156118
rplA,493318,500267,434610,235721,213146,356144
rplK,261605,273384,229392,123262,110869,193422
HSISS4_01724,5345,6422,5877,1958,2104,2987
HSISS4_01725,52113,46404,35632,12661,13503,22640
HSISS4_01726,12821,11911,13177,5486,5192,5741
radA,13060,10193,13208,5578,5095,4887
HSISS4_01728,3776,2994,3889,1673,1532,1512
dut,4180,3208,4125,1822,1688,1480
HSISS4_01730,13590,13439,11812,8896,7800,10274
HSISS4_01731,49229,51268,41131,30920,27886,37716
HSISS4_01732,6340,5225,6261,3582,3169,2595
HSISS4_01733,6135,5195,6606,3673,3366,2456
gpsA,52473,40911,52122,23342,22333,19459
galU,77782,61552,75734,33217,32331,32015
HSISS4_01736,12885,13237,12896,4322,4379,7088
HSISS4_01737,9189,8941,9445,2948,2944,4802
hipO3,30890,28204,31765,14687,13165,18967
dapD2,51860,51183,48940,24908,22477,38293
HSISS4_01740,5792,4753,6960,1738,1690,1960
rrmA,25996,24812,27869,8424,7905,10954
slvY,129,137,142,43,3398,58
slvZ,173,122,163,37,3671,70
HSISS4_01744,194,148,197,60,4135,52
HSISS4_01745,8725,9002,8394,3542,2913,5946
ssbA,504,493,595,137,101,204
HSISS4_01747,384,372,532,112,91,189
HSISS4_01748,914,937,1266,254,224,420
HSISS4_01749,22162,19482,21046,9645,8515,11525
HSISS4_01750,15671,16036,17561,7362,6666,9537
trxA2,10491,9784,10549,5014,4409,6520
HSISS4_01752,5857,5696,6073,2962,2613,3960
pepA,9731,7653,10589,5174,4992,3711
proC,9928,7779,10758,4924,4524,3914
HSISS4_01755,14715,15398,16605,6042,5939,8302
HSISS4_01756,4336,4344,5832,1684,1487,2625
HSISS4_01757,6209,6001,7865,2506,2192,3440
HSISS4_01758,1608,1586,2000,659,575,968
ackA,81691,90301,64578,37555,36809,58914
HSISS4_01760,18620,19330,18345,7685,7403,13082
HSISS4_01761,354,290,411,72,80,109
HSISS4_01762,437,375,504,107,104,119
HSISS4_01763,281,236,308,56,56,61
comGD,319,232,360,60,84,82
comGC,265,189,333,65,91,66
comGB,805,598,876,145,166,167
comGA,633,506,758,111,146,158
HSISS4_01768,33797,33230,31843,8423,9288,12762
rpoC,478698,370467,435337,246829,218051,190933
rpoB,395802,327766,364052,206226,182836,192586
pbp1B,35910,29079,36515,14624,14318,13617
tyrS,51076,47874,46666,28095,23861,35986
ilvC,310972,333811,266340,163236,136324,253030
ilvH,48428,45266,42343,22737,18679,31248
ilvB2,175208,165277,160295,79800,66604,110036
HSISS4_01776,31783,26950,28423,9762,10060,13484
HSISS4_01777,196513,171098,178547,81102,75934,100798
asp,28321,26712,26913,12096,11181,15429
norN,15574,13494,15953,6232,4904,6886
thrC,79307,79546,74418,36177,31815,58256
HSISS4_01781,43133,46877,44786,18448,15577,26654
HSISS4_01782,36967,39273,39464,16160,13648,24865
HSISS4_01783,54925,51586,49957,40460,29120,29632
pepO,41163,32604,41251,18183,18337,19778
HSISS4_01785,4954,4094,5607,1354,1186,1642
scrA1,5434,4102,6119,1622,1406,1511
HSISS4_01787,1439,1461,1397,572,498,780
HSISS4_01788,14352,12352,16138,6095,5350,6523
HSISS4_01789,13855,16145,13311,7774,6621,15007
HSISS4_01790,14607,15504,12758,3625,4663,4134
HSISS4_01791,10953,11465,10437,2986,3594,3322
tnp1191C,1739,1925,1606,530,511,608
fba,841513,933803,715502,475782,427254,745026
HSISS4_01794,5356,4983,4071,2523,2038,3798
HSISS4_01795,33857,35785,32552,13098,12049,22191
rplQ,324093,271406,296487,158020,139148,182798
rpoA,735429,623435,690313,352902,306469,413745
rpsK,298375,243708,267803,151959,132103,166204
rpsM,327918,282403,302094,169010,146937,203246
rpmJ,174793,159750,168797,84924,74824,104553
infA,195772,182449,192402,90907,79923,123419
adk,102141,91082,93364,40256,34103,52257
secY2,1031059,1012440,949966,456635,399388,637754
rplO,362526,340806,324986,170077,146530,220069
rpmD,211700,188561,189768,103389,86260,114093
rpsE,340797,290847,298910,176997,149874,186252
rplR,318661,261938,293631,161214,139651,177694
rplF,497297,409860,461359,230233,201333,245509
rpsH,405763,354521,393609,184009,161082,207415
rpsN,203341,182032,201837,105058,94173,118213
rplE,533055,451917,501325,261646,231832,291432
rplX,313406,273151,309678,158129,140346,175890
rplN,343891,288897,335679,173702,152311,176895
rpsQ,284989,247857,285678,146314,126998,151917
rpmC,155698,133367,154302,84682,74210,86148
rplP,389081,323864,362811,201169,174183,194723
rpsC,608985,496505,580055,298141,265716,305136
rplV,316434,247605,299106,156780,138252,150785
rpsS,258007,206500,255310,131555,114353,116243
rplB,575153,460041,528052,288967,251029,272608
rplW,244773,210288,234328,118106,103560,134965
rplD,436297,388272,397819,218713,185537,240927
rplC,466986,442998,439703,228295,200457,299556
rpsJ,153162,142768,134203,75817,64837,95641
ruvB,25640,23380,29389,8078,7535,10585
HSISS4_01826,77604,75178,81095,35673,30426,45914
HSISS4_01827,13207,12210,14942,5407,4654,6902
HSISS4_01828,13544,13278,14672,6043,5252,8260
purA,114654,114921,107875,60117,54490,88863
flaR,9043,8995,10871,2920,2591,5011
cshA,15188,14303,14813,4913,5047,7657
rpmB,157465,165437,103649,75451,57488,90830
HSISS4_01833,40409,36682,40415,12442,11262,16571
HSISS4_01834,80547,80395,87794,27391,24923,36394
HSISS4_01835,85101,81402,85438,26140,24281,34634
HSISS4_01836,51267,45807,57057,19497,17928,24567
nrdD,148565,133797,215049,36064,40858,26982
HSISS4_01838,4964,3927,7833,1609,1504,1002
HSISS4_01839,17507,14022,25431,5584,5238,3615
nrdG,23618,19066,34233,6846,6466,4782
HSISS4_01841,12836,13613,12598,4373,4336,6655
HSISS4_01842,38727,37063,36071,22549,19129,28249
aspS,60922,55671,55427,36607,31251,45273
HSISS4_01844,20765,20278,19234,8246,7399,12304
hisS2,52635,51104,49964,20257,18646,31737
scrA3,311,292,343,70,69,81
scrA4,363,342,484,100,76,118
HSISS4_01848,2875,3259,2820,1122,844,1701
rpmF,99645,114251,90822,55421,49155,84206
rpmG2,113143,124710,98293,61045,54312,85125
HSISS4_01851,12370,13429,15472,4215,4480,5444
HSISS4_01852,7593,8745,9980,2345,2693,3457
HSISS4_01853,4670,4768,6355,1408,1779,1557
HSISS4_01854,6737,7021,8675,1607,2053,1631
HSISS4_01855,848,828,1256,297,234,368
fruR2,3177,2859,4212,916,831,1200
fruB2,1401,1378,1843,418,339,482
HSISS4_01858,5385,5076,7756,1663,1396,2138
HSISS4_01859,5288,5266,7437,1495,1254,2331
HSISS4_01860,16349,15992,20750,4878,4113,7493
HSISS4_01861,17167,16841,21476,5312,4462,8065
HSISS4_01862,259,229,393,81,59,81
HSISS4_01863,321,280,411,127,123,122
HSISS4_01864,675,599,740,195,167,242
HSISS4_01865,480,450,565,116,108,126
HSISS4_01866,2949,3106,3423,1139,1043,1835
HSISS4_01867,1216,1273,1489,618,505,878
HSISS4_01868,2877,3107,3442,1331,1273,1857
HSISS4_01869,4535,4830,5186,2076,1893,2969
HSISS4_01870,13431,15651,19533,3611,3903,4650
HSISS4_01871,5220,6036,6905,1855,1859,2838
HSISS4_01872,5416,5731,5882,1473,1299,2700
HSISS4_01873,6497,8057,7131,1920,2224,2335
rpsD,249542,271807,218847,126266,107635,203855
HSISS4_01875,27774,27429,28411,7436,6978,9972
holB,101275,95348,99898,30324,26845,44195
rplI,43687,42506,45392,14588,12828,22451
HSISS4_01878,140028,137640,141183,46475,40251,75230
gidA,51106,44361,71967,21754,17741,25077
HSISS4_01880,29103,26721,31100,11191,9692,12071
mnmA,52267,43632,54916,19824,16885,18712
HSISS4_01882,25135,26286,26811,7626,7050,12686
HSISS4_01883,13409,11030,13682,3829,3389,4187
HSISS4_01884,50044,54018,46916,14018,12942,22521
HSISS4_01885,25055,26388,25415,9337,8558,14261
cbiO4,35928,35227,36188,12548,11669,17844
cbiO5,43137,39495,44976,15494,14831,17709
pgsA,23745,22424,26471,9358,9554,11170
HSISS4_01889,42261,43600,47649,15793,15734,19880
HSISS4_01890,21960,23248,21238,8438,8643,12355
HSISS4_01891,27327,29529,26717,10029,10472,16325
HSISS4_01892,17398,18148,16377,6359,6744,10147
recF,65697,67340,62285,22490,24112,36050
guaB,89574,74456,103908,40610,33780,35895
tnp1193H,219,165,297,71,67,56
trpS,25968,28724,24975,13985,11753,21708
HSISS4_01897,10398,10219,10873,3213,3165,5601
HSISS4_01898,74277,78372,69050,37527,33238,57644
HSISS4_01899,46375,49693,47812,18197,16708,28988
HSISS4_01900,9619,10451,9593,4133,4000,6957
HSISS4_01901,5001,5573,5077,3055,2857,4758
htrA,57019,57359,55771,19252,20267,31317
spoJ,8460,8212,9793,2927,3319,2711