geneID,PAK_AR2A.Expression,s1_9A.Expression
PA2412,0,10
PA2111,0,6
PA1664,0,1
PA2074,0,1
PA5420,147,1927
PA4220,1,13
PA5399,157,1837
PA5419,96,1058
PA5418,475,5233
PA5400,78,776
PA5417,16,144
PA2086,3,22
PA5401,79,526
PA5416,113,734
PA2729,325,1927
PA0604,218,1206
PA3486,12,60
PA5421,400,1940
PA5397,98,466
PA1929,5,22
PA0111,24,105
PA5410,343,1463
PA5510,704,2934
PA0606,255,1052
PA2154,8,33
PA5398,917,3748
PA2370,25,101
PA2785,1,4
PA5415,205,817
PA3727,204,813
PA1196,452,1789
PA5396,362,1410
PA1950,484,1824
PA0315,2044,7460
PA0504,79,284
PA3191,278,984
PA2803,17,60
PA4908,42,148
PA1761,159,549
PA4505,783,2609
PA5381,142,472
PA5391,14,46
PA3728,2690,8742
PA4506,981,3162
PA4025,301,965
PA0905,1888,6043
PA0502,301,955
PA2759,554,1741
PA4921,277,854
PA0091,902,2748
PA2443,797,2426
PA3236,227,687
PA2323,1119,3376
PA4447,1051,3161
PA2145,2,6
PA0446,1039,3060
PA1514,245,721
PA2378,221,650
PA5509,504,1466
PA3294,20,58
PA5376,762,2203
PA2525,243,701
PA2368,13,37
PA1990,166,465
PA1976,97,270
PA0740,298,829
PA4542,5498,15278
PA0077,1395,3827
PA5521,1017,2782
PA1429,8638,23492
PA2684,787,2102
PA3560,173,462
PA5392,20,53
PA0605,440,1165
PA1515,176,462
PA0779,2004,5247
PA1977,49,128
PA5435,6406,16675
PA0073,226,588
PA1981,5,13
PA0492,459,1189
PA5113,745,1929
PA1597,450,1161
PA3181,1949,4997
PA1989,174,445
PA3095,72,184
PA4772,1600,4031
PA4298,4,10
PA0979,2,5
PA1807,1356,3389
PA4965,298,743
PA0440,126,314
PA3128,244,607
PA2135,25,62
PA2472,19,47
PA4611,3154,7799
PA3729,1473,3638
PA1410,100,246
PA1024,86,211
PA0090,1693,4140
PA1235,84,205
PA3126,137,333
PA5508,1011,2446
PA4535,940,2274
PA3461,416,1002
PA3232,136,327
PA4121,10,24
PA1646,267,638
PA2762,75,179
PA3330,13,31
PA0447,3742,8921
PA4284,699,1665
PA1108,72,171
PA2093,8,19
PA4820,73,173
PA0503,139,329
PA2292,11,26
PA3229,99,233
PA3336,1760,4140
PA3614,6671,15674
PA5459,505,1186
PA1421,130,305
PA2495,55,129
PA4503,205,480
PA2444,410,958
PA2293,9,21
PA4475,959,2224
PA2108,140,323
PA3969a,207,476
PA2136,47,108
PA1279,170,389
PA3510,49,112
PA2442,756,1710
PA0072,340,767
PA1596,2371,5342
PA0089,324,729
PA0223,81,181
PA1320,13,29
PA0250,367,817
PA5448,681,1499
PA3460,759,1669
PA1209,127,279
PA2362,21,46
PA0677,16,35
PA1968,81,177
PA3511,28,61
PA2095,28,61
PA0603,502,1092
PA1806,715,1547
PA0108,290,627
PA0074,1331,2837
PA2121,422,898
PA1760,1180,2509
PA0500,1075,2285
PA4087,17,36
PA3192,359,759
PA0088,708,1491
PA0169,175,368
PA2100,350,735
PA0086,204,427
PA2992,409,851
PA3100,50,104
PA0076,201,418
PA1556,4333,9007
PA1951,312,647
PA4807,676,1400
PA3485,143,296
PA0501,445,921
PA2551,907,1876
PA4828,61,126
PA2526,584,1204
PA4571,8823,18189
PA5365,540,1109
PA4504,415,851
PA2322,185,378
PA3195,1810,3696
PA2006,172,351
PA2066,26,53
PA0170,55,112
PA4966,989,2011
PA3840,1106,2244
PA2891,75,152
PA4612,167,338
PA1077,1356,2743
PA2967,2962,5988
PA5411,392,792
PA5450,816,1648
PA1513,343,692
PA0122,403,812
PA3363,186,374
PA4017,1161,2329
PA3328,4,8
PA2342,13,26
PA4909,91,182
PA3231,13,26
PA2408,15,30
PA2514,15,30
PA4502,1685,3368
PA1205,501,999
PA3193,459,915
PA4683,1096,2178
PA1885,66,131
PA2320,456,905
PA5465,390,773
PA0097,187,369
PA4917,389,767
PA2642,2855,5617
PA3182,809,1586
PA2075,98,192
PA1342,2199,4298
PA2275,20,39
PA1338,279,542
PA0084,2953,5715
PA3233,334,644
PA4283,478,921
PA4160,26,50
PA2597,77,148
PA1586,2765,5306
PA1940,315,603
PA3272,522,998
PA4322,584,1116
PA2236,549,1049
PA3499,54,103
PA0078,343,654
PA3003,709,1349
PA1842,164,312
PA5007,414,787
PA2250,2026,3843
PA2683,380,720
PA3060,75,142
PA1826,166,314
PA5155,193,365
PA4412,2188,4126
PA2099,35,66
PA2364,69,130
PA1517,235,442
PA2536,327,615
PA1647,971,1826
PA0792,663,1246
PA1942,97,182
PA0699,16,30
PA0474,16,30
PA4125,23,43
PA5148,937,1751
PA3420,436,813
PA5153,1500,2797
PA0171,103,192
PA4024,723,1346
PA1849,7,13
PA5495,4957,9202
PA0473,737,1367
PA4487,1785,3307
PA2262,156,289
PA4071,27,50
PA2178,27,50
PA1420,47,87
PA3839,2559,4721
PA5543,44,81
PA1275,80,147
PA4289,427,784
PA2007,3097,5685
PA4323,939,1718
PA5216,504,922
PA2199,545,997
PA0138,290,530
PA0075,278,508
PA3098,91,166
PA2993,889,1621
PA2644,843,1536
PA2878,72,131
PA1264,88,160
PA3774,11,20
PA2060,11,20
PA5458,492,894
PA3760,197,357
PA5356,422,764
PA2241,135,244
PA1932,165,297
PA1218,25,45
PA3495,304,547
PA4577,1018,1830
PA2371,113,203
PA2940,275,494
PA1419,83,149
PA1567,351,630
PA1197,647,1161
PA4855,479,859
PA3458,1222,2191
PA2539,189,338
PA3412,28,50
PA1789,10241,18267
PA4336,709,1263
PA0370,380,676
PA4913,423,752
PA4182,435,772
PA2643,972,1725
PA0101,313,555
PA1129,101,179
PA4556,449,795
PA0121,195,345
PA1948,1047,1851
PA0836,6137,10840
PA1604,766,1352
PA4658,263,464
PA3293,80,141
PA0529,809,1422
PA2691,73,128
PA0793,506,887
PA1203,179,313
PA4448,1211,2117
PA5124,736,1286
PA5006,1899,3316
PA2238,315,550
PA5302,944,1645
PA2577,558,972
PA4027a,85,148
PA5054,2136,3714
PA2630,931,1618
PA5091,361,627
PA4165,163,283
PA4759,788,1368
PA0079,519,901
PA4321,844,1464
PA2071,465,805
PA2914,232,401
PA2606,184,318
PA0300,4688,8091
PA2179,51,88
PA1321,40,69
PA1238,18,31
PA4771,1157,1992
PA1974,25,43
PA4557,469,806
PA4385,22343,38352
PA4489,4966,8520
PA5232,6876,11788
PA2173,14,24
PA4414,3871,6631
PA5449,717,1228
PA1943,589,1008
PA5389,214,366
PA2155,41,70
PA2059,27,46
PA4831,391,665
PA2409,20,34
PA1276,201,341
PA5214,1674,2839
PA5487,4556,7703
PA2150,16,27
PA1927,162,273
PA2542,783,1318
PA0423,14630,24614
PA1483a,370,622
PA3362,241,405
PA2341,25,42
PA1973,153,257
PA0444,289,485
PA4328,1600,2685
PA1864,83,139
PA2501,1466,2452
PA4575,781,1306
PA5378,893,1493
PA4982,179,299
PA3613,6413,10708
PA0106,314,524
PA0232,178,297
PA2146,3,5
PA2102,90,150
PA4224,24,40
PA1060,493,820
PA1949,632,1051
PA2052,147,244
PA3459,4383,7263
PA4463,22259,36825
PA3096,147,243
PA0254,675,1115
PA4663,431,711
PA3759,68,112
PA4084,602,991
PA4536,271,446
PA3508,76,125
PA2120,42,69
PA0791,277,455
PA5164,1226,2013
PA3952,240,394
PA3568,273,448
PA4356,785,1287
PA3550,47,77
PA5231,13113,21480
PA1934,22,36
PA1979,11,18
PA4037,355,580
PA4413,1552,2533
PA1350,106,173
PA5461,4460,7271
PA0741,183,298
PA4513,461,750
PA3506,96,156
PA2473,8,13
PA4507,204,331
PA2369,66,107
PA1177,250,405
PA2872,71,115
PA2645,241,389
PA3565,142,229
PA0901,1796,2895
PA3259,242,390
PA4329,5078,8179
PA3529,13724,22100
PA2641,1094,1760
PA3502,23,37
PA2239,231,371
PA0087,153,245
PA0684,20,32
PA4295,25,40
PA1696,10,16
PA2175,67,107
PA5380,974,1555
PA3705,540,862
PA2814,225,359
PA5306,515,821
PA1376,847,1350
PA5456,1494,2379
PA1445,242,385
PA3878,3444,5479
PA0900,744,1183
PA4488,855,1358
PA2109,17,27
PA3275,46,73
PA1335,174,276
PA0598,485,769
PA1982,65,103
PA0299,1791,2838
PA0159,1080,1708
PA2873,188,297
PA0899,890,1406
PA4761,10844,17114
PA3089,334,527
PA0304,909,1434
PA0508,613,967
PA4027,426,672
PA3574a,132,208
PA1256,47,74
PA1629,47,74
PA1394,7,11
PA5507,699,1098
PA4620,226,355
PA4531,636,999
PA5120,107,168
PA3418,998,1565
PA2576,206,323
PA3549,30,47
PA2676,23,36
PA0096,39,61
PA3278,250,391
PA0723,48,75
PA1920,379,592
PA2339,75,117
PA1207,493,769
PA4619,711,1109
PA3929,713,1112
PA1733,195,304
PA2143,34,53
PA3203,506,788
PA3024,115,179
PA1557,8209,12733
PA2538,100,155
PA5379,280,434
PA4141,133,206
PA4880,2573,3984
PA3615,2619,4053
PA2351,33,51
PA0868,303,468
PA2925,46,71
PA5348,4374,6744
PA2237,698,1075
PA1483,497,765
PA0476,474,729
PA3662,3239,4977
PA1793,2695,4140
PA3907,28,43
PA0466,28,43
PA0751,425,652
PA5511,640,981
PA2305,124,190
PA1622,156,239
PA2713,203,311
PA3879,1833,2808
PA3430,369,565
PA1958,115,176
PA2479,117,179
PA0295,953,1457
PA4164,53,81
PA4018,239,365
PA2079,150,229
PA0738,19,29
PA0271,44,67
PA1233,23,35
PA4061,1338,2036
PA2251,98,149
PA0850,25,38
PA3989,636,966
PA2496,27,41
PA3214,471,715
PA4796,157,238
PA0999,64,97
PA3545,427,647
PA4185,193,292
PA3969,1395,2107
PA0467,377,569
PA1877,55,83
PA4469,67,101
PA3651,751,1132
PA0027,334,503
PA2360,87,131
PA4173,101,152
PA4090,1428,2146
PA5457,259,389
PA3501,16,24
PA0107,56,84
PA1147,42,63
PA5088,2,3
PA2174,8,12
PA2715,12,18
PA0120,134,201
PA2396,96,144
PA2170,2,3
PA3780,50,75
PA1509,373,559
PA1884,171,256
PA1292,776,1160
PA5542,93,139
PA2930,465,695
PA2738,4413,6593
PA1808,729,1089
PA2244,124,185
PA0414,1572,2341
PA4111,834,1241
PA1280,41,61
PA2750a,82,122
PA5292,536,797
PA1672,267,397
PA4021,901,1338
PA2276,66,98
PA3465,4660,6914
PA1827,29,43
PA0794,1037,1536
PA5436,5148,7619
PA1409,71,105
PA1992,186,275
PA5144,23,34
PA3106,419,619
PA5053,671,991
PA1987,107,158
PA1585,7136,10522
PA3723,913,1346
PA3505,38,56
PA2336,19,28
PA4910,108,159
PA4360a,36,53
PA1908,17,25
PA0527,1776,2610
PA2867,8969,13174
PA2263,32,47
PA4357,372,546
PA1277,210,308
PA2689,15,22
PA1530,461,676
PA0035,416,610
PA3668,101,148
PA4387,475,696
PA3687,2123,3109
PA4009,196,287
PA4452,110,161
PA3104,1343,1964
PA1941,600,877
PA1063,39,57
PA5170,42670,62317
PA2826,415,606
PA3183,3994,5825
PA5541,197,287
PA3775,81,118
PA2888,88,128
PA2394,22,32
PA0480,97,141
PA5140,550,799
PA2726,199,289
PA2253,104,151
PA4793,1827,2650
PA4904,227,329
PA4072,305,442
PA2089,370,536
PA4964,2310,3343
PA5010,1176,1700
PA0744,788,1139
PA1759,3190,4608
PA2029,45,65
PA2295,9,13
PA1667,302,436
PA4604,841,1214
PA0898,632,911
PA1832,861,1241
PA1078,593,854
PA2321,160,230
PA4199,931,1338
PA0081,1926,2765
PA3500,124,178
PA4883,23,33
PA3561,92,132
PA2325,23,33
PA0427,3023,4337
PA3427,794,1138
PA1059,522,747
PA1819,731,1046
PA3576,365,522
PA0092,135,193
PA1377,529,756
PA1237,21,30
PA3097,203,290
PA1924,21,30
PA5012,852,1217
PA0228,180,257
PA4368,401,572
PA5220,122,174
PA2200,162,231
PA1516,87,124
PA2678,154,219
PA2889,121,172
PA1319,38,54
PA1213,38,54
PA5205,480,682
PA2500,713,1013
PA0347,164,233
PA4168,412,585
PA4810,479,680
PA4920,1633,2318
PA5093,213,302
PA0566,491,696
PA4416,5519,7819
PA1349,12,17
PA1930,264,374
PA2274,12,17
PA2647,1668,2362
PA3431,178,252
PA5413,1135,1606
PA4015,548,775
PA1910,75,106
PA2300,63,89
PA1041,575,812
PA2098,17,24
PA5305,849,1198
PA0752,168,237
PA2354,39,55
PA4736,345,486
PA4809,377,531
PA0743,334,470
PA2266,253,356
PA1438,283,398
PA2521,64,90
PA4969,237,333
PA0439,168,236
PA4299,47,66
PA2344,94,132
PA4591,99,139
PA3702,733,1029
PA5057,487,683
PA1456,963,1350
PA4811,1194,1672
PA1980,5,7
PA2763,10,14
PA2890,35,49
PA0597,330,462
PA4936,1166,1632
PA1804,5651,7909
PA3845,223,312
PA5137,452,632
PA4337,156,218
PA3957,212,296
PA2160,48,67
PA0862,1599,2230
PA3124,408,568
PA1236,120,167
PA4465,3945,5490
PA1692,23,32
PA1278,82,114
PA2578,82,114
PA5390,159,221
PA2332,249,346
PA4363,216,300
PA0064,487,676
PA1465,574,796
PA0083,655,908
PA2573,687,952
PA4348,4538,6287
PA1270,52,72
PA5008,964,1333
PA4149,68,94
PA4558,729,1007
PA4092,21,29
PA0815,1232,1700
PA4752,566,781
PA3809,148,204
PA2072,164,226
PA2575,3462,4766
PA4108,566,779
PA5451,572,787
PA5112,2528,3478
PA2913,64,88
PA1208,115,158
PA0531,273,375
PA3566,169,232
PA0080,218,299
PA2096,54,74
PA0071,4040,5526
PA2162,41,56
PA0593,699,954
PA1700,11,15
PA1702,11,15
PA4285,1210,1649
PA5282,160,218
PA1405,337,459
PA5185,183,249
PA4644,61,83
PA1103,810,1102
PA5149,680,925
PA4189,100,136
PA2801,89,121
PA3517,89,121
PA2061,39,53
PA2480,436,592
PA1065,179,243
PA2233,848,1151
PA2673,14,19
PA1762,146,198
PA2885,312,423
PA1810,2364,3205
PA4161,107,145
PA3099,62,84
PA4958,2100,2845
PA4737,378,512
PA5229,1535,2079
PA3071,539,730
PA0318,1064,1441
PA3573,1305,1767
PA2054,65,88
PA4231,218,295
PA2116,34,46
PA1957,71,96
PA0029,239,323
PA3102,265,358
PA4842,3477,4694
PA2822,338,456
PA4559,810,1091
PA3594,173,233
PA4856,2275,3064
PA3198,427,575
PA0590,1304,1755
PA4708,287,386
PA1019,116,156
PA1159,261,351
PA4100,151,203
PA3037,64,86
PA0267,146,196
PA5408,117,157
PA0063,827,1109
PA2469,393,527
PA0788,1321,1771
PA2879,306,410
PA2433,246,329
PA4190,86,115
PA1997,651,870
PA3996,2353,3144
PA2049,424,566
PA4342,233,311
PA2092,24,32
PA4128,27,36
PA2314,54,72
PA1019a,3,4
PA2922,21,28
PA2646,207,276
PA1267,45,60
PA3337,7810,10405
PA3750,172,229
PA2524,154,205
PA0877,194,258
PA2755,664,883
PA3669,88,117
PA4124,79,105
PA1677,1755,2332
PA0302,1007,1338
PA3260,347,461
PA3451,55,73
PA5069,1018,1351
PA5318,312,414
PA3660,1654,2194
PA2235,1314,1742
PA4578,35517,47078
PA5281,683,905
PA3368,111,147
PA1435,68,90
PA3908,62,82
PA4580,295,390
PA2611,752,994
PA4686,1435,1896
PA4546,878,1160
PA2212,25,33
PA5092,279,368
PA2210,69,91
PA1017,91,120
PA1648,336,443
PA3101,315,415
PA4741,1313,1729
PA3022,379,499
PA5377,503,662
PA3120,975,1281
PA2915,526,691
PA4760,925,1214
PA0113,202,265
PA1449,151,198
PA5089,283,371
PA1673,9494,12446
PA5409,493,646
PA2271,58,76
PA2168,29,38
PA0475,126,165
PA5003,922,1207
PA4871,159,208
PA2399,662,866
PA2048,13,17
PA2107,13,17
PA3556,299,391
PA3194,3933,5138
PA3891,428,559
PA2723,85,111
PA1680,360,470
PA1690,82,107
PA4106,46,60
PA4547,1091,1423
PA4411,4496,5860
PA3302,1388,1809
PA3248,175,228
PA2984,96,125
PA1481,550,716
PA2343,10,13
PA3960,100,130
PA2422,20,26
PA3088,992,1289
PA3086,314,408
PA1190,117,152
PA2838,47,61
PA3257,14570,18902
PA3314,155,201
PA1896,27,35
PA1601,223,289
PA4948,754,977
PA4649,17,22
PA0858,1189,1538
PA3808,222,287
PA3417,147,190
PA5303,619,799
PA3986,558,720
PA1720,31,40
PA3254,176,227
PA2649,1633,2106
PA0787,339,437
PA3342,239,308
PA4183,226,291
PA4082,724,932
PA1328,289,372
PA4876,3186,4100
PA1598,129,166
PA4664,1444,1858
PA1523,457,588
PA5452,862,1109
PA2887,42,54
PA0135,7,9
PA2346,35,45
PA3380,7,9
PA4794,372,478
PA2018,461,592
PA0028,148,190
PA1308,577,740
PA1336,358,459
PA1058,78,100
PA3187,167,214
PA2082,132,169
PA2067,25,32
PA0289,336,430
PA3998,1354,1732
PA2530,484,619
PA2622,1962,2509
PA0085,3105,3969
PA3035,36,46
PA2198,72,92
PA5061,5204,6631
PA2699,121,154
PA3406,33,42
PA0103a,213,271
PA2448,114,145
PA2367,59,75
PA1501,178,226
PA1753,412,523
PA4222,231,293
PA1355,41,52
PA2903,427,541
PA0725,15,19
PA2324,30,38
PA1587,6037,7644
PA3123,94,119
PA1820,583,738
PA0139,13542,17122
PA2847,72,91
PA4353,614,776
PA0479,167,211
PA1234,114,144
PA2021,69,87
PA3132,23,29
PA2163,23,29
PA1705,119,150
PA4320,1084,1366
PA2374,27,34
PA5183a,341,429
PA4874,993,1249
PA4521,489,615
PA5414,509,640
PA4056,1301,1635
PA2194,39,49
PA4770,2033,2551
PA5109,785,985
PA2153,55,69
PA0041,1513,1898
PA3494,87,109
PA0577,2541,3183
PA0477,210,263
PA2455,139,174
PA0231,287,359
PA4781,367,459
PA3919,5553,6944
PA2171,20,25
PA0864,96,120
PA4104,44,55
PA2172,68,85
PA5554,5952,7439
PA3981,4370,5460
PA4278,269,336
PA1967,338,422
PA2475,161,201
PA0942,533,665
PA2944,1032,1287
PA1187,162,202
PA5027,3517,4383
PA4657,1048,1306
PA4706,126,157
PA5094,175,218
PA3982,1516,1888
PA0266,1277,1590
PA2718,196,244
PA1555,6131,7628
PA0897,627,780
PA2417,242,301
PA0110,66,82
PA4352,4542,5643
PA3087,504,626
PA5147,1019,1265
PA1412,58,72
PA4408,4114,5107
PA1571,158,196
PA1362,79,98
PA2593,25,31
PA1337,1568,1944
PA3755,427,529
PA3399,247,306
PA3129,222,275
PA2476,336,416
PA2347,21,26
PA0068,354,438
PA0200,1905,2355
PA1729,411,508
PA4726,6697,8277
PA2202,34,42
PA0874,34,42
PA4694,3717,4591
PA1511,81,100
PA1470,81,100
PA0954,64,79
PA2445,9931,12257
PA5308,1132,1397
PA0686,47,58
PA1786,47,58
PA0552,1308,1614
PA2289,231,285
PA3185,745,919
PA2302,185,228
PA3325,198,244
PA5134,4753,5857
PA1487,112,138
PA4662,333,410
PA3577,13,16
PA3016,304,374
PA5453,1453,1787
PA1436,353,434
PA2240,279,343
PA2816,48,59
PA0496,315,387
PA1526,1330,1634
PA3518,79,97
PA4827,251,308
PA3228,1726,2116
PA4490,655,803
PA5068,2439,2990
PA1119,921,1129
PA0939,49,60
PA1961,125,153
PA4814,76,93
PA0214,103,126
PA2106,332,406
PA2529,476,582
PA2441,162,198
PA1725,36,44
PA1996,81,99
PA0904,1579,1929
PA4914,348,425
PA1911,95,116
PA3021,593,724
PA0401,3983,4861
PA1986,186,227
PA5004,1004,1225
PA4410,1614,1969
PA4907,732,893
PA2304,41,50
PA4655,1254,1529
PA1424,105,128
PA3548,170,207
PA1843,2120,2581
PA4510,138,168
PA3707,319,388
PA2782,37,45
PA0872,11199,13608
PA4474,1214,1475
PA3426,135,164
PA2017,592,719
PA1783,28,34
PA1693,33,40
PA4877,151,183
PA1618,170,206
PA4476,2165,2623
PA4624,438,530
PA1972,62,75
PA3836,1920,2322
PA0739,172,208
PA2808,24,29
PA2265,543,656
PA0109,87,105
PA4915,938,1132
PA1611,977,1179
PA5126,92,111
PA2164,34,41
PA0383,214,258
PA4808,1047,1262
PA2315,39,47
PA2035,312,376
PA4050,117,141
PA2640,483,582
PA3509,44,53
PA2003,132,159
PA4603,592,713
PA2138,54,65
PA3772,64,77
PA2458,233,280
PA2706,283,340
PA2148,15,18
PA1231,20,24
PA2114,30,36
PA4211,5,6
PA0700,10,12
PA2312a,80,96
PA2918,151,181
PA3401,282,338
PA5221,1103,1322
PA2931,126,151
PA2117,167,200
PA2481,681,815
PA2299,56,67
PA1662,464,555
PA3709,353,422
PA4762,733,876
PA0183,154,184
PA0895,3040,3632
PA3567,273,326
PA3972,3075,3669
PA3467,203,242
PA1492,73,87
PA5433,120,143
PA1330,209,249
PA1114,162,193
PA3457,576,686
PA1830,5157,6141
PA0896,698,831
PA2180,21,25
PA0195,342,407
PA2083,148,176
PA1188,143,170
PA0367a,424,504
PA3671,175,208
PA1167,292,347
PA4226,372,442
PA5249,452,537
PA3771,165,196
PA5570,2837,3369
PA2928,48,57
PA2269,32,38
PA3783,64,76
PA4282,1452,1724
PA1202,599,711
PA2177,338,401
PA4200,161,191
PA1897,43,51
PA2229,54,64
PA2217,27,32
PA3973,683,808
PA1239,159,188
PA3704,636,752
PA0770,340,402
PA4077,22,26
PA5346,6445,7616
PA4892,105,124
PA1858,100,118
PA5186,217,256
PA3174,78,92
PA4112,741,874
PA2994,808,953
PA2390,134,158
PA4617,812,957
PA5279,3176,3743
PA3810,1022,1204
PA3534,843,993
PA2361,355,418
PA3784,282,332
PA5304,7050,8295
PA2124,51,60
PA3965,313,368
PA4755,986,1159
PA1933,114,134
PA4872,565,664
PA4774,137,161
PA4778,406,477
PA3504,143,168
PA2667,830,975
PA3076,252,296
PA1285,86,101
PA4605,281,330
PA2675,23,27
PA1346,46,54
PA3074,599,703
PA1895,98,115
PA2904,173,203
PA2832,127,149
PA2255,29,34
PA2874,87,102
PA3857,1800,2110
PA1340,326,382
PA2249,2093,2452
PA2294,35,41
PA5123,836,979
PA4201,868,1016
PA3562,382,447
PA4916,623,729
PA0413,11493,13448
PA4179,200,234
PA1765,100,117
PA0534,492,575
PA1210,356,416
PA0457,285,333
PA3422,190,222
PA4269,12891,15054
PA0774,233,272
PA4608,1478,1725
PA1411,132,154
PA3292,30,35
PA4650,36,42
PA2068,60,70
PA0565,330,385
PA2497,66,77
PA2753,2198,2563
PA2707,1548,1805
PA5412,971,1132
PA4926,181,211
PA2574,424,494
PA3619,171,199
PA1878,98,114
PA0303,1369,1592
PA4313,571,664
PA1650,246,286
PA2290,733,852
PA5208,1399,1625
PA1823,677,786
PA0927,556,645
PA1402,94,109
PA4975,221,256
PA1636,139,161
PA1592,50802,58825
PA3289,76,88
PA1223,133,154
PA4407,10136,11734
PA3860,628,727
PA2855,89,103
PA0220,223,258
PA4409,1542,1783
PA3863,225,260
PA3670,238,275
PA0798,58,67
PA0989,142,164
PA3797,893,1031
PA2754a,149,172
PA5087,26,30
PA4223,117,135
PA5522,269,310
PA5314,125,144
PA0134,1244,1433
PA2756,896,1032
PA1851,264,304
PA3324,165,190
PA1455,1777,2046
PA3674,1314,1512
PA1994,93,107
PA0454,1653,1901
PA1874,661,760
PA5432,107,123
PA0131,181,208
PA3429,195,224
PA0196,324,372
PA1488,108,124
PA1130,196,225
PA2626,2483,2850
PA1919,122,140
PA0685,156,179
PA5070,1404,1611
PA4054,2469,2833
PA5178,3912,4488
PA3079,898,1030
PA1120,413,473
PA4232,4093,4683
PA0893,646,739
PA3018,341,390
PA2002,181,207
PA3792,3316,3792
PA2259,552,631
PA3659,846,967
PA2474,21,24
PA2506,21,24
PA4981,365,417
PA0451,444,507
PA2764,156,178
PA4136,78,89
PA2722,64,73
PA2805,5111,5828
PA3207,143,163
PA1772,895,1020
PA4972,1800,2051
PA0325,395,450
PA4886,180,205
PA4973,12197,13889
PA5402,197,224
PA1462,1259,1431
PA0549,271,308
PA3258,359,408
PA2134,22,25
PA1201,301,342
PA0023,576,654
PA3211,1011,1147
PA0471,357,405
PA0168,157,178
PA1525,225,255
PA4175,480,544
PA2933,30,34
PA1105,129,146
PA5488,3063,3466
PA1418,198,224
PA1595,122,138
PA1580,6947,7856
PA0366,306,346
PA2123,176,199
PA4607,5724,6472
PA3633,322,364
PA3793,353,399
PA5494,2456,2776
PA1071,1330,1503
PA5257,3464,3914
PA1685,162,183
PA0002,5028,5679
PA3846,503,568
PA5066,1196,1350
PA4984,117,132
PA0148,1039,1172
PA0017,1032,1164
PA4227,1572,1772
PA4648,118,133
PA0818,71,80
PA4516,261,294
PA1521,285,321
PA1052a,405,456
PA2579,469,528
PA3708,1707,1921
PA2504,375,422
PA1651,224,252
PA3105,1459,1641
PA1050,435,489
PA2848,129,145
PA0688,105,118
PA3397,2763,3105
PA2711,396,445
PA0166,97,109
PA4792,324,364
PA2620,9195,10329
PA1127,317,356
PA1191,717,805
PA5115,49,55
PA5274,1799,2018
PA0816,494,554
PA5439,1161,1302
PA4798,404,453
PA3310,1476,1655
PA5386,33,37
PA4186,331,371
PA0951a,307,344
PA0871,1238,1387
PA5095,133,149
PA2709,1197,1341
PA2112,25,28
PA1588,4303,4819
PA5198,702,786
PA0451a,243,272
PA1969,420,470
PA1018,59,66
PA5016,3318,3707
PA0130,794,887
PA0039,1332,1488
PA0016,1521,1698
PA2804,43,48
PA1431,173,193
PA0253,156,174
PA3331,104,116
PA1640,474,528
PA1259,167,186
PA0530,510,568
PA2486,142,158
PA0393,800,890
PA1674,1313,1460
PA3749,268,298
PA2410,45,50
PA2057,108,120
PA2027,18,20
PA4485,208,231
PA3782,272,302
PA2567,6792,7541
PA0344,490,544
PA3439,446,495
PA4386,2741,3041
PA1407,128,142
PA2648,1407,1560
PA4373,552,612
PA4483,4416,4896
PA2582,1863,2065
PA1528,3257,3609
PA3271,2848,3155
PA2264,326,361
PA2791,28,31
PA2665,478,529
PA3694,122,135
PA4415,2077,2298
PA0494,358,396
PA1600,104,115
PA2248,2013,2225
PA3423,314,347
PA1406,457,505
PA4367,3083,3406
PA2181,29,32
PA1261,58,64
PA3197,427,471
PA2773,88,97
PA1156,4786,5274
PA2157,59,65
PA2704,148,163
PA4251,9845,10840
PA4426,1497,1648
PA3695,1039,1143
PA4843,30505,33552
PA4491,1714,1885
PA0863,291,320
PA5485,638,701
PA1686,726,797
PA1510,442,485
PA3584,15364,16858
PA1224,62,68
PA1482,418,458
PA4197,450,493
PA2349,21,23
PA4218,21,23
PA1163,368,403
PA4343,180,197
PA1254,43,47
PA5230,5603,6121
PA2540,564,616
PA0103,219,239
PA1354,33,36
PA1184,253,276
PA1952,22,24
PA3398,319,348
PA2605,143,156
PA3358,66,72
PA3859,728,794
PA0335,711,775
PA4977,200,218
PA0181,278,303
PA4840,178,194
PA3419,413,450
PA1169,190,207
PA4002,1448,1577
PA2234,652,710
PA1086,699,761
PA0567,158,172
PA4020,1786,1944
PA2152,171,186
PA1995,137,149
PA3047,1875,2039
PA5548,563,612
PA0118,92,100
PA4912,69,75
PA5218,495,538
PA1448,150,163
PA0276,150,163
PA2523,104,113
PA0270,93,101
PA1669,396,430
PA4418,7037,7640
PA0861,2650,2877
PA4978,132,143
PA2169,12,13
PA2784,60,65
PA0697,12,13
PA2519,72,78
PA2560,506,548
PA5343,350,379
PA5359,1093,1183
PA4382,207,224
PA1485,122,132
PA1291,98,106
PA2716,98,106
PA3706,380,411
PA0693,86,93
PA0034,222,240
PA4661,2783,3008
PA1537,99,107
PA5264,819,885
PA5551,324,350
PA0218,388,419
PA4340,653,705
PA0194,88,95
PA3009,3993,4310
PA2008,2491,2688
PA0941,38,41
PA0571,228,246
PA2296,51,55
PA1311,64,69
PA0829,64,69
PA3767,206,222
PA4659,207,223
PA1589,3277,3529
PA3122,302,325
PA1046,659,709
PA5253,17879,19232
PA1115,2294,2467
PA4911,80,86
PA1186,40,43
PA2883,347,373
PA2338,27,29
PA2447,95,102
PA1417,177,190
PA3572,1240,1330
PA0030,111,119
PA3063,140,150
PA1512,28,30
PA4313a,155,166
PA5517,368,394
PA0842,85,91
PA2201,71,76
PA2512,57,61
PA5553,927,992
PA4347,1244,1331
PA3498,229,245
PA5285,559,598
PA4078,359,384
PA4621,1572,1681
PA2318,188,201
PA2909,58,62
PA2613,1475,1576
PA3213,935,999
PA4654,500,534
PA0241,104,111
PA0262,119,127
PA0690,2534,2704
PA3893,240,256
PA3052,1372,1463
PA1287,483,515
PA5468,438,467
PA1303,91,97
PA3055,368,392
PA4349,278,296
PA5552,1685,1794
PA2615,6704,7137
PA0224,155,165
PA3343,482,513
PA2953,3953,4207
PA3985,188,200
PA4674,47,50
PA5325,141,150
PA4417,3678,3911
PA2746a,379,403
PA4976,337,358
PA0761,3211,3411
PA2631,698,741
PA4653,163,173
PA3103,946,1004
PA5018,1637,1737
PA0594,3455,3666
PA0962,22445,23811
PA2366,265,281
PA5116,50,53
PA0268,167,177
PA1645,185,196
PA3075,643,681
PA2298,220,233
PA4217,153,162
PA1253,69,73
PA1351,52,55
PA1634,124,131
PA1496,213,225
PA0486,533,563
PA2482,929,981
PA1454,2914,3077
PA2377,90,95
PA3327,435,459
PA0441,834,880
PA0849,273,288
PA3023,186,196
PA2844,149,157
PA2206,150,158
PA1809,686,722
PA1654,1513,1592
PA4882,96,101
PA3281,39,41
PA3999,4564,4798
PA5001,727,764
PA2608,315,331
PA3249,99,104
PA0415,363,381
PA5506,1231,1292
PA4039,264,277
PA1281,61,64
PA5041,1122,1177
PA0785,41,43
PA4554,1541,1616
PA1232,104,109
PA1357,210,220
PA2544,909,952
PA0199,533,558
PA5226,1540,1612
PA1886,669,700
PA5002,1220,1276
PA4660,704,736
PA1175,133,139
PA3311,494,516
PA4618,475,496
PA0468,477,498
PA1439,297,310
PA3595,255,266
PA3838,304,317
PA0334,516,538
PA4931,1604,1672
PA0847,543,566
PA4986,1138,1186
PA0041a,285,297
PA1027,167,174
PA4115,2291,2387
PA3922,716,746
PA2862,266,277
PA1918,97,101
PA0784,194,202
PA2856,413,430
PA0364,219,228
PA2306,171,178
PA2827,2179,2268
PA1928,49,51
PA4196,172,179
PA3115,9721,10116
PA2388,723,752
PA1214,25,26
PA0493,76,79
PA1446,355,369
PA5077,3074,3195
PA1076,6768,7034
PA4720,662,688
PA0495,408,424
PA2345,179,186
PA0301,1413,1468
PA1506,52,54
PA1125,313,325
PA4375,940,976
PA5011,969,1006
PA1052,393,408
PA5473,3124,3243
PA2710,237,246
PA0873,581,603
PA0701,53,55
PA4040,161,167
PA5222,671,696
PA5520,458,475
PA3340,487,505
PA1802,16637,17251
PA4102,190,197
PA3364,190,197
PA3068,5954,6173
PA4036,845,876
PA3304,191,198
PA5085,857,888
PA2843,693,718
PA0735,167,173
PA4486,534,553
PA0835,11243,11642
PA2884,1105,1144
PA2602,85,88
PA0105,514,532
PA2016,2339,2420
PA1914,1214,1256
PA0965,551,570
PA1211,58,60
PA2587,116,120
PA5294,378,391
PA5000,1576,1630
PA3127,294,304
PA4470,415,429
PA1061,392,405
PA5021,941,972
PA4721,244,252
PA5235,1027,1060
PA3165,376,388
PA2047,221,228
PA4637a,856,883
PA3748,847,873
PA3350,932,960
PA0754,500,515
PA1689,435,448
PA0215,101,104
PA0682,34,35
PA1518,273,281
PA3110,587,604
PA2824,2954,3039
PA3547,35,36
PA4870,35,36
PA4636a,35,36
PA3437,843,867
PA3227,1449,1490
PA2104,389,400
PA3988,1814,1865
PA2026,251,258
PA1274,109,112
PA4868,947,973
PA4068,1170,1202
PA4764,843,865
PA5367,507,520
PA3359,121,124
PA1546,10199,10451
PA1536,123,126
PA1145,127,130
PA4529,1525,1561
PA3641,809,828
PA1457,2997,3066
PA3927,178,182
PA2260,45,46
PA3555,46,47
PA1594,92,94
PA1953,47,48
PA3597,193,197
PA3307,928,947
PA3522,344,351
PA3316,99,101
PA5022,1899,1937
PA1307,859,876
PA1883,51,52
PA3496,210,214
PA4155,53,54
PA1505,2549,2597
PA4250,534,544
PA0769,338,344
PA2105,228,232
PA0732,743,756
PA2252,58,59
PA2041,117,119
PA2247,3976,4043
PA4906,627,637
PA4639,3647,3705
PA1841,197,200
PA2167,66,67
PA0764,2478,2514
PA4943,5608,5688
PA1288,4218,4278
PA2877,227,230
PA1358,228,231
PA3943,638,646
PA1424a,82,83
PA0490,170,172
PA4671,2042,2066
PA1703,258,261
PA2708,174,176
PA4281,870,880
PA5009,620,627
PA1966,89,90
PA1273,269,272
PA3865,903,913
PA4393,1094,1106
PA0015,274,277
PA0054,191,193
PA2383,198,200
PA0198,303,306
PA3762,407,411
PA1248,102,103
PA1079,1072,1082
PA4637,328,331
PA0332,259,261
PA1888,130,131
PA5288,4752,4787
PA1226,137,138
PA4783,142,143
PA4523,4661,4693
PA4878,596,600
PA1628,163,164
PA5447,1000,1006
PA4221,339,341
PA1001,172,173
PA0583,179,180
PA1644,199,200
PA1453,1647,1655
PA3031,8386,8426
PA3564,224,225
PA1341,243,244
PA2572,766,768
PA3795,1215,1218
PA4765,3588,3595
PA3731,1105,1107
PA4944,2420,2424
PA4421,2962,2966
PA3295,1063,1064
PA3563,1283,1283
PA1379,80,80
PA2205,37,37
PA2193,4,4
PA4004,400,400
PA3714,91,91
PA1983,13,13
PA4341,55,55
PA3291,1,1
PA1738,293,293
PA0952,433,433
PA4103,21,21
PA2034,27,27
PA3253,115,115
PA2404,37,37
PA1599,80,80
PA4177,32,32
PA1356,33,33
PA2490,32,32
PA2133,16,16
PA1265,26,26
PA1724,15,15
PA2515,21,21
PA1022,64,64
PA1143,19,19
PA4230,6,6
PA3592,27,27
PA0324,163,163
PA2208,3,3
PA5031,73,73
PA1917,4,4
PA1632,2,2
PA3763,6214,6206
PA1915,1055,1053
PA2899,337,336
PA0337,11375,11334
PA3433,261,260
PA1206,233,232
PA5364,3601,3585
PA5342,223,222
PA5315,185,184
PA2267,177,176
PA0584,673,669
PA3204,989,983
PA1993,163,162
PA4019,471,468
PA2821,773,768
PA1533,716,711
PA2871,143,142
PA4361,426,423
PA2317,280,278
PA1539,267,265
PA3215,759,753
PA0371,1673,1659
PA1637,109,108
PA1613,974,965
PA4005,638,632
PA5393,105,104
PA3492,105,104
PA0860,628,622
PA3735,1881,1863
PA0795,1558,1543
PA3240,513,508
PA2070,102,101
PA0360,4959,4910
PA4968,576,570
PA1947,2471,2445
PA0848,95,94
PA0867,2059,2037
PA4950,1258,1244
PA4464,5261,5202
PA3734,519,513
PA3944,342,338
PA0061,252,249
PA4705,334,330
PA4123,410,405
PA4711,841,830
PA2609,764,754
PA2854,3298,3253
PA4466,656,647
PA1400,144,142
PA2058,70,69
PA1030,599,590
PA5434,399,393
PA1829,1261,1242
PA5319,570,561
PA4623,62,61
PA0222,60,59
PA3121,1138,1119
PA2937,471,463
PA3856,288,283
PA2760,6064,5958
PA1173,286,281
PA4777,228,224
PA3339,338,332
PA1174,2082,2045
PA0269,112,110
PA0483,110,108
PA1441,1815,1782
PA3768,1567,1538
PA4517,323,317
PA3997,1449,1422
PA1784,53,52
PA1619,157,154
PA0294,207,203
PA1758,511,501
PA5527,638,625
PA2703,49,48
PA3712,1500,1469
PA1444,290,284
PA2398,288,282
PA5275,232,227
PA2055,46,45
PA3107,1284,1256
PA1055,229,224
PA5121,1005,983
PA3424,225,220
PA4091,177,173
PA2373,88,86
PA1781,127,124
PA0147,253,247
PA2749,166,162
PA1390,124,121
PA5102,123,120
PA2333,82,80
PA4829,369,360
PA5236,689,672
PA0387,1376,1342
PA0865,8556,8344
PA0417,119,116
PA1056,751,732
PA3703,510,497
PA5311,196,191
PA3788,231,225
PA4300,76,74
PA3084,873,850
PA4003,1977,1924
PA3877,17119,16658
PA5280,664,646
PA5474,4823,4692
PA5323,1358,1321
PA1847,4023,3912
PA1242,144,140
PA2118a,36,35
PA1039,318,309
PA0487,423,411
PA1572,595,578
PA1527,3827,3717
PA2705,621,603
PA2273,69,67
PA0403,756,734
PA3756,1301,1263
PA2122,101,98
PA3017,632,613
PA1360,230,223
PA3440a,950,921
PA1204,260,252
PA4008,355,344
PA3612,129,125
PA4391,380,368
PA0802,63,61
PA2868,249,241
PA2432,186,180
PA5307,2969,2873
PA0230,494,478
PA3125,215,208
PA4345,538,520
PA0402,2983,2883
PA4288,178,172
PA4501,913,882
PA3832,204,197
PA0233,812,784
PA2309,29,28
PA1290,87,84
PA5055,635,613
PA4733,1114,1075
PA2550,1369,1321
PA5340,732,706
PA5460,56,54
PA1250,28,27
PA0935,418,403
PA2796,1249,1204
PA4012,470,453
PA4613,270,260
PA4494,6329,6094
PA4403,13253,12757
PA2464,345,332
PA2005,291,280
PA1229,105,101
PA4358,2539,2442
PA2677,261,251
PA2232,1856,1784
PA1755,206,198
PA2825,180,173
PA2165,77,74
PA4096,51,49
PA2535,280,269
PA4225,276,265
PA3234,1926,1848
PA3403,98,94
PA0753,49,47
PA2010,488,468
PA5181,340,326
PA1038,72,69
PA1955,24,23
PA5179,359,344
PA0070,6236,5975
PA4366,14298,13697
PA5029,190,182
PA5569,5017,4805
PA3141,4392,4205
PA0575,1335,1278
PA4787,982,940
PA4162,70,67
PA3025,116,111
PA4493,2915,2789
PA1074,21475,20536
PA3309,49806,47623
PA1519,91,87
PA5166,1342,1283
PA1906,68,65
PA3054,876,837
PA2546,112,107
PA1109,178,170
PA0112,111,106
PA0416,310,296
PA3375,22,21
PA2917,197,188
PA5074,499,476
PA1811,1538,1467
PA0556,85,81
PA1245,295,281
PA1963,442,421
PA4229,21,20
PA1734,146,139
PA0021,83,79
PA0031,394,375
PA1339,373,355
PA5044,3408,3242
PA2996,513,488
PA2807,41,39
PA1378,41,39
PA0528,164,156
PA5019,632,601
PA1660,222,211
PA4945,12863,12224
PA2612,2185,2076
PA2261,59,56
PA4768,1137,1079
PA3006,5435,5156
PA1741,252,239
PA2908,174,165
PA4315,14639,13881
PA3421,77,73
PA2977,288,273
PA5261,3692,3498
PA3357,339,321
PA4901,94,89
PA4143,131,124
PA2990,779,737
PA4512,1631,1543
PA1833,2239,2117
PA4167,55,52
PA0048,73,69
PA2639,2498,2361
PA0599,638,603
PA4553,342,323
PA0014,54,51
PA2091,18,17
PA2176,108,102
PA1225,89,84
PA2595,71,67
PA0184,53,50
PA1803,7374,6956
PA5215,1596,1505
PA4695,645,608
PA0839,291,274
PA1066,68,64
PA2737,2253,2120
PA0879,67,63
PA0288,67,63
PA2650,50,47
PA5549,764,718
PA1375,332,312
PA4472,993,933
PA4022,2546,2391
PA5097,197,185
PA2363,82,77
PA5142,602,565
PA2634,5440,5105
PA1736,210,197
PA4467,289,271
PA1624,834,782
PA0273,64,60
PA2030,32,30
PA0167,988,926
PA5079,191,179
PA4238,12290,11515
PA1304,839,786
PA3163,459,430
PA1866,393,368
PA5067,1867,1748
PA0227,94,88
PA4625,1048,981
PA2623,24270,22715
PA5252a,961,899
PA0174,62,58
PA1785,31,29
PA3920,524,490
PA0018,554,518
PA4406,4926,4605
PA2413,46,43
PA0934,2283,2133
PA0067,4556,4256
PA5339,2465,2302
PA5013,5596,5225
PA2815,1432,1337
PA3208,283,264
PA4180,1617,1508
PA4699,1181,1101
PA0481,88,82
PA2846,249,232
PA4511,947,882
PA1500,87,81
PA3061,58,54
PA2547,261,243
PA2097,29,27
PA3886a,87,81
PA4270,10006,9315
PA2588,130,121
PA4555,216,201
PA3862,330,307
PA1792,545,507
PA0437,430,400
PA3466,1189,1106
PA0696,128,119
PA2397,142,132
PA3202,440,409
PA2379,127,118
PA0919,800,743
PA1069,856,795
PA0461,1794,1666
PA3844,1106,1027
PA2036,14,13
PA0997,28,26
PA1612,182,169
PA2484,714,663
PA1189,97,90
PA0059,386,358
PA0019,2205,2045
PA0971,1191,1104
PA2243,82,76
PA3683,518,480
PA2772,54,50
PA2308,27,25
PA2431,202,187
PA3696,269,249
PA4362,269,249
PA2616,3032,2806
PA4427,334,309
PA5045,4341,4012
PA5211,145,134
PA4389,2424,2240
PA1043,210,194
PA3970,2579,2382
PA0143,301,278
PA1970,26,24
PA1398,195,180
PA0550,78,72
PA4538,1754,1619
PA4946,1841,1699
PA4145,375,346
PA5317,2168,2000
PA2858,1038,957
PA1984,1086,1001
PA5135,470,433
PA4026,749,690
PA1742,1048,965
PA0394,2285,2104
PA3080,530,488
PA4420,5274,4853
PA3212,474,436
PA2905,87,80
PA4419,595,547
PA5047,1376,1264
PA4970,466,428
PA0576,10688,9816
PA4108a,98,90
PA3493,98,90
PA1946,7789,7152
PA3605,366,336
PA4930,426,391
PA1171,510,468
PA2633,762,699
PA2507,24,22
PA2297,12,11
PA0726,156,143
PA1739,48,44
PA4791,342,313
PA5162,1485,1359
PA3484,495,453
PA3983,2251,2060
PA4735,6620,6058
PA4127,47,43
PA0869,1715,1569
PA4844,643,588
PA0290,643,588
PA4903,35,32
PA5441,2119,1936
PA1817,300,274
PA4351,1509,1378
PA2568,357,326
PA2189,46,42
PA1722,23,21
PA1684,654,597
PA4867,103,94
PA1373,159,145
PA3726,147,134
PA1643a,237,216
PA1289,45,41
PA3994,90,82
PA1814,670,610
PA4228,111,101
PA3013,2280,2073
PA1870,11,10
PA1257,33,30
PA4508,77,70
PA1497,44,40
PA2195,99,90
PA4830,55,50
PA2754,2447,2223
PA0275,360,327
PA3684,1196,1086
PA1138,141,128
PA4346,130,118
PA3137,238,216
PA4576,3988,3619
PA5056,864,784
PA5566,43,39
PA2147,86,78
PA0234,129,117
PA3589,43,39
PA1945,300,272
PA4468,182,165
PA1062,214,194
PA1555.1,128,116
PA2424,277,251
PA0851,265,240
PA4187,127,115
PA4242,158,143
PA2400,495,448
PA5273,484,438
PA1607,284,257
PA1694,21,19
PA0673,105,95
PA0367,556,503
PA5114,3448,3119
PA1124,982,888
PA0596,2214,2002
PA1584,2619,2368
PA2591,73,66
PA4301,73,66
PA0464,417,377
PA1222,363,328
PA5187,362,327
PA5032,93,84
PA1875,124,112
PA2702,465,420
PA1014,206,186
PA4899,164,148
PA3543,82,74
PA1602,51,46
PA1247,122,110
PA3851,366,330
PA4919,2007,1809
PA1668,101,91
PA1005,1887,1700
PA4324,4680,4215
PA4000,1683,1515
PA0297,2641,2377
PA3216,50,45
PA1503,60,54
PA0778,229,206
PA4626,149,134
PA1871,119,107
PA3761,426,383
PA4734,822,739
PA0845,297,267
PA4086,89,80
PA4967,1620,1456
PA2355,69,62
PA5345,2158,1939
PA2491,1158,1040
PA5042,1126,1011
PA4681,88,79
PA1085,1432,1285
PA2043,107,96
PA1813,709,636
PA2350,29,26
PA1054,2229,1998
PA4929,588,527
PA2670,77,69
PA2957,500,448
PA1721,48,43
PA2790,768,688
PA5060,5970,5348
PA5454,1275,1142
PA2963,786,704
PA0037,191,171
PA0178,1487,1331
PA2632,562,503
PA4615,761,681
PA3287,76,68
PA4081,114,102
PA1309,313,280
PA4369,557,498
PA5349,755,675
PA2080,160,143
PA0841,337,301
PA5556,7633,6816
PA5132,84,75
PA2270,177,158
PA2541,475,424
PA3092,419,374
PA0219,93,83
PA5219,158,141
PA1344,324,289
PA5382,185,165
PA1334,37,33
PA3081,379,338
PA1655,1375,1226
PA3830,286,255
PA1524,258,230
PA1460,801,714
PA2352,46,41
PA5512,653,582
PA3479,101,90
PA3435,861,767
PA0312,366,326
PA1104,667,594
PA1176,274,244
PA2778,155,138
PA3051,709,631
PA1243,227,202
PA3532,599,533
PA1082,2548,2267
PA3378,81,72
PA2898,72,64
PA3089a,126,112
PA3629,1014,901
PA0333,412,366
PA5020,1584,1407
PA3230,286,254
PA3306,1295,1150
PA2566,107,95
PA3892,98,87
PA0601,444,394
PA2033,62,55
PA2618,1102,977
PA5254,476,422
PA2407,44,39
PA0418,466,413
PA2863,70,62
PA1732,105,93
PA5165,2440,2160
PA0152,209,185
PA1023,87,77
PA3645,1052,931
PA0400,730,646
PA3813,1251,1107
PA2971,1927,1705
PA3623,6006,5314
PA3261,1084,959
PA0278,52,46
PA1617,519,459
PA0586,5056,4471
PA2166,69,61
PA4833,464,410
PA4622,103,91
PA4395,2609,2305
PA5513,607,536
PA5052,1516,1338
PA1185,51,45
PA0660,646,570
PA4688,832,734
PA0123,212,187
PA2958,473,417
PA4331,549,484
PA2717,152,134
PA3407,76,67
PA1049,842,742
PA3226,587,517
PA3135,427,376
PA1286,25,22
PA0998,75,66
PA1327,249,219
PA0886,166,146
PA4094,332,292
PA0249,83,73
PA0853,165,145
PA3175,140,123
PA1348,214,188
PA1653,321,282
PA0095,2360,2073
PA4813,74,65
PA3400,246,216
PA2880,82,72
PA0042,213,187
PA1437,180,158
PA1818,1227,1077
PA1447,49,43
PA4530,302,265
PA5096,163,143
PA1131,57,50
PA1433,350,307
PA5234,805,706
PA0972,2991,2623
PA4782,73,64
PA4614,1095,960
PA2771,243,213
PA1860,194,170
PA1815,258,226
PA2103,602,527
PA2834,329,288
PA0470,1027,899
PA2327,56,49
PA2142a,16,14
PA1352,16,14
PA1495,32,28
PA3551,184,161
PA2402,743,650
PA1562,5722,5004
PA3693,199,174
PA0859,175,153
PA0346,175,153
PA5287,825,721
PA4869,222,194
PA2939,103,90
PA4459,1203,1051
PA3974,1689,1475
PA5295,1126,983
PA2895,354,309
PA4434,1140,995
PA4891,157,137
PA0404,510,445
PA4757,839,732
PA3581,2816,2456
PA1136,125,109
PA2527,889,775
PA4181,241,210
PA1824,318,277
PA1382,473,412
PA1845,31,27
PA4399,124,108
PA0854,1160,1010
PA1491,402,350
PA0928,1801,1568
PA1081,935,814
PA2543,539,469
PA1217,177,154
PA3691,5516,4799
PA1302,123,107
PA2254,46,40
PA0296,2019,1755
PA5028,1376,1195
PA1508,38,33
PA0211,38,33
PA3138,1504,1306
PA4717,1146,995
PA4184,341,296
PA4088,53,46
PA3252,113,98
PA0351,954,827
PA2724,45,39
PA0553,165,143
PA2196,120,104
PA0465,262,227
PA5271,1280,1109
PA1887,142,123
PA3786,2475,2143
PA2617,320,277
PA0137,119,103
PA1057,445,385
PA0004,10675,9234
PA0782,3479,3009
PA0757,259,224
PA0353,3320,2871
PA2242,288,249
PA4543,272,235
PA2406,22,19
PA3113,1060,915
PA5026,168,145
PA5466,175,151
PA1033,641,553
PA3285,880,759
PA3483,428,369
PA4861,58,50
PA4937,12624,10882
PA3886,442,381
PA0022,362,312
PA2197,152,131
PA4509,101,87
PA4150,137,118
PA0482,5393,4643
PA3546,43,37
PA5546,1632,1404
PA3953,93,80
PA0771,699,601
PA0876,556,478
PA2696,114,98
PA0894,57,49
PA1779,235,202
PA5160,369,317
PA3114,489,420
PA1473,496,426
PA1048,2572,2209
PA0119,679,583
PA0458,855,734
PA4497,883,758
PA2679,592,508
PA4319,406,348
PA1869,14,12
PA2405,14,12
PA3284,14,12
PA2113,14,12
PA2489,168,144
PA5043,1748,1498
PA4747,1726,1479
PA3787,1284,1100
PA5199,1046,896
PA4552,752,644
PA0126,792,678
PA3279,125,107
PA0388,1027,879
PA5168,201,172
PA2700,90,77
PA2011,616,527
PA1520,1045,894
PA0240,159,136
PA0173,117,100
PA5502,585,500
PA3949,707,604
PA5035,494,422
PA3318,48,41
PA1080,5323,4546
PA0449,9175,7835
PA4579,1204,1028
PA1749,430,367
PA3690,969,827
PA2511,177,151
PA3514,279,238
PA4526,3640,3105
PA4384,102,87
PA2853,42396,36140
PA0006,486,414
PA2078,54,46
PA5125,1674,1426
PA5383,81,69
PA0340,576,490
PA3478,328,279
PA5213,716,609
PA0485,254,216
PA3730,294,250
PA3513,80,68
PA4979,100,85
PA1318,279,237
PA0160,146,124
PA4001,2327,1976
PA2837,53,45
PA0345,695,590
PA3847,205,174
PA2962,271,230
PA0838,862,730
PA1469,111,94
PA4234,2366,2003
PA1121,234,198
PA0724,65,55
PA4097,26,22
PA0044,999,845
PA2446,700,592
PA3184,427,361
PA4897,556,470
PA4293,200,169
PA0940,58,49
PA4646,206,174
PA1084,830,701
PA3464,224,189
PA1711,64,54
PA5455,1621,1367
PA2069,51,43
PA1395,70,59
PA0731,439,370
PA1489,89,75
PA0507,976,822
PA3298,19,16
PA4724.1,76,64
PA0710,38,32
PA3239,405,341
PA4330,529,445
PA1752,541,455
PA3462,457,384
PA3044,150,126
PA3247,1902,1597
PA0368,661,555
PA3166,1837,1542
PA2518,56,47
PA1735,56,47
PA0298,1739,1459
PA2009,5073,4255
PA3348,3044,2553
PA3455,1208,1013
PA3220,446,374
PA1764,167,140
PA3961,847,710
PA1988,68,57
PA0007,592,496
PA5191,579,485
PA3739,628,526
PA1306,1224,1024
PA5207,868,726
PA2468,165,138
PA1146,165,138
PA1461,615,514
PA3471,2319,1938
PA5529,1965,1642
PA0891,517,432
PA3225,758,633
PA4137,103,86
PA5369,925,772
PA4402,943,787
PA5203,1707,1423
PA3172,1009,841
PA4441,4491,3743
PA2141,6,5
PA1083,1056,880
PA2284,138,115
PA2257,6,5
PA5247,641,534
PA3921,1144,953
PA2991,2264,1886
PA0663,389,324
PA2492,1280,1066
PA5270,1818,1514
PA2789,185,154
PA1795,4199,3494
PA1880,268,223
PA0457.1,256,213
PA5154,196,163
PA1443,1377,1145
PA2920,919,764
PA4114,622,517
PA3116,373,310
PA0532,136,113
PA0248,177,147
PA3628,342,284
PA3290,613,509
PA3416,218,181
PA1923,106,88
PA1028,147,122
PA3995,176,146
PA3402,293,243
PA1252,257,213
PA0343,613,508
PA0158,1295,1073
PA0133,513,425
PA0292,1420,1176
PA5210,3678,3046
PA0238,64,53
PA5237,2241,1855
PA4697,1114,922
PA0946,1143,946
PA5366,713,590
PA5515,718,594
PA5099,243,201
PA0542,1654,1368
PA0472,237,196
PA3778,312,258
PA0045,514,425
PA5090,294,243
PA0406,604,499
PA4099,69,57
PA3954,109,90
PA5350,103,85
PA5242,14789,12202
PA2965,1503,1240
PA1540,40,33
PA4690,520,429
PA5017,6586,5433
PA4564,354,292
PA2272,354,292
PA4788,97,80
PA3469,262,216
PA3596,74,61
PA0536,1375,1133
PA4478,369,304
PA4732,3378,2782
PA2291,68,56
PA1212,34,28
PA5240,3982,3279
PA0750,650,535
PA0745,824,678
PA0182,124,102
PA3634,293,241
PA2929,45,37
PA4767,855,703
PA2316,123,101
PA4477,1379,1132
PA3301,842,691
PA5338,5661,4645
PA3315,78,64
PA0469,557,457
PA0557,89,73
PA2638,1533,1257
PA3741,111,91
PA4971,932,764
PA0323,183,150
PA1763,144,118
PA2829,72,59
PA0902,443,363
PA1102,1805,1479
PA0742,177,145
PA4208,94,77
PA2750,94,77
PA5555,2196,1798
PA2671,88,72
PA4302,66,54
PA0711,33,27
PA2522,22,18
PA5544,275,225
PA4334,351,287
PA1423,1002,819
PA2545,514,420
PA3036,71,58
PA3785,251,205
PA4145a,60,49
PA3575,676,552
PA1828,1537,1255
PA3864,256,209
PA1297,397,324
PA0116,212,173
PA3335,125,102
PA0032,288,235
PA1534,478,390
PA5189,244,199
PA0032a,309,252
PA2025,5187,4229
PA3688,162,132
PA2924,27,22
PA5329,788,642
PA1615,259,211
PA1032,1264,1029
PA0970,1097,893
PA1075,172,140
PA4549,145,118
PA2144,349,284
PA2997,542,441
PA2912,75,61
PA1002,107,87
PA5158,230,187
PA2995,326,265
PA0065,390,317
PA4560,7041,5723
PA4803,299,243
PA0600,1468,1193
PA3329,32,26
PA4533,405,329
PA4565,1460,1186
PA0399,761,618
PA0355,4174,3389
PA1740,303,246
PA2765,547,444
PA1051,244,198
PA5537,525,426
PA4835,212,172
PA1181,921,747
PA0094,608,493
PA1140,391,317
PA2779,496,402
PA4255,638,517
PA3915,2396,1941
PA4821,221,179
PA4117,1515,1227
PA4290,1609,1303
PA0058,63,51
PA2329,42,34
PA5484,1401,1134
PA5119,34619,28001
PA2831,408,330
PA0659,1469,1188
PA3347,1024,828
PA5163,2365,1912
PA4176,762,616
PA4689,1612,1303
PA1609,6176,4992
PA2621,1984,1603
PA2256,26,21
PA5040,9218,7442
PA5245,1607,1297
PA4962,88,71
PA3591,27,0
PA1899,5,0
PA0523,10457,80
PA3391,15974,153
PA3392,16959,163
PA3395,1608,19
PA0524,15537,280
PA3394,1521,33
PA0518,4709,106
PA0525,6163,173
PA0519,73093,2139
PA3393,3402,100
PA3873,1258,47
PA0510,3789,144
PA3872,2188,103
PA0509,5207,254
PA0512,2584,129
PA0517,2815,141
PA0511,10594,546
PA3396,687,38
PA0786,18,1
PA0612,918,51
PA3938,2558,147
PA0320,18535,1097
PA0807,3570,214
PA3446,3916,242
PA0516,11694,724
PA0513,1880,118
PA0909,137,9
PA0514,3390,230
PA0910,1005,72
PA0526,1385,106
PA3871,583,46
PA3874,6900,547
PA3450,2433,197
PA0515,1808,148
PA0613,2379,199
PA0912,414,37
PA3449,318,29
PA0609,6950,637
PA0911,669,64
PA0627,1087,104
PA3803,1658,161
PA0623,7127,695
PA0636,12813,1304
PA0283,1423,148
PA0908,1147,120
PA3931,1030,108
PA0637,1648,173
PA2311,56,6
PA0634,5530,596
PA0907,821,90
PA3911,704,78
PA0618,4485,497
PA0628,2905,325
PA0633,15800,1775
PA4195,620,71
PA0622,31892,3669
PA3802,1085,127
PA0640,1314,158
PA0619,3200,393
PA1774,447,55
PA1123,1228,152
PA0808,323,40
PA0617,1427,177
PA1568,8,1
PA2840,1401,179
PA3937,422,54
PA0191,1085,139
PA3912,1934,256
PA0620,10520,1406
PA0639,3106,418
PA2357,59,8
PA5355,672,92
PA0624,3463,475
PA0614,2435,343
PA2161,7,1
PA0210,21,3
PA0327,2731,393
PA0635,2892,417
PA0629,3220,466
PA1260,41,6
PA1892,41,6
PA3444,327,48
PA0638,4337,641
PA0915,108,16
PA0630,717,110
PA0641,14561,2235
PA2763a,13,2
PA0284,799,123
PA0610,15644,2413
PA3875,50286,7867
PA2358,254,40
PA4629,443,71
PA1882,37,6
PA0921,1262,206
PA0880,6,1
PA4823,18,3
PA0625,8522,1431
PA3815,1202,202
PA3069,898,151
PA0282,349,59
PA3804,1000,173
PA4481,1271,222
PA0712,117,21
PA3445,1092,198
PA3334,11,2
PA4670,3726,709
PA3719,26,5
PA1325,138,27
PA0616,8420,1677
PA2570,5,1
PA4826,144,29
PA4763,10977,2231
PA4563,2514,511
PA3552,844,173
PA1150,2247,463
PA4430,4180,866
PA0615,3095,648
PA3870,749,157
PA4837,816,172
PA0209,71,15
PA2042,518,110
PA2312,177,38
PA1343,311,67
PA3443,157,34
PA1112b,2400,521
PA2561,647,141
PA4131,1064,232
PA0153,96,21
PA2860,2791,617
PA3569,199,44
PA2463,54,12
PA1778,243,54
PA3007,8353,1879
PA3570,991,223
PA3913,2368,533
PA2659,4113,926
PA4154,244,55
PA0611,3278,739
PA0328,1165,263
PA4443,1779,405
PA0631,367,84
PA0521,261,60
PA0626,2209,509
PA3530,129,30
PA5084,515,120
PA4583,2967,692
PA0024,4979,1163
PA1006,212,50
PA1593,178,42
PA3936,173,41
PA2334,135,32
PA0522,122,29
PA1620,46,11
PA0800,316,76
PA5049,176,43
PA0922,1906,466
PA4748,2298,562
PA4896,149,37
PA3414,659,164
PA5491,846,211
PA4210,4,1
PA4582,4027,1007
PA0914,87,22
PA3722,834,211
PA0713,280,71
PA4247,1558,397
PA2619,905,232
PA4429,1958,502
PA1852,2458,631
PA0906,1545,397
PA2666,139,36
PA4724,586,152
PA1800,5102,1324
PA2288,377,98
PA2629,1281,333
PA5351,23,6
PA0608,1120,294
PA4105,19,5
PA0707,91,24
PA4264,1600,422
PA5072,1924,509
PA2916,34,9
PA2204,502,133
PA5298,942,250
PA1780,15,4
PA0142,684,183
PA4845,1980,531
PA0433,252,68
PA1170,200,54
PA4354,348,94
PA3800,938,254
PA4138,365,99
PA1699,11,3
PA3601,673,184
PA5536,117,32
PA2950,1092,300
PA2426,120,33
PA4310,3022,832
PA3033,94,26
PA4479,260,72
PA3008,1781,494
PA3276,173,48
PA5129,273,76
PA1363,201,56
PA0321,746,208
PA2657,922,258
PA1921,50,14
PA2381,1559,438
PA2988,1573,442
PA3617,15532,4365
PA2287,635,179
PA0812,379,107
PA3410,177,50
PA0810,329,93
PA1581,1227,348
PA1241,176,50
PA4746,857,244
PA0651,1496,426
PA2214,35,10
PA0540,63,18
PA4212,14,4
PA1635,14,4
PA5560,3439,986
PA4248,3449,992
PA4480,709,204
PA5463,407,118
PA0670,888,258
PA0775,340,99
PA4249,1102,321
PA2427,24,7
PA4635,246,72
PA3109,714,209
PA4496,11911,3492
PA2580,75,22
PA4940,277,82
PA5316,3421,1013
PA3990,27,8
PA2663,290,86
PA3388,202,60
PA4262,3817,1134
PA3413,1289,383
PA3526,3687,1097
PA4291,977,291
PA0602,803,240
PA0916,374,112
PA4134,30,9
PA4567,5628,1698
PA4934,961,290
PA0806,298,90
PA3376,33,10
PA4738,871,264
PA3140,263,80
PA4789,92,28
PA0208,1721,524
PA2901,364,111
PA0062,390,119
PA4471,255,78
PA0009,1872,573
PA4379,1463,449
PA2757,52,16
PA0828,107,33
PA3818,1604,495
PA0579,2874,887
PA2569,149,46
PA2658,563,174
PA1194,294,91
PA4745,5506,1707
PA5357,553,172
PA2310,93,29
PA4431,2124,663
PA5564,733,229
PA2384,16,5
PA4432,1312,410
PA5300,1579,495
PA1718,35,11
PA2328,105,33
PA4371,839,264
PA2787,438,138
PA3303,717,226
PA1791,386,122
PA3136,117,37
PA4954,3492,1110
PA4888,1824,580
PA2772a,22,7
PA0149,138,44
PA3519,69,22
PA5082,1267,404
PA2669,166,53
PA0671,538,172
PA4518,25,8
PA1100,337,108
PA4616,299,96
PA3807,1885,607
PA4678,177,57
PA1790,245,79
PA1116,530,171
PA1608,1397,451
PA5173,17220,5574
PA4064,253,82
PA3637,6412,2090
PA2720,144,47
PA0463,481,157
PA0216,98,32
PA4245,498,163
PA1326,499,164
PA2019,298,98
PA4935,3137,1032
PA5034,1228,404
PA4244,2234,735
PA5239,12707,4183
PA0755,1203,398
PA3386,139,46
PA3579,1217,403
PA0381,836,277
PA1767,2286,758
PA0578,968,321
PA0291,19859,6591
PA4110,304,101
PA3263,1586,527
PA2652,1483,493
PA3436,553,184
PA0698,6,2
PA2559a,180,60
PA3520,12,4
PA2050,69,23
PA4819,42,14
PA2142,30,10
PA0247,174,58
PA4396,522,175
PA0547,906,304
PA0736a,1354,456
PA2851,4706,1585
PA0809,917,309
PA3790,2819,950
PA1386,263,89
PA5130,1069,362
PA1964,1536,522
PA0438,147,50
PA0760,191,65
PA3805,1101,375
PA5498,1943,664
PA1042,79,27
PA3077,155,53
PA3632,345,118
PA4130,605,207
PA2277,143,49
PA2911,499,171
PA5024,531,183
PA4433,6588,2272
PA0201,2241,775
PA4716,835,289
PA0950,337,117
PA0925,239,83
PA0040,285,99
PA4436,593,206
PA3737,2327,809
PA5289,788,274
PA3476,138,48
PA2788,3927,1366
PA0356,768,268
PA2875,245,86
PA2023,1179,414
PA1183,475,167
PA2662,705,248
PA3661,51,18
PA0069,753,266
PA4142,93,33
PA4273,4037,1433
PA4275,2987,1062
PA0380,520,185
PA4740,10187,3625
PA4893,174,62
PA5375,1059,378
PA1553,364,130
PA3906,14,5
PA3827,1005,359
PA0703,179,64
PA3370,67,24
PA5128,2154,772
PA3005,664,238
PA4515,755,271
PA3801,693,249
PA2549,924,332
PA5479,1283,461
PA2359,384,138
PA3939,278,100
PA1393,86,31
PA2600,172,62
PA3162,12937,4665
PA2664,1148,414
PA0722,83,30
PA3817,683,247
PA1577,47,17
PA3718,152,55
PA1300,69,25
PA3351,15897,5766
PA1743,11,4
PA3411,11,4
PA2694,22,8
PA0197,129,47
PA1706,222,81
PA5503,1196,438
PA1838,925,339
PA3980,2141,785
PA1543,387,142
PA0961,267,98
PA0456,10053,3699
PA0654,1405,518
PA4853,198,73
PA3933,1975,729
PA1713,349,129
PA3745,1098,406
PA5440a,127,47
PA5354,81,30
PA0010,116,43
PA2286,658,244
PA3387,213,79
PA4383,1565,581
PA0945,781,290
PA5256,339,126
PA1117,276,103
PA1475,209,78
PA1862,198,74
PA5481,404,151
PA4292,1736,649
PA3901,1107,414
PA2213,24,9
PA1891,24,9
PA2421,16,6
PA2453,250,94
PA2485,404,152
PA0789,1115,420
PA4060,61,23
PA0326,159,60
PA1026,124,47
PA5490,6062,2299
PA2809,79,30
PA2062,179,68
PA4456,2136,812
PA5296,2003,762
PA5534,92,35
PA1714,231,88
PA2386,139,53
PA2786,34,13
PA3447,68,26
PA4679,253,97
PA0607,500,192
PA0562,531,204
PA4113,190,73
PA2039,169,65
PA3585,91,35
PA4995,161,62
PA5335,1254,484
PA4482,544,210
PA3806,2195,848
PA2014,2608,1008
PA2656,1033,400
PA3403a,142,55
PA5403,116,45
PA5483,991,385
PA5081,162,63
PA1258,18,7
PA1073,1334,519
PA1101,1928,751
PA0668,1327,517
PA5563,1803,703
PA1192,477,186
PA1863,618,241
PA3268,520,203
PA4846,975,381
PA1853,555,217
PA0714,156,61
PA2969,455,178
PA0655,2452,960
PA5526,581,228
PA3209,28,11
PA3377,28,11
PA4261,565,222
PA0013,173,68
PA2554,1485,584
PA3389,61,24
PA2258,61,24
PA4438,879,346
PA1922,71,28
PA3752,76,30
PA3766,739,292
PA0918,3528,1395
PA2509,48,19
PA4585,637,253
PA1959,219,87
PA0385,161,64
PA3979,460,183
PA3932,211,84
PA2553,1866,743
PA5442,598,239
PA0488,85,34
PA2356,45,18
PA5388,175,70
PA1329,10,4
PA1021,45,18
PA4766,110,44
PA2149,10,4
PA2187,5,2
PA3791,957,383
PA3828,1858,744
PA4847,1081,433
PA5445,4234,1698
PA0652,4365,1751
PA1282,167,67
PA0833,4908,1970
PA2555,4870,1958
PA4500,12740,5126
PA0666,1318,531
PA1566,62,25
PA4684,803,324
PA4651,57,23
PA1797a,57,23
PA3539,508,205
PA4758,4295,1734
PA2051,52,21
PA2088,42,17
PA2740,773,313
PA0307,600,243
PA5430,706,286
PA3743,1672,678
PA2744,6330,2569
PA5172,35433,14392
PA3288,224,91
PA1839,155,63
PA0936,2140,870
PA4709,231,94
PA0025,1225,499
PA3824,687,280
PA4235,14288,5832
PA3168,5593,2284
PA0217,213,87
PA2798,2822,1153
PA1541,93,38
PA4894,110,45
PA5268,603,247
PA0665,166,68
PA0358,327,134
PA0236,273,112
PA5334,918,377
PA3627,1061,436
PA1698,73,30
PA0843,197,81
PA1295,158,65
PA3219,34,14
PA2780,85,35
PA4083,34,14
PA2983,391,161
PA4600,442,182
PA3958,1229,507
PA0975,618,255
PA2693,63,26
PA0151,264,109
PA4756,6686,2762
PA2528,445,184
PA4574,278,115
PA0734,570,236
PA3608,128,53
PA1415,811,336
PA3910,222,92
PA1367,82,34
PA2745,202,84
PA0889,286,119
PA4939,1453,605
PA4816,552,230
PA5514,635,265
PA4263,4953,2067
PA1554,1923,803
PA3639,1626,680
PA3442,86,36
PA4568,5100,2137
PA3720,272,114
PA1701,31,13
PA4166,62,26
PA3321,267,112
PA4029,686,288
PA2869,352,148
PA0917,1286,541
PA3616,1787,752
PA2531,57,24
PA0730,691,291
PA0460,1902,801
PA4274,5346,2253
PA4685,261,110
PA2376,135,57
PA2478,116,49
PA4317,2731,1154
PA4152,104,44
PA0763,3962,1678
PA4392,85,36
PA5429,89299,37830
PA5157,59,25
PA3934,505,214
PA4715,1451,615
PA0819,73,31
PA5431,313,133
PA5500,2560,1089
PA3636,1610,685
PA5565,3993,1701
PA3536,361,154
PA4129,89,38
PA2998,936,400
PA2128,318,136
PA3554,570,244
PA1900,21,9
PA3542,56,24
PA2140,7,3
PA1626,147,63
PA2487,49,21
PA2516,14,6
PA0691,21,9
PA4704,448,192
PA0277,238,102
PA4450,3838,1649
PA5209,591,254
PA0888,3640,1565
PA2594,307,132
PA0857,637,274
PA3246,251,108
PA3880,1696,730
PA3721,576,248
PA4063,1297,559
PA3854,51,22
PA0805,1928,832
PA5524,519,224
PA1195,461,199
PA0046,162,70
PA5083,236,102
PA3415,178,77
PA3448,30,13
PA3373,136,59
PA2980,198,86
PA0317,2136,929
PA3888,538,234
PA2775,154,67
PA5559,1680,731
PA5331,1381,601
PA4712,193,84
PA3270,473,206
PA0570,117,51
PA5038,2387,1042
PA4378,597,261
PA0330,1068,467
PA4178,64,28
PA3041,368,161
PA1558,128,56
PA2968,425,186
PA1675,345,151
PA2972,169,74
PA3598,290,127
PA2434,73,32
PA1837,155,68
PA3618,255,112
PA0585,107,47
PA1582,648,285
PA4520,2337,1028
PA4599,125,55
PA5177,934,411
PA1385,234,103
PA0595,5783,2546
PA4307,1998,880
PA2037,118,52
PA0667,4231,1868
PA2282,77,34
PA5048,351,155
PA3821,1919,848
PA3685,362,160
PA4344,459,203
PA2746,158,70
PA0649,1671,741
PA5539,115,51
PA0363,602,267
PA0425,2175,965
PA3489,259,115
PA4818,184,82
PA4455,774,345
PA3472,1276,569
PA3971,74,33
PA4390,761,340
PA1112a,266,119
PA0650,1820,815
PA0432,3566,1597
PA5127,308,138
PA3352,7135,3199
PA2864,272,122
PA5437,1342,602
PA3876,10925,4906
PA0520,1244,559
PA2115,60,27
PA1855,20,9
PA4457,5014,2257
PA3537,1135,511
PA0155,655,295
PA0050,91,41
PA5482,71,32
PA3012,284,128
PA2921,306,138
PA5176,800,361
PA5248,879,397
PA2013,1254,567
PA0311,42,19
PA4864,210,95
PA2976,15181,6869
PA2852,404,183
PA3823,900,408
PA3770,4683,2123
PA3611,593,269
PA0563,379,172
PA0938,1436,652
PA3904,33,15
PA0541,715,325
PA3379,22,10
PA2064,33,15
PA0719,11,5
PA2000,1229,559
PA1812,1510,687
PA0180,1692,771
PA4997,3015,1375
PA5309,353,161
PA1016,171,78
PA5404,46,21
PA5138,541,247
PA5100,1605,733
PA2751,462,211
PA0903,2085,953
PA5525,767,351
PA1857,201,92
PA4449,1159,531
PA1294,323,148
PA1913,467,214
PA0546,2227,1021
PA4817,109,50
PA3746,1454,667
PA1374,61,28
PA1776,1419,652
PA2876,248,114
PA3930,1105,508
PA5538,287,132
PA0020,2226,1025
PA4076,165,76
PA5424,356,164
PA4993,625,288
PA2056,128,59
PA5063,1898,876
PA2935,26,12
PA3161,548,253
PA1548,595,275
PA4985,67,31
PA2923,41,19
PA5139,246,114
PA3221,261,121
PA4233,1293,600
PA4633,9352,4341
PA4665,838,389
PA0692,84,39
PA2429,28,13
PA4132,695,323
PA4451,738,343
PA1544,6234,2900
PA1396,404,188
PA5471,505,235
PA0702,131,61
PA3516,206,96
PA4326,843,394
PA0551,1354,633
PA0951,840,393
PA1053,4260,1994
PA0443,235,110
PA3580,329,154
PA4171,79,37
PA2558,222,104
PA2503,239,112
PA4739,4074,1910
PA1542,209,98
PA2285,113,53
PA1971,260,122
PA4956,895,420
PA1012,766,360
PA1538,200,94
PA4304,185,87
PA1768,997,469
PA3544,68,32
PA4636,1106,521
PA3082,664,313
PA4355,265,125
PA5530,462,218
PA1384,161,76
PA4703,36,17
PA0082,1081,511
PA0011,1288,609
PA1141,129,61
PA4849,93,44
PA5080,879,416
PA5374,11214,5308
PA4314,2049,970
PA4192,38,18
PA3733a,458,217
PA5499,3480,1649
PA3235,392,186
PA0372,2860,1358
PA5523,855,406
PA1805,1779,845
PA2557,1344,639
PA3648,6081,2892
PA5462,376,179
PA2129,21,10
PA4889,2358,1123
PA4041,296,141
PA3265,107,51
PA3473,237,113
PA2365,153,73
PA3274,44,21
PA1666,44,21
PA2094,44,21
PA3742,3997,1909
PA4824,67,32
PA1007,358,171
PA0008,2284,1091
PA3814,2800,1338
PA1440,3394,1623
PA0885,46,22
PA0883,46,22
PA0963,4876,2332
PA0762,5324,2547
PA3042,445,213
PA2900,718,344
PA1392,152,73
PA1477,482,232
PA1154,81,39
PA3959,164,79
PA4602,2510,1210
PA4666,705,340
PA0319,566,273
PA0145,170,82
PA1381,29,14
PA4107,29,14
PA3635,3405,1644
PA0929,263,127
PA5193,557,269
PA0987,207,100
PA5568,3694,1786
PA0705,916,443
PA1840,248,120
PA2230,62,30
PA0844,225,109
PA2839,132,64
PA0350,200,97
PA4267,3065,1487
PA2774,169,82
PA5531,2579,1252
PA3372,241,117
PA2158,35,17
PA2777,284,138
PA4938,4187,2035
PA2471,37,18
PA0920,1236,602
PA3578,388,189
PA4640,4473,2181
PA2896,806,393
PA3887,414,202
PA4032,715,349
PA3244,2536,1238
PA5228,1456,711
PA1111,90,44
PA1271,861,421
PA4581,758,371
PA4042,237,116
PA1678,488,239
PA2948,396,194
PA4265,2503,1227
PA1299,212,104
PA5423,497,244
PA3946,389,191
PA1797,327,161
PA0128,136,67
PA1471,140,69
PA4700,2416,1191
PA3441,75,37
PA0923,674,334
PA4495,4291,2127
PA4630,367,182
PA5406,123,61
PA4696,3541,1757
PA3975,938,466
PA0252,165,82
PA2986,664,330
PA3976,700,348
PA4013,354,176
PA0390,1247,620
PA5192,3018,1501
PA4246,6772,3379
PA0354,1428,713
PA0767,3585,1790
PA3744,2397,1197
PA2685,1768,883
PA1938,12,6
PA4159,60,30
PA1404,36,18
PA0720,8,4
PA2303,28,14
PA2087,12,6
PA3131,174,87
PA2215,52,26
PA1641,78,39
PA3030,222,111
PA2440,76,38
PA4713,226,113
PA2882,52,26
PA2672,20,10
PA3773,56,28
PA2513,10,5
PA0679,42,21
PA1771,80,40
PA2686,487,244
PA0913,2584,1296
PA1590,853,428
PA5201,1503,755
PA1627,201,101
PA0968,551,277
PA4785,367,185
PA1451,577,291
PA0489,230,116
PA3883,228,115
PA4676,325,164
PA0448,737,372
PA4544,1323,668
PA5030,455,230
PA3032,271,137
PA1569,89,45
PA2493,87,44
PA3525,5105,2584
PA5263,3372,1707
PA0560,233,118
PA4461,2811,1424
PA4437,150,76
PA1422,211,107
PA1676,67,34
PA3468,847,430
PA0244,65,33
PA4043,856,435
PA0141,5228,2657
PA4541,1505,765
PA4730,779,396
PA1132,956,486
PA3638,261,133
PA1162,463,236
PA3963a,98,50
PA2437,49,25
PA4754,486,248
PA4537,96,49
PA4442,1740,889
PA0420,1072,548
PA5108,352,180
PA0803,88,45
PA0944,1306,668
PA3405,43,22
PA3480,844,432
PA1098,992,508
PA5470,162,83
PA3950,854,438
PA4404,497,255
PA1199,879,451
PA4994,228,117
PA1931,74,38
PA1314,37,19
PA4744,6018,3091
PA2945,831,427
PA2985,679,349
PA5353,107,55
PA2795,284,146
PA0591,389,200
PA5372,2571,1322
PA2881,35,18
PA5046,3547,1825
PA0429,2777,1431
PA4710,634,327
PA2499,95,49
PA1658,537,277
PA3139,2144,1106
PA5075,420,217
PA5387,29,15
PA2978,116,60
PA3112,1496,774
PA2191,85,44
PA1547,421,218
PA1144,56,29
PA5561,641,332
PA3861,2276,1179
PA0462,637,330
PA5118,1158,600
PA3665,301,156
PA2438,81,42
PA4268,3009,1561
PA1472,185,96
PA0830,765,397
PA2118,52,27
PA1954,77,40
PA1322,510,265
PA1474,2431,1265
PA2436,165,86
PA2817,188,98
PA3050,704,367
PA2758,305,159
PA4983,368,192
PA5558,2339,1221
PA4769,867,453
PA2902,266,139
PA5146,2504,1309
PA3322,302,158
PA3822,732,383
PA0316,4767,2496
PA4085,21,11
PA3599,540,283
PA3308,1733,909
PA3935,261,137
PA5478,516,271
PA4046,434,228
PA1221,59,31
PA3019,963,506
PA2419,78,41
PA4259,2236,1176
PA2038,133,70
PA2836,38,20
PA1220,38,20
PA1748,494,260
PA5062,209,110
PA4548,433,228
PA1775,1174,619
PA2793,400,211
PA1179,614,324
PA3237,72,38
PA3371,36,19
PA4890,574,303
PA1848,89,47
PA3452,835,441
PA1889,549,290
PA0140,1079,570
PA3826,282,149
PA1040,350,185
PA5217,2430,1285
PA1727,1032,546
PA3940,3478,1841
PA0098,17,9
PA5446,2413,1278
PA2812,404,214
PA5497,4015,2127
PA0459,6919,3666
PA0190,117,62
PA1137,200,106
PA2063,83,44
PA4325,547,290
PA4898,66,35
PA2910,49,26
PA2393,49,26
PA0146,194,103
PA4260,5877,3121
PA4925,322,171
PA4266,10281,5464
PA3889,540,287
PA4924,651,346
PA3186,237,126
PA2635,297,158
PA4318,594,316
PA2943,421,224
PA3928,15,8
PA1867,15,8
PA0309,1005,536
PA3672,414,221
PA1428,103,55
PA3245,382,204
PA5472,367,196
PA3600,88,47
PA4860,58,31
PA1010,2430,1299
PA2246,144,77
PA0706,314,168
PA4594,114,61
PA2502,437,234
PA5175,534,286
PA1770,6309,3379
PA4873,252,135
PA0680,28,15
PA3361,41,22
PA0057,82,44
PA3382,41,22
PA3390,95,51
PA3736,1488,799
PA1442,311,167
PA4033,54,29
PA2973,2472,1328
PA0435,67,36
PA5212,2516,1352
PA2906,467,251
PA0154,197,106
PA5333,262,141
PA0561,483,260
PA2886,130,70
PA5299,1287,693
PA3647,1151,620
PA2956,206,111
PA0359,1516,817
PA0781,217,117
PA0947,638,344
PA0736,432,233
PA1679,1040,561
PA3677,361,195
PA4953,2645,1429
PA2979,707,382
PA0572,283,153
PA0733,196,106
PA0797,841,455
PA0926,292,158
PA2403,192,104
PA1416,432,234
PA3223,59,32
PA5196,328,178
PA3273,35,19
PA2348,35,19
PA2946,1131,614
PA4047,932,506
PA0948,206,112
PA4524,603,328
PA4311,838,456
PA3046,566,308
PA5033,259,141
PA4309,3410,1857
PA2533,369,201
PA4473,1642,895
PA4610,4364,2379
PA3303a,22,12
PA4193,88,48
PA1704,33,18
PA4698,75,41
PA1712,139,76
PA0827,278,152
PA0653,446,244
PA3085,212,116
PA3724,179,98
PA2654,2996,1641
PA3686,2860,1567
PA4952,2392,1311
PA1047,753,413
PA4673,884,485
PA0114,2394,1314
PA4156,275,151
PA1106,1021,561
PA5150,828,455
PA3381,20,11
PA3296,80,44
PA3266,9057,4982
PA1133,149,82
PA1552.1,89,49
PA3267,1284,707
PA2741,6341,3493
PA3456,644,355
PA0884,136,75
PA1315,194,107
PA4852,910,502
PA5504,571,315
PA2800,1620,894
PA5161,1842,1017
PA3725,594,328
PA0866,637,352
PA4669,1648,911
PA3842,161,89
PA0676,47,26
PA3963,374,207
PA3583,981,543
PA2680,56,31
PA5180,231,128
PA2655,155,86
PA0226,254,141
PA1504,518,288
PA3700,2124,1181
PA2792,106,59
PA2742,3826,2130
PA0127,273,152
PA5336,783,436
PA4714,2655,1480
PA0768,950,530
PA3108,2328,1299
PA1397,344,192
PA1756,421,235
PA1631,206,115
PA3914,3079,1719
PA5117,1550,866
PA2653,544,304
PA0408,7110,3975
PA0535,152,85
PA0656,329,184
PA4240,4491,2512
PA4693,1548,866
PA0293,840,470
PA2416,159,89
PA0811,836,468
PA4974,1813,1015
PA5352,25,14
PA3320,25,14
PA4394,836,469
PA4729,814,457
PA3475,130,73
PA0306,593,333
PA1801,4370,2457
PA2084,48,27
PA1149,16,9
PA1796,999,562
PA4627,565,318
PA5225,1310,738
PA5427,14253,8031
PA4647,573,323
PA3692,10174,5736
PA4460,2898,1634
PA0412,821,463
PA3217,851,480
PA0814,78,44
PA4030,429,242
PA3497,156,88
PA2581,631,356
PA4595,4700,2652
PA0949,831,469
PA1480,1426,805
PA0012,124,70
PA3962,1298,733
PA1479,639,361
PA3717,92,52
PA3507,46,26
PA0957,276,156
PA1866a,23,13
PA2449,405,229
PA1305,1015,574
PA3535,159,90
PA0986,83,47
PA5368,810,459
PA4885,90,51
PA2975,1251,709
PA4682,307,174
PA3716,1852,1050
PA4800,224,127
PA0813,328,186
PA3409,37,21
PA3250,257,146
PA0783,1001,569
PA0428,5098,2898
PA1659,51,29
PA0243,204,116
PA3093,1204,685
PA1165,188,107
PA2828,815,464
PA1227,137,78
PA2584,402,229
PA4377,100,57
PA3540,142,81
PA1494,715,408
PA2382,368,210
PA4677,198,113
PA5395,49,28
PA2517,7,4
PA1529,875,500
PA1665,70,40
PA4079,189,108
PA3282,42,24
PA0674,49,28
PA2131,14,8
PA4239,3198,1829
PA2949,271,155
PA4631,973,557
PA1639,269,154
PA4276,1137,651
PA3675,372,213
PA0365,89,51
PA4606,7212,4133
PA5373,11041,6328
PA4519,799,458
PA5528,6846,3929
PA3344,1879,1079
PA3515,404,232
PA1854,174,100
PA4206,87,50
PA4254,1456,837
PA1865,586,337
PA0136,73,42
PA0431,417,240
PA3917,377,217
PA4987,304,175
PA3630,297,171
PA0124,33,19
PA2776,554,319
PA2488,92,53
PA4236,21688,12512
PA3176,123,71
PA5194,582,336
PA1113,303,175
PA2510,232,134
PA5252,1888,1091
PA1999,1519,878
PA1975,64,37
PA2938,192,111
PA3553,178,103
PA5385,19,11
PA1909,38,22
PA4243,7390,4279
PA4692,309,179
PA4305,138,80
PA5533,426,247
PA2065,81,47
PA5320,2828,1642
PA2596,105,61
PA3831,2096,1219
PA0855,239,139
PA0708,361,210
PA0378,287,167
PA3300,677,394
PA1821,866,504
PA4397,189,110
PA3338,170,99
PA0537,1188,692
PA0341,671,391
PA0804,302,176
PA5202,175,102
PA3280,199,116
PA4053,1873,1092
PA4294,132,77
PA4656,490,286
PA0974,1434,837
PA0186,154,90
PA0976,1814,1061
PA0382,335,196
PA4865,270,158
PA0687,41,24
PA0339,403,236
PA4587,14494,8488
PA4691,186,109
PA4540,145,85
PA1468,133,78
PA4126,104,61
PA3679,358,210
PA1605,271,159
PA4135,121,71
PA5297,547,321
PA5250,596,350
PA2563,211,124
PA5407,114,67
PA4989,490,288
PA3777,556,327
PA0221,153,90
PA1956,17,10
PA0953,141,83
PA0657,1039,612
PA4932,1263,744
PA3894,397,234
PA2389,190,112
PA2797,1457,859
PA2833,39,23
PA2697,78,46
PA4372,568,335
PA2987,1007,594
PA1879,100,59
PA1142,161,95
PA5312,2635,1555
PA1178,7870,4645
PA3349,7927,4679
PA4942,5112,3018
PA1193,354,209
PA3850,814,481
PA3383,22,13
PA2907,282,167
PA0373,2313,1371
PA2766,140,83
PA0955,973,577
PA0322,435,258
PA4933,849,504
PA4207,325,193
PA3588,293,174
PA1708,436,259
PA4153,202,120
PA0150,138,82
PA2813,207,123
PA0882,74,44
PA1126,190,113
PA4031,2375,1413
PA5293,200,119
PA4303,131,78
PA0411,9800,5836
PA3038,1295,772
PA0499,52,31
PA3658,2145,1280
PA3607,62,37
PA4786,496,296
PA4316,1694,1011
PA0856,2205,1316
PA2044,737,440
PA3586,139,83
PA5151,489,292
PA5243,5051,3017
PA3474,122,73
PA0658,723,433
PA4996,2815,1686
PA3345,554,332
PA4851,991,594
PA3631,974,584
PA0256,617,370
PA4241,1867,1120
PA0993,55,33
PA2752,45,27
PA2387,130,78
PA1036,175,105
PA1230,5,3
PA5469,210,126
PA2681,85,51
PA1710,140,84
PA2599,175,105
PA2090,5,3
PA4492,3435,2061
PA3905,15,9
PA4753,751,451
PA5078,5978,3593
PA1166,236,142
PA1240,118,71
PA4727,3556,2140
PA1846,1013,610
PA3355,994,599
PA3305,453,273
PA3027,413,249
PA3968,136,82
PA4742,2041,1231
PA0352,509,307
PA0737,305,184
PA5440,968,584
PA3626,966,583
PA4918,734,443
PA4157,381,230
PA0933,1224,739
PA5344,2210,1335
PA4790,192,116
PA2420,91,55
PA1552,1085,656
PA4499,1950,1179
PA4014,172,104
PA1652,215,130
PA3026,210,127
PA3180,319,193
PA4802,157,95
PA1962,38,23
PA2283,147,89
PA0995,672,407
PA1160,317,192
PA2811,312,189
PA0978,33,20
PA4205,198,120
PA1894,33,20
PA0165,292,177
PA2505,94,57
PA1430,2762,1675
PA0966,1042,632
PA1215,61,37
PA5324,575,349
PA2954,168,102
PA4423,2985,1813
PA2012,1878,1141
PA3740,1064,647
PA1570,189,115
PA2385,46,28
PA1719,23,14
PA3048,501,305
PA0389,501,305
PA0379,243,148
PA2340,87,53
PA1898,87,53
PA2892,64,39
PA4453,1915,1167
PA1682,228,139
PA3604,538,328
PA1216,41,25
PA2767,41,25
PA5291,4006,2443
PA3521,77,47
PA4439,2175,1328
PA3262,6360,3885
PA5233,468,286
PA4589,224,137
PA5370,371,227
PA2952,5318,3254
PA4272,4254,2603
PA5562,686,420
PA1391,80,49
PA4687,4801,2941
PA3621,749,459
PA4440,832,510
PA3624,1114,683
PA4863,233,143
PA2159,57,35
PA4632,1164,715
PA5076,1172,720
PA5567,428,263
PA5286,205,126
PA3882,475,292
PA1476,244,150
PA0422,1747,1074
PA3313,496,305
PA4428,278,171
PA1859,143,88
PA4188,39,24
PA3582,3651,2247
PA5322,6676,4110
PA5159,216,133
PA4667,4726,2910
PA2850,177,109
PA4062,211,130
PA0832,469,289
PA3117,2760,1701
PA5337,1364,841
PA5073,587,362
PA1158,214,132
PA1025,107,66
PA2548,94,58
PA0573,141,87
PA3881,734,453
PA0669,1398,863
PA2564,170,105
PA4007,1994,1232
PA0374,1838,1136
PA2552,1768,1093
PA0548,3167,1958
PA0992,152,94
PA0265,1528,945
PA1389,223,138
PA0115,265,164
PA2562,1299,804
PA2415,21,13
PA2425,21,13
PA1198,3928,2432
PA3527,2068,1281
PA5064,1096,679
PA4034,92,57
PA5071,184,114
PA4588,673,417
PA1244,71,44
PA4992,692,429
PA4887,258,160
PA4999,2093,1298
PA5438,5379,3336
PA1663,137,85
PA3491,469,291
PA1323,527,327
PA5557,2623,1628
PA4095,29,18
PA0959,348,216
PA0664,377,234
PA4280,430,267
PA0837,2076,1290
PA1045,1229,764
PA4198,1007,626
PA4119,238,148
PA4642,357,222
PA3678,439,273
PA3094,439,273
PA0287,201,125
PA4498,5556,3457
PA0192,196,122
PA5167,996,620
PA4799,106,66
PA1301,69,43
PA1825,69,43
PA2849,539,336
PA1155,4359,2718
PA3297,1674,1044
PA4923,396,247
PA3058,202,126
PA4718,614,383
PA3925,630,393
PA0125,117,73
PA4405,407,254
PA4055,1168,729
PA1434,173,108
PA4204,1127,704
PA2015,5703,3563
PA3558,24,15
PA3332,8,5
PA0144,88,55
PA4859,120,75
PA1630,275,172
PA1709,267,167
PA0179,996,623
PA2660,382,239
PA4070,171,107
PA5428,1756,1100
PA4839,905,567
PA1118,1157,725
PA4773,225,141
PA3587,866,543
PA3689,346,217
PA0817,188,118
PA4780,325,204
PA3680,223,140
PA4445,489,307
PA3794,86,54
PA1717,78,49
PA4779,191,120
PA1161,148,93
PA0193,70,44
PA4277,9369,5891
PA4719,687,432
PA1579,846,532
PA2585,973,612
PA0421,1030,648
PA4364,89,56
PA3369,456,287
PA1575,359,226
PA4306,54,34
PA3820,1180,743
PA2981,427,269
PA1893,100,63
PA4998,1292,814
PA0310,1479,932
PA0967,1463,922
PA5283,633,399
PA0255,1442,909
PA2081,241,152
PA3799,1151,726
PA0890,325,205
PA3177,780,492
PA2556,279,176
PA3326,607,383
PA1926,529,334
PA4643,296,187
PA5182,739,467
PA4147,644,407
PA0175,337,213
PA3622,5012,3170
PA3557,30,19
PA0164,314,199
PA2687,508,322
PA4991,732,464
PA3206,684,434
PA1798,449,285
PA4381,422,268
PA1009,1302,827
PA5464,1790,1137
PA0759,784,498
PA4271,2440,1551
PA4866,280,178
PA3538,1339,852
PA5486,330,210
PA0052,22,14
PA4169,77,49
PA3987,8962,5713
PA2964,298,190
PA2326,69,44
PA1364,127,81
PA1731,163,104
PA5535,1012,646
PA5103,634,405
PA4069,1604,1025
PA4963,895,572
PA0117,158,101
PA3765,122,78
PA1200,269,172
PA1034,505,323
PA4191,50,32
PA1249,317,203
PA3747,1385,887
PA3776,89,57
PA1565,167,107
PA1746,3161,2026
PA0796,1032,662
PA2330,53,34
PA3432,106,68
PA3524,3793,2434
PA0799,896,575
PA1642,1031,662
PA2806,190,122
PA4947,4419,2839
PA0313,610,392
PA1844,14,9
PA1745,196,126
PA0189,196,126
PA2395,28,18
PA0569,143,92
PA3849,1229,791
PA3470,160,103
PA3222,160,103
PA4203,160,103
PA5477,486,313
PA4256,2408,1551
PA5310,621,400
PA0376,12793,8243
PA4380,374,241
PA1413,90,58
PA2268,45,29
PA5493,3214,2072
PA3885,76,49
PA3956,124,80
PA2125,155,100
PA0749,251,162
PA5550,251,162
PA3312,110,71
PA2331,79,51
PA3171,1473,951
PA1507,240,155
PA4376,684,442
PA4338,687,444
PA4743,461,298
PA2534,99,64
PA3926,99,64
PA3942,1044,675
PA5107,487,315
PA0419,221,143
PA1180,451,292
PA0875,304,197
PA0281,216,140
PA3341,1478,958
PA1777,114294,74117
PA2893,404,262
PA1502,276,179
PA2537,222,144
PA4672,353,229
PA0357,849,551
PA2439,114,74
PA3354,1719,1116
PA2960,904,587
PA2477,154,100
PA1478,154,100
PA1564,154,100
PA3663,360,234
PA4884,80,52
PA3130,100,65
PA5023,466,303
PA5326,103,67
PA4067,74749,48636
PA2428,63,41
PA4561,1344,875
PA4750,539,351
PA0056,195,127
PA4806,152,99
PA3834,3818,2487
PA0163,287,187
PA1960,89,58
PA2695,181,118
PA2947,250,163
PA3242,756,493
PA2747a,92,60
PA0212,46,30
PA4822,414,270
PA0157,285,186
PA4109,380,248
PA4949,648,423
PA4815,147,96
PA3657,4081,2666
PA3652,557,364
PA3040,2341,1530
PA4957,1467,959
PA3858,569,372
PA4784,107,70
PA3189,321,210
PA3179,535,350
PA3699,431,282
PA0005,857,561
PA2712,229,150
PA1822,1621,1062
PA1157,203,133
PA0675,29,19
PA1255,58,38
PA1484,264,173
PA3825,505,331
PA1246,119,78
PA3384,61,40
PA0994,1030,676
PA4454,422,277
PA4573,67,44
PA5184,388,255
PA1861,365,240
PA4365,146,96
PA1835,73,48
PA3043,885,582
PA1219,38,25
PA0237,76,50
PA4776,152,100
PA1916,190,125
PA3853,316,208
PA2865,1013,667
PA3238,814,536
PA3769,3093,2038
PA3481,774,510
PA1799,217,143
PA1466,217,143
PA4723,2607,1718
PA4609,871,574
PA2823,396,261
PA1726,458,302
PA4528,737,486
PA0213,47,31
PA1591,144,95
PA1794,3020,1993
PA1688,250,165
PA4838,203,134
PA2281,153,101
PA1316,221,146
PA0176,2122,1402
PA3733,1047,692
PA1836,59,39
PA4339,266,176
PA1687,201,133
PA5174,2894,1915
PA0831,1094,724
PA4066,278,184
PA5145,355,235
PA2467,157,104
PA1064,661,438
PA5371,1750,1160
PA4836,89,59
PA2457,98,65
PA1574,601,399
PA1730,259,172
PA0924,539,358
PA3169,563,374
PA4080,149,99
PA3955,316,210
PA2761,188,125
PA4279,215,143
PA3812,448,298
PA2982,260,173
PA3898,550,366
PA3948,1107,737
PA1035,860,573
PA0036,1031,687
PA0683,15,10
PA2845,21,14
PA3884,48,32
PA1298,54,36
PA1697,45,30
PA2926,60,40
PA1266,72,48
PA3062,6,4
PA1168,9,6
PA0790,93,62
PA3664,492,328
PA1067,63,42
PA4522,447,298
PA3167,1786,1191
PA5131,2063,1377
PA5467,286,191
PA4701,1672,1117
PA0239,223,149
PA1610,1763,1178
PA2571,290,194
PA4398,638,427
PA4596,245,164
PA2380,239,160
PA2955,118,79
PA0172,669,448
PA0285,1382,926
PA3841,689,462
PA3091,632,424
PA0564,234,157
PA4122,73,49
PA2604,7272,4887
PA2637,770,518
PA2565,55,37
PA3574,480,323
PA2688,318,214
PA4854,847,570
PA4751,13551,9121
PA0342,1074,723
PA1332,199,134
PA3463,49,33
PA3609,49,33
PA5489,3105,2093
PA4569,1820,1227
PA1134,43,29
PA4073,166,112
PA1499,40,27
PA2430,120,81
PA1458,5039,3402
PA2747,351,237
PA0932,2288,1545
PA4333,2603,1758
PA0538,228,154
PA3903,860,581
PA5058,441,298
PA0377,660,446
PA5332,5626,3802
PA5156,438,296
PA1493,3156,2133
PA3643,290,196
PA0931,361,244
PA4120,136,92
PA1890,238,161
PA1153,34,23
PA1576,405,274
PA2603,331,224
PA3951,396,268
PA4296,783,530
PA1616,257,174
PA1452,2490,1687
PA0314,639,433
PA4652,121,82
PA3111,1093,741
PA1614,1019,691
PA1551,7869,5337
PA1008,641,435
PA1681,2027,1376
PA1723,109,74
PA2590,109,74
PA4257,5313,3610
PA1707,78,53
PA4038,78,53
PA4584,840,571
PA4312,478,325
PA0661,875,595
PA3014,3431,2334
PA3210,557,379
PA1380,94,64
PA2636,47,32
PA1011,1897,1292
PA5136,1336,910
PA4922,109295,74449
PA1583,10243,6978
PA3656,7050,4803
PA4850,1002,683
PA1361,305,208
PA5122,805,549
PA2692,173,118
PA0846,516,352
PA5200,3109,2121
PA2959,620,423
PA0574,1285,877
PA2698,227,155
PA0937,874,597
PA4775,142,97
PA5496,991,677
PA0450,436,298
PA3015,310,212
PA0026,630,431
PA0678,19,13
PA2392,95,65
PA1881,95,65
PA3224,511,350
PA2004,127,87
PA1031,607,416
PA4980,35,24
PA0592,548,376
PA4534,325,223
PA5361,625,429
PA4422,456,313
PA2961,622,427
PA0407,3532,2426
PA0286,7205,4950
PA4959,3716,2553
PA3299,2475,1701
PA5405,32,22
PA1965,48,33
PA3333,32,22
PA4805,186,128
PA2598,77,53
PA1603,276,190
PA5143,1698,1169
PA0727,122,84
PA3512,61,42
PA0780,257,177
PA0229,453,312
PA1550,1456,1003
PA1657,180,124
PA4098,45,31
PA4065,463,319
PA3779,447,308
PA5505,1824,1257
PA5259,1081,745
PA2802,483,333
PA5422,1008,695
PA1561,17451,12033
PA0878,42,29
PA1459,2168,1497
PA2278,123,85
PA5290,680,470
PA0093,567,392
PA3967,188,130
PA4881,120,83
PA3277,607,420
PA4960,2492,1725
PA3057,13,9
PA1228,65,45
PA3610,65,45
PA2085,13,9
PA1773,283,196
PA0398,687,476
PA1463,1515,1050
PA1535,160,111
PA1782,49,34
PA1284,245,170
PA3667,585,406
PA2934,85,59
PA3966,448,311
PA0704,278,193
PA4532,337,234
PA2483,360,250
PA3178,72,50
PA3945,658,457
PA4550,681,473
PA3732,1500,1042
PA2748,308,214
PA4049,472,328
PA0245,59,41
PA0555,4333,3012
PA0177,374,260
PA3134,1910,1329
PA1766,869,605
PA1691,56,39
PA1387,669,466
PA3011,3248,2263
PA3649,818,570
PA3064,132,92
PA3072,132,92
PA3620,2811,1960
PA3710,793,553
PA3916,1216,848
PA3385,13857,9664
PA0973,6293,4389
PA5347,579,404
PA4725,1537,1073
PA0280,232,162
PA2466,305,213
PA3593,93,65
PA3653,751,525
PA0424,799,559
PA0338,656,459
PA3264,290,203
PA2508,10,7
PA2173a,10,7
PA3523,90,63
PA5258,2267,1588
PA3654,571,400
PA1621,294,206
PA1262,127,89
PA5101,127,89
PA3173,719,504
PA0554,194,136
PA3034,348,244
PA2866,375,263
PA4446,1260,884
PA4879,2058,1444
PA3848,540,379
PA0772,104,73
PA5244,1051,738
PA3286,1122,788
PA4011,747,525
PA4158,101,71
PA4400,519,365
PA2999,1697,1194
PA2375,71,50
PA0958,8203,5777
PA2628,423,298
PA0539,244,172
PA5171,46358,32694
PA3073,231,163
PA4350,544,384
PA1695,34,24
PA4593,85,60
PA0756,85,60
PA1263,415,293
PA3454,249,176
PA2701,58,41
PA4601,5916,4182
PA2494,256,181
PA3056,362,256
PA1850,181,128
PA3642,147,104
PA3029,445,315
PA4388,504,357
PA4566,2030,1438
PA1112,655,464
PA0434,223,158
PA3559,326,231
PA4951,1956,1387
PA3049,3825,2713
PA5104,234,166
PA4801,234,166
PA2454,217,154
PA5105,1209,858
PA3796,317,225
PA0306a,3129,2221
PA4462,3716,2638
PA1383,686,487
PA3528,1052,747
PA4586,69,49
PA4048,207,147
PA1251,69,49
PA0426,4194,2979
PA3374,114,81
PA0305,612,435
PA0060,346,246
PA3078,308,219
PA1310,90,64
PA4163,855,608
PA5152,1549,1102
PA4335,215,153
PA5251,496,353
PA3482,4034,2871
PA0102,2723,1938
PA2024,392,279
PA1324,2731,1944
PA1661,118,84
PA1182,236,168
PA4401,316,225
PA4570,66,47
PA0455,1426,1016
PA1750,1614,1150
PA4172,87,62
PA1013,2695,1921
PA3852,805,574
PA2974,1092,779
PA1283,164,117
PA4628,499,356
PA0308,670,478
PA4359,241,172
PA0156,325,232
PA0701a,63,45
PA0709,77,55
PA1907,63,45
PA1359,238,170
PA5278,743,531
PA1331,920,658
PA3533,9851,7047
PA0588,12987,9301
PA1313,74,53
PA3715,194,139
PA0478,113,81
PA3902,901,646
PA1388,99,71
PA4287,198,142
PA4458,1114,799
PA3365,237,170
PA5547,375,269
PA4825,1232,884
PA1638,85,61
PA0996,85,61
PA5321,613,440
PA2936,39,28
PA0505,3047,2189
PA0580,618,444
PA0246,302,217
PA1656,608,437
PA0405,2287,1645
PA3366,959,690
PA4089,25,18
PA1833a,175,126
PA0956,3132,2256
PA1944,640,461
PA3571,480,346
PA1670,86,62
PA0990,262,189
PA1003,524,378
PA1876,140,101
PA5238,754,544
PA1037,255,184
PA0362,686,495
PA0185,115,83
PA3947,331,239
PA2857,349,252
PA2209,36,26
PA4148,83,60
PA3243,1274,921
PA3798,444,321
PA5241,4294,3105
PA5501,1535,1110
PA5260,3624,2621
PA0544,477,345
PA5224,6315,4568
PA4928,1074,777
PA3010,713,516
PA3924,561,406
PA4194,424,307
PA1353,29,21
PA2770,145,105
PA1671,214,155
PA4707,196,142
PA4209,236,171
PA1633,80,58
PA0349,251,182
PA2625,171,124
PA4016,666,483
PA3201,1933,1402
PA3408,233,169
PA5272,2552,1852
PA3673,1481,1075
PA2391,73,53
PA2842,219,159
PA0033,150,109
PA4728,805,585
PA4484,3264,2372
PA4258,1128,820
PA1532,1789,1301
PA4093,33,24
PA5384,11,8
PA1425,132,96
PA1751,88,64
PA2970,1560,1135
PA0892,301,219
PA2820,944,687
PA2870,463,337
PA2755a,463,337
PA1097,2626,1912
PA4900,92,67
PA0558,508,370
PA0969,2595,1891
PA0392,1165,849
PA4237,4686,3415
PA1399,236,172
PA0964,3386,2468
PA1912,74,54
PA5059,222,162
PA3356,849,620
PA0225,330,241
PA4645,234,171
PA3199,576,421
PA5111,264,193
PA2739,1532,1120
PA4634,688,503
PA2280,67,49
PA0391,793,580
PA0681,41,30
PA3655,3329,2436
PA2307,56,41
PA4832,56,41
PA3255,437,320
PA3890,385,282
PA2520,202,148
PA1716,277,203
PA5025,1687,1237
PA0840,926,679
PA5444,255,187
PA4051,499,366
PA5363,1152,845
PA0430,443,325
PA4690a,1461,1072
PA0533,407,299
PA2614,1922,1412
PA1099,1150,845
PA3323,83,61
PA5277,3243,2384
PA3978,2508,1846
PA2989,273,201
PA1317,129,95
PA4804,1359,1002
PA0788a,179,132
PA4052,1215,896
PA4988,534,394
PA3819,7790,5748
PA3059,168,124
PA1649,126,93
PA1872,191,141
PA4174,283,209
PA3269,677,500
PA2301,153,113
PA3251,88,65
PA2607,333,246
PA4374,1123,830
PA2032,326,241
PA4539,530,392
PA3404,242,179
PA0834,984,728
PA0960,50,37
PA1432,527,390
PA0662,708,524
PA0887,8200,6072
PA3837,374,277
PA0718,27,20
PA3004,571,423
PA1428a,363,269
PA0587,4434,3287
PA1925,31,23
PA2719,93,69
PA4202,527,391
PA1578,62,46
PA5360,889,660
PA2335,66,49
PA4133,396,294
PA1788,264,196
PA5362,2332,1732
PA1549,5323,3954
PA5492,2466,1832
PA4286,463,344
PA4635a,214,159
PA2040,829,616
PA3477,397,295
PA3118,868,645
PA2830,3612,2685
PA5269,456,339
PA5141,589,438
PA5188,254,189
PA5036,2632,1959
PA1683,184,137
PA2661,231,172
PA0543,318,237
PA3490,161,120
PA5015,17077,12730
PA0162,558,416
PA3811,621,463
PA0765,712,531
PA4044,4115,3069
PA4941,4897,3653
PA2450,496,370
PA0272,374,279
PA4749,2335,1742
PA1486,71,53
PA4848,2997,2238
PA3039,464,347
PA0395,2270,1698
PA4795,127,95
PA3045,127,95
PA2674,135,101
PA4140,139,104
PA1107,298,223
PA3713,302,226
PA2714,159,119
PA0331,1493,1118
PA1070,570,427
PA1754,2003,1501
PA2053,48,36
PA4895,92,69
PA2203,16,12
PA2942,356,267
PA4680,36,27
PA4592,176,132
PA3317,176,132
PA2031,12,9
PA2783,88,66
PA3133,16,12
PA0694,4,3
PA2418,40,30
PA1269,212,159
PA1837a,44,33
PA1578a,20,15
PA0043,560,420
PA2470,76,57
PA2132,12,9
PA3000,1205,904
PA4370,3448,2589
PA4435,285,214
PA5246,346,260
PA0581,1014,762
PA4057,467,351
PA2559,443,333
PA1498,125,94
PA1998,355,267
PA1333,779,586
PA3666,2002,1506
PA2841,222,167
PA3625,1672,1258
PA2337,93,70
PA0777,341,257
PA4927,402,303
PA4590,130,98
PA1135,325,245
PA4902,179,135
PA3531,5122,3864
PA1747,159,120
PA3918,3377,2549
PA1769,1974,1490
PA4118,502,379
PA0758,596,450
PA4023,645,487
PA1978,196,148
PA0195.1,49,37
PA5098,192,145
PA1728,413,312
PA3899,401,303
PA3650,741,560
PA4572,1205,911
PA5475,27001,20415
PA2932,41,31
PA5051,4943,3738
PA2076,37,28
PA2941,74,56
PA4444,762,577
PA0559,606,459
PA0375,1637,1240
PA1347,33,25
PA2951,8899,6749
PA3283,58,44
PA3757,87,66
PA4905,87,66
PA1408,763,579
PA5313,1821,1382
PA2624,17898,13594
PA3992,1529,1162
PA1401,75,57
PA0881,25,19
PA2353,192,146
PA1625,288,219
PA5545,1320,1004
PA3606,301,229
PA5284,92,70
PA5262,1624,1237
PA2156,21,16
PA0436,1731,1319
PA5443,2102,1602
PA2151,101,77
PA5227,2002,1527
PA2610,388,296
PA1531,367,280
PA3829,135,103
PA1464,2449,1870
PA0051,110,84
PA5106,1012,773
PA3241,377,288
PA1015,394,301
PA2022,123,94
PA2592,314,240
PA1414,5570,4258
PA4308,709,542
PA3425,85,65
PA2411,17,13
PA2465,34,26
PA3646,1416,1083
PA4327,485,371
PA1403,81,62
PA5183,324,248
PA3895,769,589
PA3200,423,324
PA2768,30,23
PA2835,60,46
PA1293,720,552
PA2414,103,79
PA4597,206,158
PA3984,631,484
PA1757,271,208
PA5014,3121,2396
PA3676,831,638
PA3764,1576,1210
PA2279,56,43
PA3681,82,63
PA3001,8989,6909
PA2231,2131,1638
PA4074,199,153
PA3897,212,163
PA4675,684,526
PA5394,334,257
PA4425,1599,1231
PA0129,500,385
PA4702,283,218
PA3002,3253,2506
PA5540,61,47
PA0386,305,235
PA2462,597,460
PA5327,358,276
PA0568,249,192
PA0801,332,256
PA3453,201,155
PA4151,175,135
PA2894,333,257
PA2769,57,44
PA2498,57,44
PA4858,193,149
PA5110,3539,2733
PA1345,123,95
PA1563,466,360
PA1991,475,367
PA1110,427,330
PA3440,546,422
PA5341,141,109
PA2028,106,82
PA1072,1322,1023
PA1643,681,527
PA1139,199,154
PA0672,261,202
PA0396,1711,1325
PA3438,439,340
PA0047,102,79
PA1744,40,31
PA4857,129,100
PA1296,841,652
PA2586,1906,1478
PA3603,98,76
PA5516,682,529
PA4955,919,713
PA2207,58,45
PA3682,201,156
PA5519,590,458
PA1004,1342,1042
PA0242,166,129
PA0773,525,408
PA2799,184,143
PA2743,7294,5670
PA3190,885,688
PA5190,450,350
PA0776,63,49
PA4144,36,28
PA0988,293,228
PA3256,487,379
PA3020,2010,1565
PA4598,416,324
PA0747,1752,1365
PA3781,227,177
PA3941,386,301
PA1000,50,39
PA0336,2455,1915
PA4006,710,554
PA0049,205,160
PA2211,41,32
PA1068,1044,815
PA2966,4308,3364
PA0384,105,82
PA0766,3284,2565
PA0506,10446,8160
PA2130,64,50
PA2001,1552,1213
PA4990,142,111
PA2126,1205,942
PA3909,165,129
PA1044,101,79
PA5265,1982,1551
PA2127,2534,1983
PA4252,856,670
PA3833,585,458
PA0589,235,184
PA0055,544,426
PA1020,60,47
PA5476,490,384
PA4812,6535,5122
PA1164,435,341
PA5133,2217,1738
PA3900,162,127
PA1831,570,447
PA1450,190,149
PA3028,394,309
PA4722,867,680
PA5037,4810,3773
PA3754,2417,1896
PA3119,116,91
PA1715,65,51
PA0251,79,62
PA2725,823,646
PA0397,540,424
PA2216,42,33
PA3789,434,341
PA0132,420,330
PA2110,14,11
PA4116,435,342
PA4035,398,313
PA0491,281,221
PA4139,75,59
PA5223,3029,2384
PA4731,188,148
PA4545,2544,2003
PA3188,127,100
PA5169,254,200
PA1467,146,115
PA0410,1371,1080
PA3753,735,579
PA3711,344,271
PA0361,1397,1101
PA2859,354,279
PA3319,203,160
PA0930,340,268
PA0001,5214,4111
PA3353,5860,4621
PA2423,71,56
PA3751,923,728
PA4668,1146,904
PA3070,1134,895
PA4219,38,30
PA2919,19,15
PA4424,868,686
PA1873,62,49
PA0235,105,83
PA2532,320,253
PA3170,1749,1383
PA4525,651,515
PA5330,1906,1508
PA2721,91,72
PA2589,48,38
PA0066,659,522
PA1365,236,187
PA0409,3786,3000
PA5266,270,214
PA0274,82,65
PA0452,203,161
PA2101,116,92
PA4961,3348,2656
PA2601,213,169
PA3697,805,639
PA2077,97,77
PA3360,136,108
PA1545,1542,1225
PA3196,195,155
PA1268,39,31
PA4297,605,481
PA1128,122,97
PA5358,1661,1321
PA2583,1956,1556
PA3923,1086,864
PA3758,250,199
PA4514,932,742
PA5197,427,340
PA5206,1802,1435
PA5255,3700,2947
PA5195,118,94
PA5065,2016,1606
PA5276,482,384
PA3590,123,98
PA5005,4877,3886
PA1816,458,365
PA1490,197,157
PA2861,202,161
PA0348,153,122
PA5518,849,677
PA3541,183,146
PA3816,1144,913
PA3640,3545,2830
PA3346,1101,879
PA1148,124,99
PA1856,377,301
PA2020,382,305
PA1787,10673,8522
PA0003,5360,4280
PA2927,134,107
PA0852,149,119
PA4841,666,532
PA5301,855,683
PA5039,1821,1455
PA4332,1205,963
PA3205,2909,2326
PA5204,794,635
PA0582,105,84
PA4862,40,32
PA1868,120,96
PA3428,15,12
PA2435,245,196
PA2137,20,16
PA0695,5,4
PA4551,546,437
PA4045,457,366
PA3977,1252,1003
PA0484,307,246
PA3738,705,565
PA0943,3123,2503
PA0746,655,525
PA3053,701,562
PA0329,1609,1290
PA1573,293,235
PA3083,3900,3128
PA1172,705,566
PA0545,2230,1791
PA1606,56,45
PA2897,4274,3435
PA4253,3141,2525
PA4075,153,123
PA5050,1164,936
PA1737,572,460
PA1312,332,267
PA4101,179,144
PA4562,532,428
PA5328,87,70
PA3644,1566,1260
PA4010,773,622
PA2651,564,454
PA2810,518,417
PA2781,113,91
PA3855,185,149
PA0279,72,58
PA3896,432,348
PA0870,3589,2892
PA4834,309,249
PA0038,577,465
PA2045,67,54
PA3698,531,428
PA1522,191,154
PA1623,1141,920
PA3602,2103,1696
PA2682,274,221
PA4170,243,196
PA2627,631,509
PA1272,300,242