key,Gal_NO_A,Gal_NO_B,Gal_A,Gal_B
SAUSA300_0001,3694,3722,3955,3790
SAUSA300_0002,3057,2885,3635,3466
SAUSA300_0003,4208,4251,5716,4969
SAUSA300_0004,2536,2479,3292,3075
SAUSA300_0005,3622,4027,5525,4827
SAUSA300_0006,2790,2598,5401,5484
SAUSA300_0007,805,1074,716,757
SAUSA300_0008,547,585,404,483
SAUSA300_0009,1743,1734,3284,3421
SAUSA300_0010,172,200,137,174
SAUSA300_0011,229,256,175,174
SAUSA300_0012,623,957,409,431
SAUSA300_0013,2672,2987,1667,1638
SAUSA300_0014,7461,7640,5021,4945
SAUSA300_0015,8407,8483,7076,6910
SAUSA300_0016,11260,10163,9815,8202
SAUSA300_0017,326,309,456,413
SAUSA300_0018,25887,28933,42006,55567
SAUSA300_0019,34601,24907,39429,114805
SAUSA300_0020,4506,4263,3356,3300
SAUSA300_0021,5370,5460,4210,4093
SAUSA300_0022,5579,5781,4701,4508
SAUSA300_0023,6847,7323,5670,5118
SAUSA300_0024,2455,2421,1116,968
SAUSA300_0025,374,401,933,874
SAUSA300_0026,1457,1762,1246,895
SAUSA300_0027,681,766,722,586
SAUSA300_0028,203,258,274,280
SAUSA300_0029,652,631,208,270
SAUSA300_0030,591,523,981,953
SAUSA300_0031,106,119,244,234
SAUSA300_0032,42044,45837,45800,45995
SAUSA300_0033,7183,6716,8913,8066
SAUSA300_0034,902,1106,1298,1087
SAUSA300_0035,29929,30539,41543,30976
SAUSA300_0036,28,34,26,22
SAUSA300_0037,519,481,345,266
SAUSA300_0038,245,257,275,221
SAUSA300_0039,93,69,97,88
SAUSA300_0040,40,35,117,52
SAUSA300_0041,307,284,167,176
SAUSA300_0042,1632,1545,1177,1114
SAUSA300_0043,53,34,37,43
SAUSA300_0044,67,98,83,89
SAUSA300_0045,14,27,8,9
SAUSA300_0046,2434,2424,2535,2250
SAUSA300_0047,285,331,152,153
SAUSA300_0048,272,180,75,63
SAUSA300_0049,325,323,169,132
SAUSA300_0050,311,433,222,235
SAUSA300_0051,51,58,50,73
SAUSA300_0052,19,35,8,14
SAUSA300_0053,493,511,498,725
SAUSA300_0054,10,12,0,0
SAUSA300_0055,242,214,112,139
SAUSA300_0056,24,1,21,6
SAUSA300_0057,25,13,16,10
SAUSA300_0058,17,0,0,14
SAUSA300_0059,7,8,13,6
SAUSA300_0060,40,54,64,86
SAUSA300_0061,880,979,960,942
SAUSA300_0062,578,604,514,586
SAUSA300_0063,107,113,84,122
SAUSA300_0064,146,163,194,177
SAUSA300_0065,416,471,591,519
SAUSA300_0066,35,36,37,29
SAUSA300_0067,2887,2550,5679,5521
SAUSA300_0068,251,339,264,476
SAUSA300_0069,308,324,424,323
SAUSA300_0070,400,361,363,386
SAUSA300_0071,234,225,359,340
SAUSA300_0072,911,920,3425,3366
SAUSA300_0073,1633,1871,7505,7377
SAUSA300_0074,1431,1727,7267,6908
SAUSA300_0075,1534,1369,6059,6091
SAUSA300_0076,1724,1691,6263,6865
SAUSA300_0077,1219,1041,4227,4224
SAUSA300_0078,1543,1441,2147,2152
SAUSA300_0079,1378,1490,2515,2326
SAUSA300_0080,498,351,200,191
SAUSA300_0081,524,456,266,268
SAUSA300_0082,421,481,315,342
SAUSA300_0083,164,196,129,111
SAUSA300_0084,52,83,122,134
SAUSA300_0085,47,38,48,57
SAUSA300_0086,90,114,112,93
SAUSA300_0087,481,470,427,387
SAUSA300_0088,874,1170,762,702
SAUSA300_0089,1202,1513,2167,1564
SAUSA300_0090,160,58,212,213
SAUSA300_0091,46,39,53,54
SAUSA300_0092,82,51,45,34
SAUSA300_0093,236,195,126,135
SAUSA300_0094,26,26,55,69
SAUSA300_0095,88,63,54,24
SAUSA300_0096,247,263,130,147
SAUSA300_0097,379,410,491,472
SAUSA300_0098,498,638,785,759
SAUSA300_0099,156,176,203,197
SAUSA300_0100,130,118,82,72
SAUSA300_0101,135,113,117,144
SAUSA300_0102,144,189,127,128
SAUSA300_0103,180,169,166,128
SAUSA300_0104,516,544,582,581
SAUSA300_0105,231,213,252,260
SAUSA300_0106,135,160,130,147
SAUSA300_0107,1058,1107,1207,917
SAUSA300_0108,203,216,881,624
SAUSA300_0109,18,8,12,31
SAUSA300_0110,40,58,58,61
SAUSA300_0111,211,303,347,374
SAUSA300_0112,3671,4369,1805,2345
SAUSA300_0113,83526,113093,58117,128690
SAUSA300_0114,4038,3930,6727,6828
SAUSA300_0115,6456,6534,6634,7676
SAUSA300_0116,4738,5267,6672,7963
SAUSA300_0117,30329,33148,41421,64662
SAUSA300_0118,5279,5761,2446,2619
SAUSA300_0119,11481,11602,7075,7918
SAUSA300_0120,11463,12131,7858,8419
SAUSA300_0121,13820,15104,9704,10598
SAUSA300_0122,10052,10620,6325,6830
SAUSA300_0123,12615,13544,7902,8652
SAUSA300_0124,15907,16219,10141,11090
SAUSA300_0125,15026,15210,9389,10207
SAUSA300_0126,21175,21289,12860,14000
SAUSA300_0127,103,112,55,47
SAUSA300_0128,242,247,259,269
SAUSA300_0129,8737,10646,5531,5216
SAUSA300_0130,30,9,57,59
SAUSA300_0131,21,29,36,31
SAUSA300_0132,38,63,59,49
SAUSA300_0133,43,30,46,46
SAUSA300_0134,99,111,158,169
SAUSA300_0135,2752,2462,3615,3689
SAUSA300_0136,1353,1477,3035,2842
SAUSA300_0137,594,608,529,468
SAUSA300_0138,134,115,223,218
SAUSA300_0139,123,104,240,254
SAUSA300_0140,3836,3609,5662,5993
SAUSA300_0141,3342,3757,6523,6220
SAUSA300_0142,37,24,71,44
SAUSA300_0143,13,26,24,23
SAUSA300_0144,8,21,42,15
SAUSA300_0145,48,46,45,45
SAUSA300_0146,36,36,45,26
SAUSA300_0147,247,241,218,217
SAUSA300_0148,2,0,4,2
SAUSA300_0149,9,6,23,23
SAUSA300_0150,584,433,448,384
SAUSA300_0151,119,125,173,126
SAUSA300_0152,25,29,12,13
SAUSA300_0153,35,30,31,73
SAUSA300_0154,9,4,18,6
SAUSA300_0155,16,26,22,13
SAUSA300_0156,13,27,23,18
SAUSA300_0157,23,20,20,31
SAUSA300_0158,22,13,34,28
SAUSA300_0159,21,49,20,11
SAUSA300_0160,45,27,51,48
SAUSA300_0161,22,27,41,31
SAUSA300_0162,25,34,25,29
SAUSA300_0163,83,127,89,88
SAUSA300_0164,71,65,84,87
SAUSA300_0165,93,88,88,90
SAUSA300_0166,104,112,109,104
SAUSA300_0167,226,224,245,299
SAUSA300_0168,8598,8666,6699,6538
SAUSA300_0169,3967,4231,2037,2326
SAUSA300_0170,18958,18235,25890,23910
SAUSA300_0171,256,272,461,438
SAUSA300_0172,279,153,992,696
SAUSA300_0173,86,85,94,66
SAUSA300_0174,19,48,20,25
SAUSA300_0175,11,28,28,36
SAUSA300_0176,30,20,45,40
SAUSA300_0177,74,61,91,90
SAUSA300_0178,10229,9641,624,584
SAUSA300_0179,1499,1481,52,39
SAUSA300_0180,446,527,298,330
SAUSA300_0181,1179,1173,990,947
SAUSA300_0182,1564,1420,1228,1302
SAUSA300_0183,1025,830,2174,1713
SAUSA300_0184,85,96,76,77
SAUSA300_0185,121,111,115,88
SAUSA300_0186,55,56,55,41
SAUSA300_0187,68,64,77,51
SAUSA300_0188,1841,1965,1984,1866
SAUSA300_0189,4438,4111,2746,2928
SAUSA300_0190,3728,4307,2895,2862
SAUSA300_0191,930,930,1852,1930
SAUSA300_0192,556,546,1511,1427
SAUSA300_0193,449,501,1186,1177
SAUSA300_0194,986,928,2718,2789
SAUSA300_0195,1069,1128,2654,2754
SAUSA300_0196,1370,1379,1688,1693
SAUSA300_0197,686,558,1214,972
SAUSA300_0198,468,463,745,769
SAUSA300_0199,462,474,721,756
SAUSA300_0200,147,182,112,93
SAUSA300_0201,50,62,36,48
SAUSA300_0202,31,31,33,23
SAUSA300_0203,53,38,46,66
SAUSA300_0204,169,138,187,197
SAUSA300_0205,48,29,21,25
SAUSA300_0206,322,300,286,284
SAUSA300_0207,384,291,278,273
SAUSA300_0208,78,74,177,203
SAUSA300_0209,120,111,234,330
SAUSA300_0210,163,156,420,379
SAUSA300_0211,99,72,162,164
SAUSA300_0212,387,333,595,676
SAUSA300_0213,311,353,533,491
SAUSA300_0214,377,342,531,498
SAUSA300_0215,49,28,493,515
SAUSA300_0216,410,413,476,475
SAUSA300_0217,334,383,532,411
SAUSA300_0218,327,355,444,411
SAUSA300_0219,319,356,467,345
SAUSA300_0220,12550,12374,38150,32160
SAUSA300_0221,5204,5788,23450,12914
SAUSA300_0222,119,123,178,193
SAUSA300_0223,142,149,418,463
SAUSA300_0224,140,156,877,798
SAUSA300_0225,6445,7091,479,481
SAUSA300_0226,3680,3997,192,245
SAUSA300_0227,4438,4735,211,223
SAUSA300_0228,3573,3838,132,149
SAUSA300_0229,4076,4425,174,202
SAUSA300_0230,673,787,793,829
SAUSA300_0231,199,233,273,200
SAUSA300_0232,150,142,335,208
SAUSA300_0233,313,331,898,991
SAUSA300_0234,943,1000,3382,2760
SAUSA300_0235,5312,5442,22929,17847
SAUSA300_0236,254,278,352,314
SAUSA300_0237,1651,1690,1402,1378
SAUSA300_0238,24,25,26,33
SAUSA300_0239,19,37,25,22
SAUSA300_0240,7,29,19,20
SAUSA300_0241,36,25,44,42
SAUSA300_0242,73,72,55,74
SAUSA300_0243,84,89,66,64
SAUSA300_0244,246,179,166,164
SAUSA300_0245,3029,3518,4585,4097
SAUSA300_0246,2788,2517,3845,3908
SAUSA300_0247,4163,4292,5328,5599
SAUSA300_0248,845,978,1101,1069
SAUSA300_0249,3817,4025,3577,3816
SAUSA300_0250,6113,6274,7045,6923
SAUSA300_0251,6247,6493,7157,6693
SAUSA300_0252,10938,11007,9998,9549
SAUSA300_0253,464,474,2192,2050
SAUSA300_0254,700,710,623,628
SAUSA300_0255,696,727,655,817
SAUSA300_0256,116,198,628,701
SAUSA300_0257,311,272,1478,1477
SAUSA300_0258,2113,2123,1138,1098
SAUSA300_0259,134,113,80,80
SAUSA300_0260,189,188,217,231
SAUSA300_0261,872,788,1551,1506
SAUSA300_0262,2434,2649,1330,1110
SAUSA300_0263,545,428,261,336
SAUSA300_0264,1269,1367,777,734
SAUSA300_0265,349,398,335,320
SAUSA300_0266,207,150,354,451
SAUSA300_0267,747,610,1149,1325
SAUSA300_0268,1189,1361,1908,2008
SAUSA300_0269,1053,968,604,617
SAUSA300_0270,3251,4170,3265,3708
SAUSA300_0271,304,302,332,339
SAUSA300_0272,189,220,249,275
SAUSA300_0273,164,184,226,261
SAUSA300_0274,1247,1179,2187,2461
SAUSA300_0275,115,95,60,50
SAUSA300_0276,124,157,137,228
SAUSA300_0277,425,453,259,229
SAUSA300_0278,10030,9272,13892,15024
SAUSA300_0279,387,369,353,399
SAUSA300_0280,293,312,312,340
SAUSA300_0281,109,99,132,128
SAUSA300_0282,93,95,105,97
SAUSA300_0283,186,185,222,216
SAUSA300_0284,117,115,193,183
SAUSA300_0285,445,551,383,553
SAUSA300_0286,137,102,89,145
SAUSA300_0287,214,216,190,250
SAUSA300_0288,691,740,685,763
SAUSA300_0289,1263,1210,1381,1540
SAUSA300_0290,30,49,77,86
SAUSA300_0291,104,107,134,208
SAUSA300_0292,332,261,388,314
SAUSA300_0293,27,23,34,64
SAUSA300_0294,38,11,12,22
SAUSA300_0295,27,32,50,34
SAUSA300_0296,93,61,82,96
SAUSA300_0297,89,151,138,125
SAUSA300_0298,127,107,48,56
SAUSA300_0299,128,169,60,91
SAUSA300_0300,103,133,54,103
SAUSA300_0301,216,194,125,121
SAUSA300_0302,315,294,150,243
SAUSA300_0303,426,483,139,231
SAUSA300_0304,710,712,292,279
SAUSA300_0305,222,397,463,337
SAUSA300_0306,1894,1926,1521,1437
SAUSA300_0307,1059,1120,5698,6032
SAUSA300_0308,793,779,967,837
SAUSA300_0309,1536,1840,1440,1219
SAUSA300_0310,778,766,2009,2184
SAUSA300_0311,24,13,556,488
SAUSA300_0312,35,82,1391,1097
SAUSA300_0313,54,66,536,386
SAUSA300_0314,223,232,691,586
SAUSA300_0315,174,177,601,508
SAUSA300_0316,174,200,391,401
SAUSA300_0317,273,342,470,466
SAUSA300_0318,239,239,573,563
SAUSA300_0319,26,46,36,42
SAUSA300_0320,6188,7246,13874,12996
SAUSA300_0321,496,467,549,501
SAUSA300_0322,276,230,256,244
SAUSA300_0323,40,20,22,71
SAUSA300_0324,595,657,1087,1263
SAUSA300_0325,866,883,1635,1838
SAUSA300_0326,611,629,1509,1589
SAUSA300_0327,605,586,1302,1500
SAUSA300_0328,712,588,1434,1489
SAUSA300_0329,1257,1283,2566,2348
SAUSA300_0330,195,201,418,403
SAUSA300_0331,207,192,569,452
SAUSA300_0332,123,190,288,316
SAUSA300_0333,133,119,339,279
SAUSA300_0334,150,122,199,211
SAUSA300_0335,67,87,127,120
SAUSA300_0336,230,205,266,286
SAUSA300_0337,921,903,2909,3141
SAUSA300_0338,409,450,243,226
SAUSA300_0339,590,627,415,338
SAUSA300_0340,496,389,268,262
SAUSA300_0341,599,472,596,757
SAUSA300_0342,60,53,102,110
SAUSA300_0343,379,290,180,167
SAUSA300_0344,43,69,47,62
SAUSA300_0345,102,62,54,73
SAUSA300_0346,78,59,64,68
SAUSA300_0347,270,286,246,235
SAUSA300_0348,467,371,399,426
SAUSA300_0349,142,112,153,150
SAUSA300_0350,280,195,368,562
SAUSA300_0351,175,132,165,305
SAUSA300_0352,508,492,968,790
SAUSA300_0353,590,327,859,1064
SAUSA300_0354,68,73,130,129
SAUSA300_0355,1572,1608,12196,9462
SAUSA300_0356,711,780,715,752
SAUSA300_0357,93,112,275,264
SAUSA300_0358,62,56,152,149
SAUSA300_0359,52,57,109,116
SAUSA300_0360,56,75,125,115
SAUSA300_0361,259,208,426,332
SAUSA300_0362,275,268,534,602
SAUSA300_0363,655,751,1796,1815
SAUSA300_0364,1009,1001,2612,2855
SAUSA300_0365,369,317,248,304
SAUSA300_0366,13876,16618,36961,40897
SAUSA300_0367,15119,16636,37347,39443
SAUSA300_0368,23231,25878,31860,58970
SAUSA300_0369,53,54,55,46
SAUSA300_0370,157,72,757,672
SAUSA300_0371,2,0,10,18
SAUSA300_0372,1352,1563,6587,4941
SAUSA300_0373,646,643,594,554
SAUSA300_0374,28766,33155,35740,34582
SAUSA300_0375,262,167,363,322
SAUSA300_0376,200,163,492,402
SAUSA300_0377,3461,4144,2997,2736
SAUSA300_0378,1239,1125,505,564
SAUSA300_0379,120846,185350,58280,126589
SAUSA300_0380,126131,201382,60107,125721
SAUSA300_0381,6643,7086,3887,3686
SAUSA300_0382,734,897,445,378
SAUSA300_0383,14240,15277,7880,8110
SAUSA300_0384,2179,2351,1488,1348
SAUSA300_0385,12172,11643,10161,10310
SAUSA300_0386,821,934,1862,1720
SAUSA300_0387,767,802,1705,1855
SAUSA300_0388,4939,5577,8485,8318
SAUSA300_0389,6043,6205,10823,12128
SAUSA300_0390,341,277,95,162
SAUSA300_0391,281,226,165,171
SAUSA300_0392,253,250,212,236
SAUSA300_0393,113,105,53,37
SAUSA300_0394,301,256,148,154
SAUSA300_0395,844,806,300,286
SAUSA300_0396,50,49,67,47
SAUSA300_0397,40,52,32,14
SAUSA300_0398,31,26,25,22
SAUSA300_0399,37,51,30,36
SAUSA300_0400,72,79,83,70
SAUSA300_0401,356,322,126,97
SAUSA300_0402,44,33,31,15
SAUSA300_0403,48,33,37,38
SAUSA300_0404,153,157,96,92
SAUSA300_0405,718,738,934,1007
SAUSA300_0406,664,617,1006,1085
SAUSA300_0407,6,19,58,75
SAUSA300_0408,167,146,290,217
SAUSA300_0409,1846,1457,4017,3386
SAUSA300_0410,79,72,31,32
SAUSA300_0411,82,80,48,48
SAUSA300_0412,107,125,89,75
SAUSA300_0413,157,214,37,60
SAUSA300_0414,94,88,12,29
SAUSA300_0415,118,137,26,43
SAUSA300_0416,131,155,40,40
SAUSA300_0417,209,259,76,83
SAUSA300_0418,297,283,110,109
SAUSA300_0419,977,839,395,385
SAUSA300_0420,1644,1523,798,852
SAUSA300_0421,1707,1474,977,1174
SAUSA300_0422,2718,3046,1421,1655
SAUSA300_0423,262,234,176,212
SAUSA300_0424,1519,1420,2624,2982
SAUSA300_0425,6342,6803,4847,5533
SAUSA300_0426,19682,20469,15339,16050
SAUSA300_0427,27403,27206,21384,21916
SAUSA300_0428,831,850,742,747
SAUSA300_0429,2002,2126,1791,1687
SAUSA300_0430,2731,2566,2514,2522
SAUSA300_0431,131,206,138,92
SAUSA300_0432,122,155,113,91
SAUSA300_0433,45,23,44,26
SAUSA300_0434,81,66,50,59
SAUSA300_0435,27,31,25,14
SAUSA300_0436,44,76,26,28
SAUSA300_0437,97,103,65,71
SAUSA300_0438,22571,27870,10215,9995
SAUSA300_0439,2250,2446,2280,2309
SAUSA300_0440,983,1293,984,1098
SAUSA300_0441,981,1315,751,889
SAUSA300_0442,967,1064,1109,891
SAUSA300_0443,658,738,510,509
SAUSA300_0444,101,136,82,64
SAUSA300_0445,217,225,76,73
SAUSA300_0446,305,270,140,118
SAUSA300_0447,134881,229428,66446,175376
SAUSA300_0448,955,872,901,896
SAUSA300_0449,469,453,549,572
SAUSA300_0450,620,598,667,774
SAUSA300_0451,393,372,371,280
SAUSA300_0452,1684,1775,1338,1506
SAUSA300_0453,19302,19581,18388,19145
SAUSA300_0454,6407,5468,5620,6259
SAUSA300_0455,700,763,1243,1421
SAUSA300_0456,869,826,1246,2353
SAUSA300_0457,6800,5771,12344,15741
SAUSA300_0458,338,318,206,251
SAUSA300_0459,692,716,640,512
SAUSA300_0460,7148,5863,6735,7140
SAUSA300_0461,844,796,724,772
SAUSA300_0462,899,909,718,849
SAUSA300_0463,1229,988,1038,1138
SAUSA300_0464,271,289,346,265
SAUSA300_0465,525,622,521,543
SAUSA300_0466,383,434,514,476
SAUSA300_0467,2586,2451,3962,4141
SAUSA300_0468,5089,4381,7333,7827
SAUSA300_0469,788,630,1391,1490
SAUSA300_0470,700,713,1133,1212
SAUSA300_0471,82372,76147,51437,51591
SAUSA300_0472,9443,9298,6425,5989
SAUSA300_0473,7766,7364,4842,4941
SAUSA300_0474,34978,33854,32414,20867
SAUSA300_0475,35972,35054,25138,21339
SAUSA300_0476,40,56,66,68
SAUSA300_0477,3331,3416,3816,3793
SAUSA300_0478,4535,4726,5359,5444
SAUSA300_0479,27786,23975,36241,49670
SAUSA300_0480,822,843,605,627
SAUSA300_0481,845,855,967,923
SAUSA300_0482,862,922,988,1037
SAUSA300_0483,2372,2445,2203,2186
SAUSA300_0484,3973,4292,3798,3478
SAUSA300_0485,4110,4222,3563,3688
SAUSA300_0486,19282,20938,11887,9241
SAUSA300_0487,1502,1959,2588,2165
SAUSA300_0488,3046,3007,3841,4213
SAUSA300_0489,15168,14338,15927,17500
SAUSA300_0490,1749,1835,1162,1388
SAUSA300_0491,10034,10337,7502,7163
SAUSA300_0492,685,774,706,721
SAUSA300_0493,1361,1385,1980,1834
SAUSA300_0494,2100,1901,2891,2860
SAUSA300_0495,2528,1832,3342,3859
SAUSA300_0496,7076,6920,10674,10241
SAUSA300_0497,7256,7134,13907,17556
SAUSA300_0498,6265,5937,10718,20790
SAUSA300_0499,686,674,1224,1384
SAUSA300_0500,4462,3925,7750,10869
SAUSA300_0501,887,884,1306,2406
SAUSA300_0502,6340,6104,12357,15645
SAUSA300_0503,52,31,66,46
SAUSA300_0504,541,512,711,746
SAUSA300_0505,594,621,733,769
SAUSA300_0506,2882,2658,7526,7539
SAUSA300_0507,1666,1671,2205,2159
SAUSA300_0508,2354,2284,2343,2245
SAUSA300_0509,2015,1943,1961,1937
SAUSA300_0510,3816,4059,4731,4480
SAUSA300_0511,1789,1941,3667,3804
SAUSA300_0512,1181,1036,1924,2100
SAUSA300_0513,3051,3199,4306,4092
SAUSA300_0514,855,824,1030,1094
SAUSA300_0515,1061,1203,1968,2093
SAUSA300_0516,1241,1139,2211,2121
SAUSA300_0517,1660,1728,3113,2832
SAUSA300_0518,1119,914,1548,1642
SAUSA300_0519,608,575,710,895
SAUSA300_0520,6377,6476,7971,7904
SAUSA300_0521,12097,12157,13706,13186
SAUSA300_0522,41091,52227,53990,74424
SAUSA300_0523,35504,38666,43277,65352
SAUSA300_0524,24677,22316,44651,77552
SAUSA300_0525,38112,31505,58171,101475
SAUSA300_0526,1168,1120,2653,2968
SAUSA300_0527,27472,29341,22298,22584
SAUSA300_0528,40000,42192,31272,34950
SAUSA300_0529,9941,7232,14958,15760
SAUSA300_0530,20595,21477,35102,42721
SAUSA300_0531,59832,69230,62587,115909
SAUSA300_0532,58215,63222,51515,100757
SAUSA300_0533,102214,144153,62233,150535
SAUSA300_0534,430,337,295,291
SAUSA300_0535,6015,6865,8943,10309
SAUSA300_0536,2360,2152,1460,1387
SAUSA300_0537,577,541,880,885
SAUSA300_0538,3611,3436,19310,20099
SAUSA300_0539,5102,4480,5198,5047
SAUSA300_0540,1995,2021,1831,1644
SAUSA300_0541,1509,1394,1374,1452
SAUSA300_0542,389,329,216,238
SAUSA300_0543,1290,1277,868,804
SAUSA300_0544,3627,3665,977,911
SAUSA300_0545,4893,4282,1481,1600
SAUSA300_0546,3265,3249,280,261
SAUSA300_0547,11038,10896,4495,4465
SAUSA300_0548,467,416,456,407
SAUSA300_0549,323,370,376,382
SAUSA300_0550,1371,1403,937,879
SAUSA300_0551,5379,5302,2397,2352
SAUSA300_0552,4900,5212,1800,2036
SAUSA300_0553,5439,5826,2773,2376
SAUSA300_0554,967,1099,1402,1224
SAUSA300_0555,4370,5159,10704,7463
SAUSA300_0556,6214,6050,11659,9367
SAUSA300_0557,1821,2016,1436,1675
SAUSA300_0558,2001,2005,1527,1608
SAUSA300_0559,91,96,64,62
SAUSA300_0560,229,228,317,317
SAUSA300_0561,89,74,115,99
SAUSA300_0562,3819,4155,4487,4075
SAUSA300_0563,728,755,979,1077
SAUSA300_0564,1042,1348,1904,1956
SAUSA300_0565,596,693,962,1108
SAUSA300_0566,742,815,1696,1735
SAUSA300_0567,518,526,606,575
SAUSA300_0568,368,328,454,450
SAUSA300_0569,5390,5647,7295,6857
SAUSA300_0570,5710,5370,10831,10416
SAUSA300_0571,5582,5151,10610,9748
SAUSA300_0572,848,861,2236,2043
SAUSA300_0573,1170,1298,4194,3351
SAUSA300_0574,484,579,1955,1645
SAUSA300_0575,1181,1283,1006,701
SAUSA300_0576,347,377,357,346
SAUSA300_0577,227,253,174,152
SAUSA300_0578,0,0,1,2
SAUSA300_0579,251,228,136,133
SAUSA300_0580,88,81,50,76
SAUSA300_0581,108,91,99,77
SAUSA300_0582,268,241,179,230
SAUSA300_0583,86,85,67,66
SAUSA300_0584,92,112,77,115
SAUSA300_0585,76,59,84,49
SAUSA300_0586,54,55,54,50
SAUSA300_0587,129,100,121,106
SAUSA300_0588,86,73,44,74
SAUSA300_0589,396,396,751,897
SAUSA300_0590,1385,1009,3889,4064
SAUSA300_0591,1156,1084,803,722
SAUSA300_0592,1604,1652,1310,1373
SAUSA300_0593,3161,2958,3178,3557
SAUSA300_0594,1300,1342,5942,4510
SAUSA300_0595,944,899,771,824
SAUSA300_0596,2101,1806,2227,2226
SAUSA300_0597,42,27,44,45
SAUSA300_0598,910,877,1098,1100
SAUSA300_0599,309,316,312,277
SAUSA300_0600,1001,958,716,794
SAUSA300_0601,1531,1565,1230,1300
SAUSA300_0602,18170,16362,27912,27592
SAUSA300_0603,395,360,349,448
SAUSA300_0604,1528,1489,942,1060
SAUSA300_0605,9413,10128,17828,15436
SAUSA300_0606,218,223,174,142
SAUSA300_0607,0,0,1,1
SAUSA300_0608,1,0,1,0
SAUSA300_0609,3,4,1,2
SAUSA300_0610,1,1,1,0
SAUSA300_0611,10,17,4,20
SAUSA300_0612,68,80,31,38
SAUSA300_0613,23,18,23,19
SAUSA300_0614,14,0,21,19
SAUSA300_0615,22,14,30,64
SAUSA300_0616,34,39,65,60
SAUSA300_0617,1889,1849,795,836
SAUSA300_0618,64546,71398,52252,94258
SAUSA300_0619,40880,43296,45628,62878
SAUSA300_0620,47615,47656,45615,73997
SAUSA300_0621,8856,8104,5005,4676
SAUSA300_0622,762,869,675,638
SAUSA300_0623,3299,3542,1877,1528
SAUSA300_0624,5496,5817,3062,2807
SAUSA300_0625,4407,3567,2240,2201
SAUSA300_0626,798,707,683,626
SAUSA300_0627,927,932,765,736
SAUSA300_0628,1358,1189,1135,1017
SAUSA300_0629,526,651,377,350
SAUSA300_0630,2606,2640,1828,1688
SAUSA300_0631,5149,4875,5380,5458
SAUSA300_0632,2381,2508,1851,1693
SAUSA300_0633,7926,7817,5715,5539
SAUSA300_0634,2449,2728,1814,2106
SAUSA300_0635,2862,3076,2869,3164
SAUSA300_0636,1125,1257,1907,1922
SAUSA300_0637,1000,994,2004,2119
SAUSA300_0638,752,535,1698,1828
SAUSA300_0639,3004,2747,3606,3824
SAUSA300_0640,3577,3495,1713,1940
SAUSA300_0641,840,899,509,475
SAUSA300_0642,3013,2636,1376,1384
SAUSA300_0643,2842,3017,1381,1140
SAUSA300_0644,1049,1061,427,438
SAUSA300_0645,1496,1390,706,756
SAUSA300_0646,1817,1944,1202,1161
SAUSA300_0647,719,904,471,502
SAUSA300_0648,673,583,326,361
SAUSA300_0649,1556,1538,2368,2887
SAUSA300_0650,1590,1542,2400,2651
SAUSA300_0651,48420,56832,24989,22239
SAUSA300_0652,917,1100,875,839
SAUSA300_0653,438,390,280,306
SAUSA300_0654,206,152,136,129
SAUSA300_0655,6030,5649,5370,4648
SAUSA300_0656,4554,4235,4161,3888
SAUSA300_0657,1193,1255,683,709
SAUSA300_0658,2623,2755,1812,1862
SAUSA300_0659,1113,1023,782,736
SAUSA300_0660,829,795,706,805
SAUSA300_0661,401,495,306,248
SAUSA300_0662,86,76,99,62
SAUSA300_0663,974,1274,1166,929
SAUSA300_0664,2065,2064,2431,2514
SAUSA300_0665,1149,1252,1002,1000
SAUSA300_0666,2858,3248,3859,3545
SAUSA300_0667,1929,2449,4384,3097
SAUSA300_0668,2793,3431,13092,10604
SAUSA300_0669,1855,1874,3468,3635
SAUSA300_0670,404,383,703,619
SAUSA300_0671,339,333,611,574
SAUSA300_0672,38025,40701,30673,39911
SAUSA300_0673,871,922,952,968
SAUSA300_0674,2227,2117,1903,1875
SAUSA300_0675,1217,1130,1196,1074
SAUSA300_0676,712,695,900,982
SAUSA300_0677,915,913,1000,1090
SAUSA300_0678,373,319,319,390
SAUSA300_0679,747,846,863,790
SAUSA300_0680,441,329,561,599
SAUSA300_0681,6615,6771,853,1040
SAUSA300_0682,368,312,310,343
SAUSA300_0683,264,256,1162,1422
SAUSA300_0684,295,304,821,879
SAUSA300_0685,662,690,1331,1482
SAUSA300_0686,1274,1189,1310,1393
SAUSA300_0687,7393,7539,6167,5338
SAUSA300_0688,1207,1312,1245,1330
SAUSA300_0689,1430,1402,1133,1151
SAUSA300_0690,1121,1345,4584,4688
SAUSA300_0691,2044,2489,9757,9875
SAUSA300_0692,773,871,4379,4127
SAUSA300_0693,2285,2557,16314,15540
SAUSA300_0694,1279,1022,333,425
SAUSA300_0695,1544,1414,560,640
SAUSA300_0696,1080,1164,375,531
SAUSA300_0697,890,916,304,237
SAUSA300_0698,266,268,205,216
SAUSA300_0699,392,447,423,385
SAUSA300_0700,534,521,570,593
SAUSA300_0701,1089,954,928,864
SAUSA300_0702,1911,1917,1762,1706
SAUSA300_0703,20722,22584,15117,15415
SAUSA300_0704,2119,2297,839,899
SAUSA300_0705,2478,2374,978,977
SAUSA300_0706,1000,952,804,817
SAUSA300_0707,1257,1331,1182,1065
SAUSA300_0708,175,193,176,134
SAUSA300_0709,939,938,589,462
SAUSA300_0710,326,313,226,189
SAUSA300_0711,1066,854,934,975
SAUSA300_0712,3514,3932,5360,5632
SAUSA300_0713,1216,1170,1164,1249
SAUSA300_0714,585,589,541,656
SAUSA300_0715,12203,14144,4001,3662
SAUSA300_0716,15519,16357,6779,7308
SAUSA300_0717,17449,18015,10879,10720
SAUSA300_0718,708,569,1932,2254
SAUSA300_0719,152,180,850,1001
SAUSA300_0720,217,209,1268,1330
SAUSA300_0721,1155,1215,12273,12565
SAUSA300_0722,1086,1098,1354,1291
SAUSA300_0723,285,178,168,140
SAUSA300_0724,1904,1983,1506,1150
SAUSA300_0725,3759,3532,2579,2299
SAUSA300_0726,1393,1272,1211,1341
SAUSA300_0727,3476,4047,4359,3979
SAUSA300_0728,852,957,881,1000
SAUSA300_0729,586,662,614,760
SAUSA300_0730,1124,1315,1505,1388
SAUSA300_0731,586,531,491,575
SAUSA300_0732,1857,2088,725,650
SAUSA300_0733,1740,1571,1762,2025
SAUSA300_0734,26,31,24,24
SAUSA300_0735,33,80,45,21
SAUSA300_0736,31885,26155,24185,28457
SAUSA300_0737,10140,10465,7988,8062
SAUSA300_0738,1299,1292,1162,1192
SAUSA300_0739,226,247,102,108
SAUSA300_0740,1186,1176,615,540
SAUSA300_0741,4213,3998,1664,1726
SAUSA300_0742,4548,4483,2212,2360
SAUSA300_0743,2183,2281,3033,3077
SAUSA300_0744,1120,1074,1302,1570
SAUSA300_0745,1365,1355,1972,2299
SAUSA300_0746,633,653,985,955
SAUSA300_0747,8126,8018,10220,10299
SAUSA300_0748,1611,1415,1003,1217
SAUSA300_0749,4390,3844,3410,3371
SAUSA300_0750,6424,5364,3501,3375
SAUSA300_0751,14250,13481,11164,18032
SAUSA300_0752,10935,12742,12042,11815
SAUSA300_0753,1714,1921,1761,1738
SAUSA300_0754,1358,1585,1153,694
SAUSA300_0755,13144,12720,21948,20851
SAUSA300_0756,38851,43643,44243,58590
SAUSA300_0757,7826,7753,9598,10371
SAUSA300_0758,11313,12470,17212,13495
SAUSA300_0759,9631,9260,10481,10946
SAUSA300_0760,31932,31343,37442,44833
SAUSA300_0761,2323,2443,2547,3096
SAUSA300_0762,7167,7171,6726,7826
SAUSA300_0763,1339,1275,1619,1493
SAUSA300_0764,1408,1353,2047,2035
SAUSA300_0765,1531,1611,2492,2275
SAUSA300_0766,138491,234236,67301,179114
SAUSA300_0767,556,433,338,278
SAUSA300_0768,1169,1221,969,1128
SAUSA300_0769,292,422,368,358
SAUSA300_0770,25,12,43,51
SAUSA300_0771,58,155,156,103
SAUSA300_0772,2679,2749,2550,2198
SAUSA300_0773,17,27,163,185
SAUSA300_0774,127,141,198,225
SAUSA300_0775,8,27,67,96
SAUSA300_0776,4667,4449,6390,6123
SAUSA300_0777,103756,165634,48969,90532
SAUSA300_0778,293,364,253,349
SAUSA300_0779,734,758,876,805
SAUSA300_0780,404,436,496,395
SAUSA300_0781,1059,808,1496,2106
SAUSA300_0782,2867,2798,3707,4358
SAUSA300_0783,589,494,631,618
SAUSA300_0784,639,720,261,212
SAUSA300_0785,563,465,1399,1579
SAUSA300_0786,1195,1205,2062,1833
SAUSA300_0787,370,661,234,268
SAUSA300_0788,12254,9934,8021,8269
SAUSA300_0789,3903,3425,2182,2369
SAUSA300_0790,4407,4019,4477,5487
SAUSA300_0791,18555,16523,27056,29743
SAUSA300_0792,44,60,89,53
SAUSA300_0793,352,312,488,479
SAUSA300_0794,914,863,673,727
SAUSA300_0795,486,431,299,366
SAUSA300_0796,786,849,1008,932
SAUSA300_0797,450,548,723,796
SAUSA300_0798,771,939,1423,1358
SAUSA300_0799,199,210,332,314
SAUSA300_0800,345,323,576,743
SAUSA300_0801,509,559,727,855
SAUSA300_0802,1273,1408,1584,1444
SAUSA300_0803,1202,1320,1537,1269
SAUSA300_0804,498,341,545,671
SAUSA300_0805,188,271,362,350
SAUSA300_0806,155,154,216,164
SAUSA300_0807,201,238,257,230
SAUSA300_0808,158,176,140,198
SAUSA300_0809,207,202,212,221
SAUSA300_0810,533,565,349,355
SAUSA300_0811,632,663,500,480
SAUSA300_0812,806,860,628,785
SAUSA300_0813,561,538,377,463
SAUSA300_0814,693,737,1195,1362
SAUSA300_0815,437,482,2183,1828
SAUSA300_0816,106054,142412,58356,114949
SAUSA300_0817,876,946,1056,948
SAUSA300_0818,9548,10180,7699,7726
SAUSA300_0819,12572,12130,10515,9854
SAUSA300_0820,16949,17697,12287,12100
SAUSA300_0821,34457,37511,24704,20735
SAUSA300_0822,29098,28468,19796,19638
SAUSA300_0823,75,241,44,66
SAUSA300_0824,605,653,559,537
SAUSA300_0825,908,1113,711,758
SAUSA300_0826,1161,1157,753,840
SAUSA300_0827,1172,1234,936,888
SAUSA300_0828,1693,1739,1356,1261
SAUSA300_0829,9089,10199,7631,7186
SAUSA300_0830,2046,2209,1562,1479
SAUSA300_0831,671,873,1187,798
SAUSA300_0832,2183,1913,2735,2818
SAUSA300_0833,4040,3785,5513,5104
SAUSA300_0834,3469,3584,4367,4507
SAUSA300_0835,1378,1543,2563,2779
SAUSA300_0836,1362,1571,3565,3038
SAUSA300_0837,1800,1357,4102,3759
SAUSA300_0838,1669,1554,3609,3427
SAUSA300_0839,23308,22638,9736,9908
SAUSA300_0840,1048,1041,660,805
SAUSA300_0841,5399,5503,4656,3921
SAUSA300_0842,2684,2484,1113,1368
SAUSA300_0843,5562,5859,5081,5574
SAUSA300_0844,4391,4289,10148,9142
SAUSA300_0845,2738,3024,4254,3716
SAUSA300_0846,357,362,775,878
SAUSA300_0847,1307,1397,1880,1675
SAUSA300_0848,18396,19583,14974,14381
SAUSA300_0849,1703,2117,2027,2433
SAUSA300_0850,1915,1992,2191,2759
SAUSA300_0851,1645,1753,2425,2363
SAUSA300_0852,2234,2166,2818,2921
SAUSA300_0853,1776,1599,2477,2598
SAUSA300_0854,3048,3187,4240,4666
SAUSA300_0855,2227,2294,2798,3103
SAUSA300_0856,2227,1813,2552,2172
SAUSA300_0857,5644,5641,8233,7543
SAUSA300_0858,16031,15651,11348,9444
SAUSA300_0859,2281,2454,1260,1325
SAUSA300_0860,8023,7762,13630,14514
SAUSA300_0861,16040,14952,23877,25618
SAUSA300_0862,1703,1886,3057,2608
SAUSA300_0863,135,120,102,120
SAUSA300_0864,54,66,60,53
SAUSA300_0865,5088,4989,9966,9869
SAUSA300_0866,874,832,821,857
SAUSA300_0867,3080,3330,3600,3171
SAUSA300_0868,1847,1844,2266,2420
SAUSA300_0869,657,648,452,523
SAUSA300_0870,1590,1660,1364,1385
SAUSA300_0871,14666,15357,11822,11014
SAUSA300_0872,910,957,1077,1351
SAUSA300_0873,6091,6296,7681,7239
SAUSA300_0874,1563,1508,1038,1121
SAUSA300_0875,16981,12352,11553,14731
SAUSA300_0876,103,100,65,55
SAUSA300_0877,888,949,1720,1516
SAUSA300_0878,72,54,13,9
SAUSA300_0879,5,14,9,20
SAUSA300_0880,15,22,11,15
SAUSA300_0881,48,57,43,33
SAUSA300_0882,420,389,319,400
SAUSA300_0883,9711,10371,9389,7448
SAUSA300_0884,5616,6390,16146,13486
SAUSA300_0885,1086,1064,4410,4149
SAUSA300_0886,3887,3775,10072,10803
SAUSA300_0887,1868,1498,755,987
SAUSA300_0888,1853,2107,981,1268
SAUSA300_0889,3388,4006,1753,2294
SAUSA300_0890,1772,1916,949,1243
SAUSA300_0891,5731,6345,3734,3464
SAUSA300_0892,9,31,15,14
SAUSA300_0893,7,9,11,7
SAUSA300_0894,19,24,34,7
SAUSA300_0895,76,77,53,47
SAUSA300_0896,66,56,35,39
SAUSA300_0897,1612,1732,2481,2344
SAUSA300_0898,76110,87171,48039,54176
SAUSA300_0899,14744,14941,9226,8603
SAUSA300_0900,41,3,17,16
SAUSA300_0901,32,27,33,37
SAUSA300_0902,4578,4803,5621,5995
SAUSA300_0903,4533,4106,1592,1216
SAUSA300_0904,5589,6211,2658,2464
SAUSA300_0905,910,986,562,534
SAUSA300_0906,865,688,906,945
SAUSA300_0907,2629,2620,2724,2602
SAUSA300_0908,2403,2175,2576,2776
SAUSA300_0909,870,899,964,1115
SAUSA300_0910,707,785,780,914
SAUSA300_0911,1110,1107,1335,1389
SAUSA300_0912,3902,3809,6771,7397
SAUSA300_0913,1091,1037,1014,1150
SAUSA300_0914,228,224,346,270
SAUSA300_0915,346,293,161,169
SAUSA300_0916,8500,7438,14947,14554
SAUSA300_0917,975,1094,735,810
SAUSA300_0918,1437,1451,719,701
SAUSA300_0919,1289,1371,1178,1217
SAUSA300_0920,851,752,776,815
SAUSA300_0921,1867,1837,2100,2076
SAUSA300_0922,267,308,785,724
SAUSA300_0923,706,688,935,899
SAUSA300_0924,1542,1602,1480,1544
SAUSA300_0925,543,499,433,467
SAUSA300_0926,68694,113036,66697,177093
SAUSA300_0927,1407,4386,2490,4764
SAUSA300_0928,50,40,79,49
SAUSA300_0929,17189,20760,11216,9816
SAUSA300_0930,1962,1623,1835,1967
SAUSA300_0931,5575,5035,3649,4357
SAUSA300_0932,3127,2547,1997,2308
SAUSA300_0933,23883,19820,49750,38533
SAUSA300_0934,31,25,21,37
SAUSA300_0935,59,60,34,56
SAUSA300_0936,136,156,81,38
SAUSA300_0937,357,329,410,479
SAUSA300_0938,696,587,593,675
SAUSA300_0939,1124,912,1246,1418
SAUSA300_0940,66,92,467,496
SAUSA300_0941,145,147,223,230
SAUSA300_0942,239,238,176,257
SAUSA300_0943,784,870,479,404
SAUSA300_0944,1572,1728,1609,1667
SAUSA300_0945,2192,2390,973,1100
SAUSA300_0946,4120,4227,2506,2621
SAUSA300_0947,3818,4475,2617,2576
SAUSA300_0948,11610,11405,11210,12525
SAUSA300_0949,138,93,83,46
SAUSA300_0950,91,124,87,93
SAUSA300_0951,61,102,82,69
SAUSA300_0952,438,404,346,334
SAUSA300_0953,63,90,156,160
SAUSA300_0954,1069,829,703,563
SAUSA300_0955,54952,65296,14435,13090
SAUSA300_0956,948,841,272,194
SAUSA300_0957,3238,2926,972,1175
SAUSA300_0958,5420,5878,1811,1722
SAUSA300_0959,1277,1268,971,1024
SAUSA300_0960,24960,26068,43681,64031
SAUSA300_0961,19971,20282,43881,50770
SAUSA300_0962,31047,33287,44637,68622
SAUSA300_0963,31088,32949,42285,70337
SAUSA300_0964,6989,6415,8465,7551
SAUSA300_0965,17345,18385,28839,22467
SAUSA300_0966,674,744,1161,973
SAUSA300_0967,267,292,348,362
SAUSA300_0968,134,128,125,203
SAUSA300_0969,260,347,509,549
SAUSA300_0970,373,460,647,708
SAUSA300_0971,619,629,896,922
SAUSA300_0972,824,829,1118,1115
SAUSA300_0973,676,644,972,977
SAUSA300_0974,833,808,921,1058
SAUSA300_0975,1578,1645,1780,1713
SAUSA300_0976,2284,2244,2366,2155
SAUSA300_0977,650,781,495,545
SAUSA300_0978,824,718,537,591
SAUSA300_0979,599,658,565,451
SAUSA300_0980,3268,2989,2858,2980
SAUSA300_0981,668,759,621,692
SAUSA300_0982,3467,3477,7579,6604
SAUSA300_0983,42277,50809,48348,45685
SAUSA300_0984,41388,40926,33627,38115
SAUSA300_0985,447,367,145,148
SAUSA300_0986,152,144,2259,2165
SAUSA300_0987,146,100,1733,1682
SAUSA300_0988,1590,1626,3324,3107
SAUSA300_0989,12575,12179,7342,6891
SAUSA300_0990,8689,8181,5780,5568
SAUSA300_0991,7120,6649,4509,4326
SAUSA300_0992,8255,9045,5329,5082
SAUSA300_0993,63953,81271,45073,59918
SAUSA300_0994,67577,71593,38679,52648
SAUSA300_0995,74262,80307,42465,54992
SAUSA300_0996,78896,88983,42349,54278
SAUSA300_0997,736,723,1554,1063
SAUSA300_0998,38,37,445,472
SAUSA300_0999,92,85,786,889
SAUSA300_1000,39,18,286,359
SAUSA300_1001,69,73,650,769
SAUSA300_1002,751,695,3681,3421
SAUSA300_1003,5111,5073,5208,4639
SAUSA300_1004,1121,774,1230,1088
SAUSA300_1005,326,281,172,191
SAUSA300_1006,5429,5068,3916,3544
SAUSA300_1007,4408,4130,6480,6095
SAUSA300_1008,1918,2576,1772,2224
SAUSA300_1009,1126,926,3099,2982
SAUSA300_1010,2234,1964,1507,1673
SAUSA300_1011,1578,1777,1147,1058
SAUSA300_1012,17477,20271,13051,17309
SAUSA300_1013,1498,1565,1329,1371
SAUSA300_1014,2468,2393,2132,1947
SAUSA300_1015,855,784,2653,2605
SAUSA300_1016,719,787,2406,2849
SAUSA300_1017,719,693,2753,3279
SAUSA300_1018,1423,1386,1444,1305
SAUSA300_1019,3090,4354,3393,3309
SAUSA300_1020,570,687,1346,1335
SAUSA300_1021,295,352,301,356
SAUSA300_1022,630,506,547,629
SAUSA300_1023,1000,1052,734,681
SAUSA300_1024,1117,1230,928,1046
SAUSA300_1025,287,369,335,311
SAUSA300_1026,3598,3688,10727,11912
SAUSA300_1027,8388,11352,23490,23120
SAUSA300_1028,23905,28015,51100,72151
SAUSA300_1029,95477,140031,54969,116689
SAUSA300_1030,44149,49993,36371,46993
SAUSA300_1031,23985,24627,21768,22496
SAUSA300_1032,22914,23003,21088,20273
SAUSA300_1033,15549,14996,13129,13967
SAUSA300_1034,16040,15786,12883,14369
SAUSA300_1035,13669,14693,12508,13750
SAUSA300_1036,1973,2121,2104,2330
SAUSA300_1037,503,501,1911,1994
SAUSA300_1038,1050,1090,3864,3875
SAUSA300_1039,210,221,289,221
SAUSA300_1040,1438,1626,1292,1063
SAUSA300_1041,1200,1171,843,816
SAUSA300_1042,632,632,490,515
SAUSA300_1043,1182,1244,1179,1189
SAUSA300_1044,65158,60564,40643,42689
SAUSA300_1045,591,635,529,505
SAUSA300_1046,1544,1707,942,1293
SAUSA300_1047,5784,6130,4918,5348
SAUSA300_1048,6889,6188,6823,6982
SAUSA300_1049,1675,1689,720,706
SAUSA300_1050,2162,1753,1052,938
SAUSA300_1051,1575,1477,845,919
SAUSA300_1052,3340,3489,27535,24866
SAUSA300_1053,386,559,1721,1672
SAUSA300_1054,1420,1345,1316,1314
SAUSA300_1055,3476,3509,32522,45715
SAUSA300_1056,1535,1440,17975,16455
SAUSA300_1057,2007,2075,3136,2542
SAUSA300_1058,12602,13256,26662,24527
SAUSA300_1059,60,164,95,112
SAUSA300_1060,69,42,46,66
SAUSA300_1061,40,31,67,40
SAUSA300_1062,361,392,637,541
SAUSA300_1063,333,319,496,479
SAUSA300_1064,213,219,281,279
SAUSA300_1065,863,870,837,751
SAUSA300_1066,17649,17977,24000,34973
SAUSA300_1067,47,41,28,14
SAUSA300_1068,103,151,41,28
SAUSA300_1069,256,291,259,304
SAUSA300_1070,7413,6166,5478,5117
SAUSA300_1071,1958,1850,1029,1113
SAUSA300_1072,18011,16243,27416,24707
SAUSA300_1073,17503,19301,17240,16673
SAUSA300_1074,14063,14732,18978,14782
SAUSA300_1075,3911,3802,5025,4875
SAUSA300_1076,1152,951,1428,1469
SAUSA300_1077,2150,1849,2558,2555
SAUSA300_1078,2787,2992,3421,3183
SAUSA300_1079,11742,11733,16648,16072
SAUSA300_1080,25619,26002,34371,38493
SAUSA300_1081,1459,1529,796,630
SAUSA300_1082,8143,7375,5513,4871
SAUSA300_1083,11646,12170,8530,7426
SAUSA300_1084,2700,2143,1403,1484
SAUSA300_1085,788,814,609,511
SAUSA300_1086,7717,9145,6877,5337
SAUSA300_1087,1657,1812,2971,3160
SAUSA300_1088,857,967,443,409
SAUSA300_1089,600,657,804,970
SAUSA300_1090,2497,2431,3719,3701
SAUSA300_1091,867,1132,2619,2494
SAUSA300_1092,23,46,67,85
SAUSA300_1093,38,16,74,68
SAUSA300_1094,80,69,146,140
SAUSA300_1095,137,86,157,274
SAUSA300_1096,161,149,267,276
SAUSA300_1097,106,110,140,177
SAUSA300_1098,98,50,109,122
SAUSA300_1099,1007,1158,700,557
SAUSA300_1100,2202,2288,2335,2184
SAUSA300_1101,1065,1050,746,794
SAUSA300_1102,4362,4217,3271,3296
SAUSA300_1103,7519,6909,8433,8372
SAUSA300_1104,943,904,573,570
SAUSA300_1105,1895,2003,1411,1473
SAUSA300_1106,472,448,495,444
SAUSA300_1107,6459,5588,6679,7573
SAUSA300_1108,1275,1031,797,753
SAUSA300_1109,1579,1645,1670,1544
SAUSA300_1110,1867,1742,2220,2240
SAUSA300_1111,2073,1896,2806,2699
SAUSA300_1112,1637,1577,1957,2331
SAUSA300_1113,3130,3199,4123,4152
SAUSA300_1114,1765,1915,1289,1259
SAUSA300_1115,2995,2771,2669,2222
SAUSA300_1116,2458,2591,1879,1751
SAUSA300_1117,136702,216969,66762,171720
SAUSA300_1118,4118,3864,3781,4755
SAUSA300_1119,3908,3772,5259,5291
SAUSA300_1120,1240,1182,679,590
SAUSA300_1121,2511,2627,6811,6908
SAUSA300_1122,4124,3959,9981,9654
SAUSA300_1123,3990,4236,9444,10370
SAUSA300_1124,8987,8958,22318,23829
SAUSA300_1125,98284,98145,57953,132716
SAUSA300_1126,338,258,248,309
SAUSA300_1127,760,846,726,811
SAUSA300_1128,1189,1114,1127,1347
SAUSA300_1129,1062,1201,864,973
SAUSA300_1130,6011,5503,5552,5382
SAUSA300_1131,23514,26205,28517,22693
SAUSA300_1132,350,270,334,481
SAUSA300_1133,999,1111,1277,1472
SAUSA300_1134,54912,55879,60867,95796
SAUSA300_1135,447,479,338,334
SAUSA300_1136,1117,1229,1220,1144
SAUSA300_1137,1070,1203,1143,1347
SAUSA300_1138,12346,12362,20138,24156
SAUSA300_1139,32525,30874,41750,60692
SAUSA300_1140,83,54,80,112
SAUSA300_1141,127,122,95,71
SAUSA300_1142,60,61,67,70
SAUSA300_1143,1880,1996,2855,2790
SAUSA300_1144,2112,2223,3709,3644
SAUSA300_1145,3156,3052,1836,2229
SAUSA300_1146,8439,8353,5002,5560
SAUSA300_1147,8926,9114,6741,6730
SAUSA300_1148,9247,8098,9079,9125
SAUSA300_1149,16505,17874,35256,35496
SAUSA300_1150,21149,19797,34672,35553
SAUSA300_1151,3753,3648,6085,6466
SAUSA300_1152,6047,6285,10660,9586
SAUSA300_1153,1110,1202,3138,3612
SAUSA300_1154,1511,1572,2718,2685
SAUSA300_1155,1355,1467,2304,2440
SAUSA300_1156,2303,2309,4349,4412
SAUSA300_1157,2773,3018,2090,1896
SAUSA300_1158,3410,3391,2497,2487
SAUSA300_1159,5353,5669,5361,4951
SAUSA300_1160,3720,3395,4018,3890
SAUSA300_1161,4375,3984,3740,4049
SAUSA300_1162,6852,7344,7717,7656
SAUSA300_1163,3650,3032,2762,2811
SAUSA300_1164,1272,1284,1269,1200
SAUSA300_1165,3262,3190,2439,1852
SAUSA300_1166,63791,85898,58643,96780
SAUSA300_1167,5690,5552,7151,7513
SAUSA300_1168,10018,10378,6876,6599
SAUSA300_1169,2060,2106,2143,2304
SAUSA300_1170,1884,1659,2259,2000
SAUSA300_1171,1201,1266,1159,1240
SAUSA300_1172,896,881,1044,1224
SAUSA300_1173,1913,1927,2517,2532
SAUSA300_1174,2544,2409,2435,2416
SAUSA300_1175,2424,2427,2251,2490
SAUSA300_1176,2376,2197,1742,1973
SAUSA300_1177,585,635,391,400
SAUSA300_1178,24032,23256,8999,8128
SAUSA300_1179,15357,15032,14689,13820
SAUSA300_1180,5224,5357,2373,1791
SAUSA300_1181,2090,2184,2443,2370
SAUSA300_1182,4105,4428,1273,1167
SAUSA300_1183,6472,6956,2205,2234
SAUSA300_1184,256,148,196,191
SAUSA300_1185,3437,3657,2403,2180
SAUSA300_1186,2511,2939,1866,2053
SAUSA300_1187,3539,4048,2744,2995
SAUSA300_1188,644,602,601,620
SAUSA300_1189,1094,1167,1405,1411
SAUSA300_1190,687,732,941,1050
SAUSA300_1191,3692,3485,4774,5767
SAUSA300_1192,1228,1278,2883,3693
SAUSA300_1193,1491,1721,984,1098
SAUSA300_1194,445,532,205,225
SAUSA300_1195,1476,1475,971,937
SAUSA300_1196,2323,2469,1742,1400
SAUSA300_1197,3440,2920,3020,2673
SAUSA300_1198,458,595,525,423
SAUSA300_1199,564,482,603,591
SAUSA300_1200,4252,3578,2536,2437
SAUSA300_1201,7326,7849,7551,7446
SAUSA300_1202,127,46,126,91
SAUSA300_1203,237,307,284,264
SAUSA300_1204,825,800,483,559
SAUSA300_1205,116,68,107,92
SAUSA300_1206,46,30,42,54
SAUSA300_1207,61,30,38,77
SAUSA300_1208,664,490,198,216
SAUSA300_1209,174,63,161,220
SAUSA300_1210,1741,1634,1278,1211
SAUSA300_1211,1790,1545,1258,1136
SAUSA300_1212,774,766,596,484
SAUSA300_1213,828,674,499,462
SAUSA300_1214,72,74,27,25
SAUSA300_1215,1583,1423,1404,1696
SAUSA300_1216,889,855,912,896
SAUSA300_1217,25,29,24,16
SAUSA300_1218,45,33,67,26
SAUSA300_1219,274,356,218,243
SAUSA300_1220,818,664,529,502
SAUSA300_1221,478,498,639,648
SAUSA300_1222,154,93,149,228
SAUSA300_1223,1393,1458,2147,1979
SAUSA300_1224,2137,1647,2313,2591
SAUSA300_1225,814,858,121,87
SAUSA300_1226,4304,4376,466,429
SAUSA300_1227,8880,9299,1359,1203
SAUSA300_1228,5100,5345,675,700
SAUSA300_1229,8840,8652,3843,3783
SAUSA300_1230,1071,1163,1206,1245
SAUSA300_1231,1414,1551,1297,1268
SAUSA300_1232,16560,17499,7269,7551
SAUSA300_1233,55896,55750,46649,67088
SAUSA300_1234,23566,22056,40865,53661
SAUSA300_1235,411,457,1154,1177
SAUSA300_1236,1647,1677,2064,2158
SAUSA300_1237,27472,26533,8255,6942
SAUSA300_1238,3969,3745,707,716
SAUSA300_1239,13513,12351,8420,8364
SAUSA300_1240,3929,3157,6350,7246
SAUSA300_1241,815,648,1031,979
SAUSA300_1242,669,691,314,396
SAUSA300_1243,1055,1042,734,747
SAUSA300_1244,4034,3596,3289,2937
SAUSA300_1245,6329,6014,8895,9386
SAUSA300_1246,30035,30026,18922,22658
SAUSA300_1247,3071,2779,1691,1581
SAUSA300_1248,881,720,969,1063
SAUSA300_1249,2818,2781,4803,4934
SAUSA300_1250,2615,2383,2365,2369
SAUSA300_1251,2660,2627,2948,3026
SAUSA300_1252,1768,1627,2998,3357
SAUSA300_1253,419,422,219,251
SAUSA300_1254,1761,1704,2180,2361
SAUSA300_1255,1632,1690,2042,2181
SAUSA300_1256,1697,1916,706,654
SAUSA300_1257,1965,2091,3056,2333
SAUSA300_1258,12037,13148,11722,11029
SAUSA300_1259,1319,1299,197,174
SAUSA300_1260,1155,1134,818,843
SAUSA300_1261,1854,2114,1256,1261
SAUSA300_1262,25,41,38,29
SAUSA300_1263,31,53,29,25
SAUSA300_1264,20,35,41,42
SAUSA300_1265,8,15,24,28
SAUSA300_1266,15,12,35,13
SAUSA300_1267,32,72,62,55
SAUSA300_1268,161,254,214,227
SAUSA300_1269,3505,3600,2421,2436
SAUSA300_1270,5680,5625,4707,4923
SAUSA300_1271,762,854,617,571
SAUSA300_1272,1582,1640,1044,885
SAUSA300_1273,176,177,194,171
SAUSA300_1274,108,101,60,75
SAUSA300_1275,115,91,50,61
SAUSA300_1276,65,133,37,41
SAUSA300_1277,1627,1625,2685,2049
SAUSA300_1278,4739,4649,4500,4434
SAUSA300_1279,113,77,58,94
SAUSA300_1280,29,40,70,61
SAUSA300_1281,24,43,32,25
SAUSA300_1282,9,20,23,12
SAUSA300_1283,19,7,20,25
SAUSA300_1284,3532,3953,3450,3380
SAUSA300_1285,990,855,2528,2251
SAUSA300_1286,719,833,425,436
SAUSA300_1287,1223,1443,683,608
SAUSA300_1288,1315,1211,653,673
SAUSA300_1289,1319,1341,630,746
SAUSA300_1290,1909,1902,1116,1015
SAUSA300_1291,641,727,461,391
SAUSA300_1292,634,626,410,477
SAUSA300_1293,1795,1836,1763,1673
SAUSA300_1294,423,451,122,200
SAUSA300_1295,82094,67231,65421,158571
SAUSA300_1296,326,292,177,143
SAUSA300_1297,3557,3633,2601,3198
SAUSA300_1298,3055,3450,2572,2572
SAUSA300_1299,5346,6319,5259,5199
SAUSA300_1300,463,518,475,471
SAUSA300_1301,827,726,658,699
SAUSA300_1302,531,458,398,367
SAUSA300_1303,6393,6398,4872,4387
SAUSA300_1304,8779,8580,6770,6421
SAUSA300_1305,16625,16722,14973,12987
SAUSA300_1306,14003,14639,10381,10576
SAUSA300_1307,1028,1009,752,654
SAUSA300_1308,1098,1084,1109,1154
SAUSA300_1309,1647,1731,1891,1646
SAUSA300_1310,721,706,781,863
SAUSA300_1311,531,453,718,728
SAUSA300_1312,333,387,555,646
SAUSA300_1313,2705,2641,1989,1844
SAUSA300_1314,12337,11578,10728,13541
SAUSA300_1315,11974,10670,11524,12031
SAUSA300_1316,14839,13731,15781,15645
SAUSA300_1317,11771,13428,13500,13587
SAUSA300_1318,2984,2741,3260,3525
SAUSA300_1319,2772,2567,2711,2705
SAUSA300_1320,1350,1337,1397,1524
SAUSA300_1321,4957,4557,3933,4439
SAUSA300_1322,4611,4810,4621,4307
SAUSA300_1323,3946,3799,4169,3751
SAUSA300_1324,279,252,200,245
SAUSA300_1325,649,636,987,1174
SAUSA300_1326,499,378,131,149
SAUSA300_1327,538,638,289,279
SAUSA300_1328,61,100,80,80
SAUSA300_1329,55,91,202,154
SAUSA300_1330,99,96,614,470
SAUSA300_1331,178,139,1142,935
SAUSA300_1332,1312,1262,2305,2502
SAUSA300_1333,1240,1305,1474,1552
SAUSA300_1334,37,35,240,253
SAUSA300_1335,1231,1158,2276,2293
SAUSA300_1336,1139,1230,2155,2000
SAUSA300_1337,12273,13128,15856,12201
SAUSA300_1338,4807,5339,4899,4968
SAUSA300_1339,2982,2828,2693,2883
SAUSA300_1340,3980,3415,6505,6633
SAUSA300_1341,16018,19245,28553,27101
SAUSA300_1342,1402,1197,436,421
SAUSA300_1343,2325,2274,774,799
SAUSA300_1344,1824,2190,704,613
SAUSA300_1345,3161,3199,7424,7233
SAUSA300_1346,2121,2088,1586,1575
SAUSA300_1347,1938,2133,1561,1231
SAUSA300_1348,1368,1368,784,826
SAUSA300_1349,1643,1683,832,913
SAUSA300_1350,892,750,353,350
SAUSA300_1351,37663,44587,32862,41912
SAUSA300_1352,411,409,493,456
SAUSA300_1353,502,555,451,628
SAUSA300_1354,2127,2386,2582,2463
SAUSA300_1355,1618,1613,1614,1587
SAUSA300_1356,772,759,766,843
SAUSA300_1357,991,1000,778,999
SAUSA300_1358,7117,6656,9444,10024
SAUSA300_1359,3943,3804,2558,2627
SAUSA300_1360,4648,4041,3260,2999
SAUSA300_1361,963,1090,578,638
SAUSA300_1362,100520,134186,63062,155986
SAUSA300_1363,4640,4609,5143,5263
SAUSA300_1364,4765,4835,4790,4840
SAUSA300_1365,53218,51116,40692,38653
SAUSA300_1366,110,176,113,174
SAUSA300_1367,3147,4049,1971,1782
SAUSA300_1368,461,438,817,793
SAUSA300_1369,1141,1007,1087,1099
SAUSA300_1370,12465,16443,12267,11295
SAUSA300_1371,1460,1623,1163,1051
SAUSA300_1372,1463,1307,750,641
SAUSA300_1373,29492,27271,5845,6189
SAUSA300_1374,8514,9813,3110,2741
SAUSA300_1375,226,208,89,108
SAUSA300_1376,223,306,109,71
SAUSA300_1377,39,10,11,42
SAUSA300_1378,32,57,31,36
SAUSA300_1379,12,16,7,7
SAUSA300_1380,18,27,30,36
SAUSA300_1381,364,424,425,459
SAUSA300_1382,143,202,170,287
SAUSA300_1383,23,19,24,18
SAUSA300_1384,1,1,10,3
SAUSA300_1385,40,45,31,15
SAUSA300_1386,17,0,9,13
SAUSA300_1387,5,17,7,11
SAUSA300_1388,9,18,14,12
SAUSA300_1389,49,43,46,45
SAUSA300_1390,43,51,26,15
SAUSA300_1391,24,27,21,15
SAUSA300_1392,21,16,22,22
SAUSA300_1393,44,55,48,53
SAUSA300_1394,0,2,4,2
SAUSA300_1395,1,8,3,0
SAUSA300_1396,145,113,115,112
SAUSA300_1397,95,49,56,63
SAUSA300_1398,28,45,25,31
SAUSA300_1399,6,0,22,9
SAUSA300_1400,14,22,47,35
SAUSA300_1401,17,15,25,29
SAUSA300_1402,30,7,32,19
SAUSA300_1403,27,57,49,55
SAUSA300_1404,25,19,29,18
SAUSA300_1405,0,18,13,6
SAUSA300_1406,2,1,1,2
SAUSA300_1407,238,205,140,206
SAUSA300_1408,109,127,98,65
SAUSA300_1409,69,65,47,85
SAUSA300_1410,58,56,73,75
SAUSA300_1411,21,12,46,45
SAUSA300_1412,36,17,49,34
SAUSA300_1413,21,19,18,52
SAUSA300_1414,19,5,10,16
SAUSA300_1415,0,32,12,4
SAUSA300_1416,1,0,9,17
SAUSA300_1417,16,2,9,21
SAUSA300_1418,3,2,6,7
SAUSA300_1419,8,12,18,64
SAUSA300_1420,15,14,7,9
SAUSA300_1421,4,1,3,13
SAUSA300_1422,10,0,4,0
SAUSA300_1423,11,4,13,5
SAUSA300_1424,15,17,14,29
SAUSA300_1425,13,8,13,7
SAUSA300_1426,2,1,4,4
SAUSA300_1427,7,11,19,15
SAUSA300_1428,3,3,6,2
SAUSA300_1429,14,31,18,29
SAUSA300_1430,4,0,9,3
SAUSA300_1431,4,11,14,1
SAUSA300_1432,1414,1064,1807,2250
SAUSA300_1433,12,25,40,2
SAUSA300_1434,1282,1230,1087,1050
SAUSA300_1435,2255,2219,1798,2002
SAUSA300_1436,1661,2234,1785,1797
SAUSA300_1437,1403,1096,1362,1610
SAUSA300_1438,232,262,143,188
SAUSA300_1439,123,108,96,84
SAUSA300_1440,188,312,158,164
SAUSA300_1441,1799,1848,2479,2508
SAUSA300_1442,5386,4579,8104,8491
SAUSA300_1443,2049,1981,2249,1957
SAUSA300_1444,1505,1376,1281,1215
SAUSA300_1445,793,807,811,891
SAUSA300_1446,218,217,176,164
SAUSA300_1447,5379,5633,2286,2364
SAUSA300_1448,10965,10596,7154,7272
SAUSA300_1449,661,784,811,1014
SAUSA300_1450,2168,2223,3392,3406
SAUSA300_1451,580,500,510,444
SAUSA300_1452,5035,5221,2342,2123
SAUSA300_1453,1513,1387,742,783
SAUSA300_1454,8403,9077,4424,3906
SAUSA300_1455,3834,3752,2778,2539
SAUSA300_1456,1225,1352,2022,1808
SAUSA300_1457,427,469,490,527
SAUSA300_1458,3680,3943,3339,3133
SAUSA300_1459,11374,11406,13982,14086
SAUSA300_1460,1600,1434,1076,1084
SAUSA300_1461,302,279,208,211
SAUSA300_1462,1188,1137,957,951
SAUSA300_1463,2611,2839,2358,2147
SAUSA300_1464,4027,4107,4505,4716
SAUSA300_1465,4597,4810,5206,4955
SAUSA300_1466,5227,5012,6164,5736
SAUSA300_1467,2197,2216,2474,2543
SAUSA300_1468,1881,1725,2379,2274
SAUSA300_1469,1465,1340,1798,1451
SAUSA300_1470,5081,4791,6069,5602
SAUSA300_1471,4874,4588,6090,5459
SAUSA300_1472,3840,3982,4447,4333
SAUSA300_1473,6452,6380,7371,6525
SAUSA300_1474,4425,4838,6915,5953
SAUSA300_1475,4128,4318,7176,6334
SAUSA300_1476,4622,5105,8247,6914
SAUSA300_1477,2269,2335,1921,2270
SAUSA300_1478,992,947,1128,1221
SAUSA300_1479,71,65,74,57
SAUSA300_1480,36,33,60,58
SAUSA300_1481,111,116,120,109
SAUSA300_1482,8,14,10,6
SAUSA300_1483,44,37,64,57
SAUSA300_1484,25,15,31,32
SAUSA300_1485,48,28,44,41
SAUSA300_1486,35,23,24,31
SAUSA300_1487,42,20,33,42
SAUSA300_1488,80,30,59,59
SAUSA300_1489,145,186,126,143
SAUSA300_1490,20089,19660,31948,32164
SAUSA300_1491,3275,3457,4017,4310
SAUSA300_1492,1707,1963,1067,953
SAUSA300_1493,2017,2268,1380,1128
SAUSA300_1494,9638,9339,6370,4501
SAUSA300_1495,4802,5922,7722,7068
SAUSA300_1496,16762,17099,30654,31260
SAUSA300_1497,11518,12381,19366,20549
SAUSA300_1498,7071,6662,10479,11395
SAUSA300_1499,5172,4221,2293,4044
SAUSA300_1500,33,55,27,23
SAUSA300_1501,24,6,24,47
SAUSA300_1502,12,21,15,11
SAUSA300_1503,31,8,27,20
SAUSA300_1504,97,93,76,88
SAUSA300_1505,2982,3060,5715,6650
SAUSA300_1506,1733,1633,3451,3882
SAUSA300_1507,2119,1913,3889,4539
SAUSA300_1508,1088,742,2159,2434
SAUSA300_1509,781,672,1377,1505
SAUSA300_1510,771,767,977,1160
SAUSA300_1511,3746,3669,7514,7089
SAUSA300_1512,2627,2617,2936,2433
SAUSA300_1513,28920,27416,9428,9269
SAUSA300_1514,392,440,584,701
SAUSA300_1515,637,590,903,962
SAUSA300_1516,698,510,950,991
SAUSA300_1517,2456,2748,2955,2969
SAUSA300_1518,1629,1693,1652,1654
SAUSA300_1519,1457,1339,1087,1108
SAUSA300_1520,1097,993,743,757
SAUSA300_1521,9145,9318,8897,7422
SAUSA300_1522,3431,3778,2437,2290
SAUSA300_1523,2129,2125,2605,2198
SAUSA300_1524,1072,1024,995,788
SAUSA300_1525,4085,3954,8342,8515
SAUSA300_1526,1553,1550,1607,1675
SAUSA300_1527,2090,2077,2372,2387
SAUSA300_1528,1826,2019,2037,1754
SAUSA300_1529,797,726,668,704
SAUSA300_1530,1518,1305,1260,1509
SAUSA300_1531,2153,2068,1751,1428
SAUSA300_1532,11610,11263,18142,16200
SAUSA300_1533,16655,17240,24554,26022
SAUSA300_1534,5304,5403,8582,8144
SAUSA300_1535,73470,48557,44158,40815
SAUSA300_1536,2488,2602,2398,2348
SAUSA300_1537,513,398,418,485
SAUSA300_1538,1618,1439,1992,2110
SAUSA300_1539,901,967,1397,1542
SAUSA300_1540,8828,9263,12614,12595
SAUSA300_1541,3609,3353,5299,5013
SAUSA300_1542,1082,1034,1237,1421
SAUSA300_1543,247,241,209,240
SAUSA300_1544,1969,1992,2298,2227
SAUSA300_1545,7484,5265,27548,32620
SAUSA300_1546,486,466,342,316
SAUSA300_1547,81,67,68,62
SAUSA300_1548,1181,1068,921,847
SAUSA300_1549,465,475,356,337
SAUSA300_1550,4437,3990,3352,3657
SAUSA300_1551,6885,7234,6778,6728
SAUSA300_1552,1438,1298,2129,2511
SAUSA300_1553,1509,1436,2572,2869
SAUSA300_1554,984,820,1513,1593
SAUSA300_1555,1210,1090,2068,2109
SAUSA300_1556,1495,1560,2904,2711
SAUSA300_1557,896,764,1448,1550
SAUSA300_1558,732,717,1092,1098
SAUSA300_1559,59,102,30,41
SAUSA300_1560,267,277,142,140
SAUSA300_1561,1092,1118,2300,2810
SAUSA300_1562,1229,1308,2680,3861
SAUSA300_1563,1679,1708,3503,4460
SAUSA300_1564,1466,1421,2965,4119
SAUSA300_1565,1243,1199,2408,3134
SAUSA300_1566,1102,1219,2635,3667
SAUSA300_1567,10860,9989,15814,14423
SAUSA300_1568,5109,5046,6222,5990
SAUSA300_1569,4500,4575,4693,4614
SAUSA300_1570,2173,2010,1442,1647
SAUSA300_1571,990,1026,616,594
SAUSA300_1572,36729,32447,22035,18197
SAUSA300_1573,16828,18378,9245,9627
SAUSA300_1574,17242,15158,8319,8697
SAUSA300_1575,2476,2658,2599,2790
SAUSA300_1576,1698,1857,1436,1508
SAUSA300_1577,863,807,630,645
SAUSA300_1578,2704,2663,1833,1875
SAUSA300_1579,1700,1782,1037,1084
SAUSA300_1580,603,652,239,184
SAUSA300_1581,15602,15550,16726,15046
SAUSA300_1582,22558,24979,23246,20304
SAUSA300_1583,5265,5582,4549,3528
SAUSA300_1584,1605,1755,2393,2095
SAUSA300_1585,1035,1123,1555,1797
SAUSA300_1586,2204,1921,5828,6107
SAUSA300_1587,890,956,1987,2160
SAUSA300_1588,7097,6957,5208,5245
SAUSA300_1589,6404,6503,4236,4654
SAUSA300_1590,5473,5482,3536,3448
SAUSA300_1591,881,683,1144,1068
SAUSA300_1592,600,512,878,887
SAUSA300_1593,3353,3495,4539,4255
SAUSA300_1594,12686,12180,18983,18575
SAUSA300_1595,1937,2117,4381,4702
SAUSA300_1596,1305,1410,1904,2183
SAUSA300_1597,2361,2731,3814,4083
SAUSA300_1598,1597,1821,2331,2691
SAUSA300_1599,1487,1218,1992,2620
SAUSA300_1600,2237,2386,2962,3212
SAUSA300_1601,41328,40031,54172,62047
SAUSA300_1602,9187,8224,10138,13641
SAUSA300_1603,24461,25775,36741,41836
SAUSA300_1604,1057,1099,1036,1410
SAUSA300_1605,1774,1654,2212,2287
SAUSA300_1606,1278,1305,2552,2208
SAUSA300_1607,1665,1226,1742,1989
SAUSA300_1608,81,84,70,92
SAUSA300_1609,112,60,48,36
SAUSA300_1610,2580,2487,4658,4787
SAUSA300_1611,2131,2091,4332,4364
SAUSA300_1612,1263,1272,595,609
SAUSA300_1613,1467,1595,1759,1846
SAUSA300_1614,2487,2362,4872,4511
SAUSA300_1615,1513,1253,2792,2521
SAUSA300_1616,442,346,726,589
SAUSA300_1617,3123,3237,2859,3027
SAUSA300_1618,928,810,562,695
SAUSA300_1619,3263,3077,5564,5167
SAUSA300_1620,291,282,372,401
SAUSA300_1621,10826,12114,12639,11554
SAUSA300_1622,10369,11245,22183,21396
SAUSA300_1623,787,803,687,672
SAUSA300_1624,1002,1005,913,898
SAUSA300_1625,6408,6166,10819,12025
SAUSA300_1626,7061,7205,13055,14086
SAUSA300_1627,12963,15443,25392,21010
SAUSA300_1628,545,499,873,1121
SAUSA300_1629,10487,10069,5020,5212
SAUSA300_1630,3283,3272,2744,2890
SAUSA300_1631,2425,2404,1748,1667
SAUSA300_1632,2523,2368,1915,2060
SAUSA300_1633,2435,2540,3473,3150
SAUSA300_1634,3227,3641,3039,3206
SAUSA300_1635,2052,2297,2031,2319
SAUSA300_1636,1421,1265,1155,1225
SAUSA300_1637,125,114,107,92
SAUSA300_1638,2054,2040,1325,1134
SAUSA300_1639,1842,1797,1136,1008
SAUSA300_1640,26945,26788,16933,18541
SAUSA300_1641,11922,12881,5275,6072
SAUSA300_1642,3187,3140,4102,4052
SAUSA300_1643,50,56,86,100
SAUSA300_1644,7420,6852,12428,13708
SAUSA300_1645,3318,3516,3158,3678
SAUSA300_1646,5776,5304,4339,4589
SAUSA300_1647,5422,4805,4283,4335
SAUSA300_1648,5310,4861,4754,4977
SAUSA300_1649,1567,1524,1190,1206
SAUSA300_1650,1944,1885,1546,1487
SAUSA300_1651,1760,1681,1284,1274
SAUSA300_1652,16539,18594,29384,28600
SAUSA300_1653,1997,1745,2740,2823
SAUSA300_1654,4614,4410,3817,3429
SAUSA300_1655,7746,7060,11676,13516
SAUSA300_1656,66820,64618,52043,83374
SAUSA300_1657,4909,4405,6155,6133
SAUSA300_1658,835,932,617,637
SAUSA300_1659,11907,13045,11105,11298
SAUSA300_1660,103,89,144,214
SAUSA300_1661,172,166,285,291
SAUSA300_1662,95,120,113,137
SAUSA300_1663,92,65,71,125
SAUSA300_1664,3852,3529,5549,6242
SAUSA300_1665,1069,899,1513,1372
SAUSA300_1666,15011,16464,41390,41579
SAUSA300_1667,343,438,325,334
SAUSA300_1668,1639,1832,916,771
SAUSA300_1669,587,669,413,395
SAUSA300_1670,870,835,625,466
SAUSA300_1671,972,912,574,612
SAUSA300_1672,1164,1121,1807,1947
SAUSA300_1673,694,604,968,1208
SAUSA300_1674,3161,3414,6521,5733
SAUSA300_1675,540,456,1373,1452
SAUSA300_1676,513,517,325,301
SAUSA300_1677,8924,10573,3136,2709
SAUSA300_1678,20210,19440,28891,27208
SAUSA300_1679,2758,2796,3978,4236
SAUSA300_1680,1810,1703,1268,1267
SAUSA300_1681,1503,1381,1230,1250
SAUSA300_1682,4410,3980,4967,4710
SAUSA300_1683,3734,4023,2490,3111
SAUSA300_1684,9901,12899,9389,7815
SAUSA300_1685,15078,15201,34268,32453
SAUSA300_1686,2095,1879,2717,2993
SAUSA300_1687,3307,3488,4574,4402
SAUSA300_1688,2705,1993,3249,2925
SAUSA300_1689,1911,1757,2072,2237
SAUSA300_1690,3308,2628,3103,3380
SAUSA300_1691,2098,2213,2184,2118
SAUSA300_1692,1528,901,886,961
SAUSA300_1693,2105,2276,1093,1084
SAUSA300_1694,8111,8512,6345,6157
SAUSA300_1695,12953,12802,10116,9168
SAUSA300_1696,14796,15079,12294,12181
SAUSA300_1697,11243,11258,8573,8497
SAUSA300_1698,3935,4796,7701,7310
SAUSA300_1699,2016,1986,4063,3785
SAUSA300_1700,1139,1141,1823,1871
SAUSA300_1701,1043,1285,1051,1088
SAUSA300_1702,473,569,234,238
SAUSA300_1703,1433,1256,2632,3357
SAUSA300_1704,1214,1128,2212,2444
SAUSA300_1705,817,866,1060,999
SAUSA300_1706,738,830,689,715
SAUSA300_1707,773,824,766,775
SAUSA300_1708,6185,4565,7986,10079
SAUSA300_1709,46,20,41,20
SAUSA300_1710,2596,2298,2022,2119
SAUSA300_1711,1781,1698,6319,6970
SAUSA300_1712,375,209,430,491
SAUSA300_1713,334,279,233,323
SAUSA300_1714,196,171,153,244
SAUSA300_1715,309,312,226,335
SAUSA300_1716,145,132,139,173
SAUSA300_1717,101,104,124,139
SAUSA300_1718,129,147,203,215
SAUSA300_1719,411,557,855,737
SAUSA300_1720,6412,6672,4306,3792
SAUSA300_1721,1182,1204,624,547
SAUSA300_1722,169,129,144,169
SAUSA300_1723,517,523,246,248
SAUSA300_1724,46,52,56,69
SAUSA300_1725,17755,17276,6429,5667
SAUSA300_1726,181,120,159,154
SAUSA300_1727,24,15,25,27
SAUSA300_1728,792,738,1314,1288
SAUSA300_1729,2797,2734,2413,2482
SAUSA300_1730,5812,6544,8034,8266
SAUSA300_1731,10149,10071,15349,15459
SAUSA300_1732,1907,1943,2187,2075
SAUSA300_1733,1456,1532,1043,1071
SAUSA300_1734,319,466,212,329
SAUSA300_1735,931,1054,763,821
SAUSA300_1736,2891,3059,1326,1610
SAUSA300_1737,586,630,503,543
SAUSA300_1738,292,371,130,159
SAUSA300_1739,4923,5234,11079,10432
SAUSA300_1740,9354,10404,19392,17201
SAUSA300_1741,245,202,765,681
SAUSA300_1742,296,323,1273,1101
SAUSA300_1743,284,219,717,1000
SAUSA300_1744,249,302,665,614
SAUSA300_1745,312,310,137,164
SAUSA300_1746,135,20,35,69
SAUSA300_1747,278,308,161,201
SAUSA300_1748,227,287,155,222
SAUSA300_1749,145,158,182,224
SAUSA300_1750,111,107,151,162
SAUSA300_1751,444,420,642,653
SAUSA300_1752,472,576,629,672
SAUSA300_1753,96,61,83,64
SAUSA300_1754,71,30,73,51
SAUSA300_1755,36,75,70,46
SAUSA300_1756,41,9,60,60
SAUSA300_1757,28,22,47,60
SAUSA300_1758,29,40,83,79
SAUSA300_1759,15,36,14,25
SAUSA300_1760,283,276,169,162
SAUSA300_1761,348,429,360,324
SAUSA300_1762,521,431,790,607
SAUSA300_1763,202,148,232,236
SAUSA300_1764,56,66,47,43
SAUSA300_1765,63,57,42,50
SAUSA300_1766,49,51,34,35
SAUSA300_1767,503,694,669,668
SAUSA300_1768,17,6,16,14
SAUSA300_1769,10,11,15,7
SAUSA300_1770,253,197,165,120
SAUSA300_1771,848,871,434,537
SAUSA300_1772,36681,47521,43764,78834
SAUSA300_1773,4504,5263,5306,5992
SAUSA300_1774,4467,7344,6702,9122
SAUSA300_1775,58259,74096,63887,106840
SAUSA300_1776,14056,22166,11406,8588
SAUSA300_1777,33027,63310,66512,152599
SAUSA300_1778,125242,79363,66672,174341
SAUSA300_1779,10362,16485,23554,36432
SAUSA300_1780,776,798,1198,1114
SAUSA300_1781,2492,2453,3014,3238
SAUSA300_1782,980,1026,1241,1539
SAUSA300_1783,1199,1245,1400,1556
SAUSA300_1784,6076,7119,10840,10566
SAUSA300_1785,2193,2267,2733,2957
SAUSA300_1786,3974,4576,4477,4390
SAUSA300_1787,3752,3605,2700,3129
SAUSA300_1788,12977,12713,15100,14622
SAUSA300_1789,87,79,112,131
SAUSA300_1790,20055,21581,28310,38977
SAUSA300_1791,8375,8882,10788,10491
SAUSA300_1792,5173,5438,5762,5109
SAUSA300_1793,3587,3682,2649,2488
SAUSA300_1794,0,0,48,9
SAUSA300_1795,27773,30075,45386,43490
SAUSA300_1796,793,741,432,478
SAUSA300_1797,1977,1843,2144,2100
SAUSA300_1798,804,1095,750,576
SAUSA300_1799,687,739,504,526
SAUSA300_1800,1264,1204,1619,1516
SAUSA300_1801,4069,3786,5256,5526
SAUSA300_1802,482,611,519,392
SAUSA300_1803,11516,9528,10687,10183
SAUSA300_1804,12056,11365,14459,11780
SAUSA300_1805,589,539,774,640
SAUSA300_1806,425,423,726,713
SAUSA300_1807,112,159,156,129
SAUSA300_1808,47,75,55,65
SAUSA300_1809,822,634,992,1045
SAUSA300_1810,90,85,202,174
SAUSA300_1811,20107,25563,54879,69895
SAUSA300_1812,8812,15230,17097,27934
SAUSA300_1813,17058,26013,35139,49146
SAUSA300_1814,26391,41058,35016,57928
SAUSA300_1815,15871,16170,20509,32048
SAUSA300_1816,15792,21810,18591,20262
SAUSA300_1817,27110,34829,33801,52755
SAUSA300_1818,4940,6644,8800,12797
SAUSA300_1819,4150,5819,5601,5714
SAUSA300_1820,50325,99661,67437,180184
SAUSA300_1821,130065,79085,66851,174438
SAUSA300_1822,18509,25482,31190,43356
SAUSA300_1823,139418,193927,67657,180913
SAUSA300_1824,133461,84423,67010,175071
SAUSA300_1825,135549,227120,66331,174950
SAUSA300_1826,9080,10597,7789,6283
SAUSA300_1827,15140,14723,22906,21605
SAUSA300_1828,140435,238097,67917,182143
SAUSA300_1829,16889,26294,40463,87430
SAUSA300_1830,9053,11230,18611,23550
SAUSA300_1831,36654,47049,64753,81897
SAUSA300_1832,139886,237878,67710,181499
SAUSA300_1833,7052,10195,8342,14110
SAUSA300_1834,13951,18955,3428,22433
SAUSA300_1835,9076,13067,15354,16124
SAUSA300_1836,140023,237088,67730,181412
SAUSA300_1837,6373,5308,11651,14567
SAUSA300_1838,211,196,306,686
SAUSA300_1839,140761,238752,68194,182471
SAUSA300_1840,5252,4163,7439,11312
SAUSA300_1841,68,46,159,254
SAUSA300_1842,27032,27912,12787,14255
SAUSA300_1843,4385,4788,2429,2459
SAUSA300_1844,3692,3344,1930,2101
SAUSA300_1845,4666,4409,3453,3037
SAUSA300_1846,1675,2006,1003,1016
SAUSA300_1847,268,265,161,199
SAUSA300_1848,1796,1668,1004,848
SAUSA300_1849,518,539,350,270
SAUSA300_1850,4742,4918,3637,3490
SAUSA300_1851,2029,1942,1230,1365
SAUSA300_1852,1940,1927,1095,1026
SAUSA300_1853,2809,2805,1843,1510
SAUSA300_1854,904,1035,601,623
SAUSA300_1855,2634,2651,1725,1667
SAUSA300_1856,5689,5351,4177,4021
SAUSA300_1857,1230,942,846,776
SAUSA300_1858,740,665,502,430
SAUSA300_1859,5328,5068,4943,5119
SAUSA300_1860,3100,3123,2949,2609
SAUSA300_1861,2695,3239,1714,1872
SAUSA300_1862,6711,6575,8493,7704
SAUSA300_1863,8591,7956,10114,10373
SAUSA300_1864,1314,1312,2604,2196
SAUSA300_1865,3126,2869,4032,4028
SAUSA300_1866,2391,2324,2982,2730
SAUSA300_1867,1181,1055,905,1111
SAUSA300_1868,1049,1087,852,848
SAUSA300_1869,5547,5058,3225,3293
SAUSA300_1870,747,789,510,511
SAUSA300_1871,91,152,57,82
SAUSA300_1872,3687,3498,2994,2943
SAUSA300_1873,2043,2053,1415,1417
SAUSA300_1874,15950,17817,1244,1153
SAUSA300_1875,1944,2396,493,652
SAUSA300_1876,630,557,382,359
SAUSA300_1877,3395,3555,1257,1258
SAUSA300_1878,291,271,410,426
SAUSA300_1879,1309,1250,758,743
SAUSA300_1880,8219,8073,15197,14935
SAUSA300_1881,5781,5299,8066,7411
SAUSA300_1882,7058,6631,6794,6936
SAUSA300_1883,1202,1111,4089,4556
SAUSA300_1884,2201,2235,2834,2792
SAUSA300_1885,1070,1111,1529,1455
SAUSA300_1886,815,838,1051,1019
SAUSA300_1887,347,367,372,368
SAUSA300_1888,5930,5118,5063,5202
SAUSA300_1889,4395,4718,5012,4418
SAUSA300_1890,299,381,416,448
SAUSA300_1891,4880,4406,4779,5377
SAUSA300_1892,2049,1726,2022,2300
SAUSA300_1893,1527,1686,1903,1981
SAUSA300_1894,721,673,788,922
SAUSA300_1895,955,1013,1686,1357
SAUSA300_1896,1339,1420,1657,1642
SAUSA300_1897,1539,1518,1204,1307
SAUSA300_1898,539,524,559,580
SAUSA300_1899,4644,4421,3860,3480
SAUSA300_1900,10672,11018,13242,13168
SAUSA300_1901,2668,2402,1440,1186
SAUSA300_1902,1556,1473,1628,1660
SAUSA300_1903,874,1342,507,449
SAUSA300_1904,11829,9984,9934,10008
SAUSA300_1905,231,316,285,255
SAUSA300_1906,4979,4816,3009,3197
SAUSA300_1907,3813,4213,3290,2614
SAUSA300_1908,2808,2825,2146,2067
SAUSA300_1909,3362,3164,5230,5141
SAUSA300_1910,449,402,461,538
SAUSA300_1911,1086,1263,1168,1232
SAUSA300_1912,393,287,296,321
SAUSA300_1913,827,714,628,776
SAUSA300_1914,575,526,457,557
SAUSA300_1915,314,237,373,519
SAUSA300_1916,3664,3617,3812,3966
SAUSA300_1917,361,310,1267,1215
SAUSA300_1918,151,96,71,145
SAUSA300_1919,5155,5347,13433,11800
SAUSA300_1920,187,178,8598,7683
SAUSA300_1921,724,679,1062,1018
SAUSA300_1922,537,464,792,619
SAUSA300_1923,222,180,150,103
SAUSA300_1924,120,127,86,146
SAUSA300_1925,317,359,298,306
SAUSA300_1926,258,145,135,196
SAUSA300_1927,51,92,74,47
SAUSA300_1928,257,223,317,281
SAUSA300_1929,104,140,166,103
SAUSA300_1930,313,312,378,292
SAUSA300_1931,684,475,553,411
SAUSA300_1932,1275,1606,1258,756
SAUSA300_1933,320,381,285,399
SAUSA300_1934,486,511,502,510
SAUSA300_1935,513,542,659,548
SAUSA300_1936,270,222,216,197
SAUSA300_1937,658,877,858,726
SAUSA300_1938,732,767,719,501
SAUSA300_1939,765,760,937,807
SAUSA300_1940,152,188,271,166
SAUSA300_1941,131,154,205,171
SAUSA300_1942,208,231,558,251
SAUSA300_1943,152,143,388,244
SAUSA300_1944,623,506,1458,814
SAUSA300_1945,179,175,251,205
SAUSA300_1946,370,259,511,373
SAUSA300_1947,193,117,329,306
SAUSA300_1948,69,39,173,167
SAUSA300_1949,279,372,660,462
SAUSA300_1950,101,143,170,226
SAUSA300_1951,152,287,398,330
SAUSA300_1952,196,156,339,176
SAUSA300_1953,179,192,350,204
SAUSA300_1954,333,329,491,380
SAUSA300_1955,186,356,557,306
SAUSA300_1956,258,230,355,201
SAUSA300_1957,189,233,505,339
SAUSA300_1958,222,241,516,352
SAUSA300_1959,402,469,719,469
SAUSA300_1960,583,576,891,575
SAUSA300_1961,308,333,575,341
SAUSA300_1962,572,483,1170,686
SAUSA300_1963,421,298,981,837
SAUSA300_1964,909,947,1851,954
SAUSA300_1965,2795,2122,3789,5207
SAUSA300_1966,1310,1658,2889,1905
SAUSA300_1967,479,476,1019,814
SAUSA300_1968,514,582,989,753
SAUSA300_1969,3040,3398,2521,2307
SAUSA300_1970,1224,1060,1022,1050
SAUSA300_1971,1244,1210,1032,1095
SAUSA300_1972,248,246,191,174
SAUSA300_1973,329,230,295,324
SAUSA300_1974,361,330,363,320
SAUSA300_1975,237,253,386,355
SAUSA300_1976,569,624,390,379
SAUSA300_1977,947,802,814,919
SAUSA300_1978,517,682,727,788
SAUSA300_1979,684,643,402,399
SAUSA300_1980,298,295,230,207
SAUSA300_1981,42,8,249,91
SAUSA300_1982,4521,4206,6412,6505
SAUSA300_1983,3748,3475,4702,4637
SAUSA300_1984,940,903,1113,1426
SAUSA300_1985,2043,2258,973,733
SAUSA300_1986,329,343,282,252
SAUSA300_1987,1103,995,471,382
SAUSA300_1988,395,502,286,216
SAUSA300_1989,1153,1134,1007,827
SAUSA300_1990,972,765,519,624
SAUSA300_1991,1742,1615,1361,1090
SAUSA300_1992,4057,3957,3604,2848
SAUSA300_1993,1893,1767,2292,2446
SAUSA300_1994,1655,1718,1868,1713
SAUSA300_1995,475,587,728,648
SAUSA300_1996,18,10,10,14
SAUSA300_1997,66,29,34,93
SAUSA300_1998,35,36,45,43
SAUSA300_1999,8721,8874,11021,10479
SAUSA300_2000,319,384,596,555
SAUSA300_2001,164,150,197,205
SAUSA300_2002,1425,1669,1388,1449
SAUSA300_2003,741,744,554,473
SAUSA300_2004,871,936,540,572
SAUSA300_2005,708,809,414,311
SAUSA300_2006,103,114,82,71
SAUSA300_2007,139,156,103,90
SAUSA300_2008,88,125,51,46
SAUSA300_2009,231,272,228,166
SAUSA300_2010,169,165,180,130
SAUSA300_2011,140,154,150,110
SAUSA300_2012,257,255,198,202
SAUSA300_2013,297,274,232,200
SAUSA300_2014,176,150,136,131
SAUSA300_2015,7121,5846,11429,14695
SAUSA300_2016,197,202,290,672
SAUSA300_2017,98,84,180,251
SAUSA300_2018,51395,66809,63427,109656
SAUSA300_2019,2670,3214,4813,4888
SAUSA300_2020,1147,1019,1176,1161
SAUSA300_2021,1016,1025,1094,1188
SAUSA300_2022,4569,4264,6726,5802
SAUSA300_2023,3880,3875,7635,6306
SAUSA300_2024,1629,1660,2860,2994
SAUSA300_2025,2446,2141,2331,2316
SAUSA300_2026,2998,3097,2600,2614
SAUSA300_2027,2416,2578,2889,3052
SAUSA300_2028,1536,1642,2141,1846
SAUSA300_2029,1290,1143,1606,1554
SAUSA300_2030,1451,1477,1536,1535
SAUSA300_2031,450,412,348,440
SAUSA300_2032,291,349,477,378
SAUSA300_2033,89,81,89,80
SAUSA300_2034,23,17,12,13
SAUSA300_2035,65,67,63,64
SAUSA300_2036,103,152,108,84
SAUSA300_2037,4430,5110,5282,5127
SAUSA300_2038,3961,4203,5516,4974
SAUSA300_2039,4263,4267,5004,4590
SAUSA300_2040,2736,2840,2128,2047
SAUSA300_2041,10639,7905,11349,10918
SAUSA300_2042,653,515,515,465
SAUSA300_2043,1051,1157,1016,999
SAUSA300_2044,619,633,733,720
SAUSA300_2045,811,664,825,882
SAUSA300_2046,3772,3690,7045,7632
SAUSA300_2047,190,212,314,380
SAUSA300_2048,110,154,289,289
SAUSA300_2049,83,77,190,175
SAUSA300_2050,42,70,95,92
SAUSA300_2051,59,83,111,95
SAUSA300_2052,397,590,365,193
SAUSA300_2053,806,837,622,630
SAUSA300_2054,1599,1641,2569,2663
SAUSA300_2055,2087,2180,3565,3477
SAUSA300_2056,567,417,679,947
SAUSA300_2057,18103,17636,53153,68471
SAUSA300_2058,15252,15960,47929,54734
SAUSA300_2059,10630,10931,36542,39811
SAUSA300_2060,13152,13573,40735,47328
SAUSA300_2061,4391,4579,14865,16873
SAUSA300_2062,15717,18431,47114,58344
SAUSA300_2063,9036,9454,35596,38560
SAUSA300_2064,9500,9802,25959,36514
SAUSA300_2065,6028,6873,11765,11213
SAUSA300_2066,8181,7596,12939,12697
SAUSA300_2067,9065,8744,15414,15815
SAUSA300_2068,7032,6612,12070,12502
SAUSA300_2069,1767,1638,1385,1317
SAUSA300_2070,1571,1616,1521,1542
SAUSA300_2071,1701,1674,2013,2272
SAUSA300_2072,2390,2399,3422,3311
SAUSA300_2073,1766,1586,1706,1634
SAUSA300_2074,56990,57573,51857,72809
SAUSA300_2075,3606,3445,4625,4633
SAUSA300_2076,4013,4080,4069,3443
SAUSA300_2077,6863,5961,5991,5361
SAUSA300_2078,1889,1856,2296,2238
SAUSA300_2079,15018,15958,28111,22862
SAUSA300_2080,671,661,663,661
SAUSA300_2081,1005,772,3860,3723
SAUSA300_2082,4857,4775,12231,11228
SAUSA300_2083,559,661,1301,1412
SAUSA300_2084,404,467,1648,1651
SAUSA300_2085,2473,2012,1932,1905
SAUSA300_2086,328,209,351,387
SAUSA300_2087,249,246,190,176
SAUSA300_2088,1489,1383,2743,2763
SAUSA300_2089,9852,10656,16351,17213
SAUSA300_2090,9979,9846,16661,17778
SAUSA300_2091,4315,3800,16641,16172
SAUSA300_2092,132286,212789,18794,18381
SAUSA300_2093,900,865,1673,1306
SAUSA300_2094,1647,1636,821,812
SAUSA300_2095,3154,3365,3498,2480
SAUSA300_2096,3017,2930,2792,2574
SAUSA300_2097,527,622,870,864
SAUSA300_2098,584,723,765,546
SAUSA300_2099,719,624,1044,1020
SAUSA300_2100,940,966,1412,1336
SAUSA300_2101,309,306,213,223
SAUSA300_2102,1694,1583,1317,1540
SAUSA300_2103,389,490,275,287
SAUSA300_2104,3466,3405,2663,2905
SAUSA300_2105,181,216,232,228
SAUSA300_2106,201,208,343,348
SAUSA300_2107,589,727,800,710
SAUSA300_2108,578,526,548,632
SAUSA300_2109,359,387,195,184
SAUSA300_2110,124,141,130,119
SAUSA300_2111,6113,5858,8023,7610
SAUSA300_2112,3208,3315,3550,3552
SAUSA300_2113,2004,1787,1992,2326
SAUSA300_2114,1941,1885,1863,2226
SAUSA300_2115,91,79,163,161
SAUSA300_2116,4522,6348,6935,17775
SAUSA300_2117,138786,234947,67179,179851
SAUSA300_2118,11217,9641,22055,29337
SAUSA300_2119,140063,237640,67851,181434
SAUSA300_2120,3430,4162,5601,5660
SAUSA300_2121,4286,7422,9502,9954
SAUSA300_2122,6671,5599,11447,14463
SAUSA300_2123,177,160,273,633
SAUSA300_2124,64,48,156,288
SAUSA300_2125,2297,2075,1673,1796
SAUSA300_2126,589,641,436,442
SAUSA300_2127,858,873,634,634
SAUSA300_2128,1211,1030,531,561
SAUSA300_2129,2846,2755,2358,2813
SAUSA300_2130,3950,3785,2821,2786
SAUSA300_2131,2650,3221,1521,1561
SAUSA300_2132,16947,16715,22678,13825
SAUSA300_2133,340,422,431,467
SAUSA300_2134,2760,2260,2810,3067
SAUSA300_2135,6671,7693,7471,8203
SAUSA300_2136,38942,37593,31757,39824
SAUSA300_2137,3705,3468,3852,4008
SAUSA300_2138,4304,4184,4255,4215
SAUSA300_2139,2176,2130,1720,1841
SAUSA300_2140,849,924,1144,1116
SAUSA300_2141,1498,1550,844,829
SAUSA300_2142,105394,149687,58511,100485
SAUSA300_2143,20144,21677,15119,15534
SAUSA300_2144,23194,23580,21803,20130
SAUSA300_2145,886,908,752,733
SAUSA300_2146,1374,1479,1024,986
SAUSA300_2147,3141,3141,2057,2330
SAUSA300_2148,823,805,646,688
SAUSA300_2149,66536,79317,43412,72824
SAUSA300_2150,51661,53389,44444,54032
SAUSA300_2151,74870,85773,51558,90442
SAUSA300_2152,50071,47808,47907,55277
SAUSA300_2153,25522,27380,30611,32998
SAUSA300_2154,32670,31265,41618,42995
SAUSA300_2155,18853,16226,21893,25535
SAUSA300_2156,2012,2029,1350,1005
SAUSA300_2157,1734,2160,1109,1066
SAUSA300_2158,150,92,116,134
SAUSA300_2159,1567,1344,1005,850
SAUSA300_2160,392,289,122,138
SAUSA300_2161,38,45,91,70
SAUSA300_2162,664,605,523,648
SAUSA300_2163,558,548,471,517
SAUSA300_2164,310,327,161,137
SAUSA300_2165,418,422,117,107
SAUSA300_2166,412,390,109,108
SAUSA300_2167,542,456,413,440
SAUSA300_2168,510,557,608,683
SAUSA300_2169,1150,948,1272,1300
SAUSA300_2170,226,262,182,213
SAUSA300_2171,23230,28089,55082,69209
SAUSA300_2172,12257,15078,30113,30329
SAUSA300_2173,1395,1637,1604,1537
SAUSA300_2174,908,940,1000,880
SAUSA300_2175,1449,1288,1176,1303
SAUSA300_2176,1035,1159,712,611
SAUSA300_2177,18261,20738,37770,37206
SAUSA300_2178,14933,14833,26189,31478
SAUSA300_2179,10689,10421,18755,22412
SAUSA300_2180,16395,16706,33595,34941
SAUSA300_2181,19918,24605,43809,45299
SAUSA300_2182,14605,13987,27656,32546
SAUSA300_2183,19300,17893,32632,40572
SAUSA300_2184,16145,15726,30436,36536
SAUSA300_2185,38759,49105,40676,76693
SAUSA300_2186,23207,21931,38453,46833
SAUSA300_2187,32761,37144,58177,77830
SAUSA300_2188,25660,27013,36570,61055
SAUSA300_2189,17552,18879,39713,41470
SAUSA300_2190,11453,10683,23434,26529
SAUSA300_2191,10975,12004,24840,29966
SAUSA300_2192,11588,10948,24063,28724
SAUSA300_2193,28224,29048,53347,61160
SAUSA300_2194,21011,21432,46522,52749
SAUSA300_2195,13932,14556,34662,36446
SAUSA300_2196,27302,28625,54030,76920
SAUSA300_2197,27104,27283,53859,67685
SAUSA300_2198,23095,27004,50565,57176
SAUSA300_2199,23833,28395,43010,63168
SAUSA300_2200,27256,31933,55707,68919
SAUSA300_2201,33464,44231,52869,90039
SAUSA300_2202,15519,19548,42454,46466
SAUSA300_2203,22378,27817,38776,54802
SAUSA300_2204,26520,35201,46785,67643
SAUSA300_2205,18444,21280,44808,47223
SAUSA300_2206,1601,1179,837,681
SAUSA300_2207,1805,1900,2409,2221
SAUSA300_2208,1400,1567,1208,1113
SAUSA300_2209,1576,1556,987,838
SAUSA300_2210,861,777,671,722
SAUSA300_2211,291,267,149,133
SAUSA300_2212,1793,1847,1662,1926
SAUSA300_2213,1153,1210,1435,1393
SAUSA300_2214,2131,2395,2354,2345
SAUSA300_2215,300,304,216,203
SAUSA300_2216,117,150,94,81
SAUSA300_2217,281,318,182,174
SAUSA300_2218,227,145,212,163
SAUSA300_2219,989,843,1027,1184
SAUSA300_2220,1289,1396,1359,1339
SAUSA300_2221,848,824,798,782
SAUSA300_2222,1320,1155,1073,914
SAUSA300_2223,774,674,714,944
SAUSA300_2224,1385,1456,1515,1597
SAUSA300_2225,2720,2660,2455,2307
SAUSA300_2226,1141,1100,1088,1228
SAUSA300_2227,769,697,600,828
SAUSA300_2228,1903,2161,2251,2273
SAUSA300_2229,1384,1157,1660,1538
SAUSA300_2230,1745,1607,2111,2096
SAUSA300_2231,2331,2425,432,418
SAUSA300_2232,236,200,296,333
SAUSA300_2233,116,227,225,286
SAUSA300_2234,126,89,194,219
SAUSA300_2235,4504,4767,10790,12775
SAUSA300_2236,193,166,182,217
SAUSA300_2237,23,43,50,33
SAUSA300_2238,64,56,72,60
SAUSA300_2239,76,58,83,63
SAUSA300_2240,136,143,139,153
SAUSA300_2241,260,226,219,111
SAUSA300_2242,208,235,174,152
SAUSA300_2243,471,568,378,336
SAUSA300_2244,256,260,180,169
SAUSA300_2245,7100,7047,7087,8429
SAUSA300_2246,2583,2126,1903,1826
SAUSA300_2247,587,607,409,418
SAUSA300_2248,313,273,251,230
SAUSA300_2249,10484,16124,25715,34189
SAUSA300_2250,785,823,748,831
SAUSA300_2251,1075,970,1646,1677
SAUSA300_2252,392,301,357,303
SAUSA300_2253,17012,17346,4336,4301
SAUSA300_2254,8337,8283,8466,8378
SAUSA300_2255,1572,1563,1845,1934
SAUSA300_2256,1589,1610,1671,1610
SAUSA300_2257,7773,7761,3127,2301
SAUSA300_2258,5820,5842,2901,2898
SAUSA300_2259,1511,1646,1898,1992
SAUSA300_2260,508,493,758,970
SAUSA300_2261,1111,1268,1045,954
SAUSA300_2262,820,714,1356,1772
SAUSA300_2263,244,222,318,439
SAUSA300_2264,633,727,760,746
SAUSA300_2265,2704,2758,5121,6542
SAUSA300_2266,1890,1627,1534,1401
SAUSA300_2267,900,960,637,598
SAUSA300_2268,137,81,126,65
SAUSA300_2269,454,442,714,734
SAUSA300_2270,387,380,1086,1056
SAUSA300_2271,387,388,193,255
SAUSA300_2272,1772,1816,2523,2557
SAUSA300_2273,590,615,864,799
SAUSA300_2274,206,192,128,147
SAUSA300_2275,4153,5385,3081,2521
SAUSA300_2276,376,534,192,221
SAUSA300_2277,512,540,555,571
SAUSA300_2278,362,344,368,354
SAUSA300_2279,269,278,111,102
SAUSA300_2280,98,51,88,63
SAUSA300_2281,1013,1007,1891,1874
SAUSA300_2282,7774,8746,3768,3829
SAUSA300_2283,1061,980,1097,1169
SAUSA300_2284,660,659,378,231
SAUSA300_2285,253,253,379,377
SAUSA300_2286,348,516,397,401
SAUSA300_2287,589,619,1198,1311
SAUSA300_2288,373,353,621,622
SAUSA300_2289,413,486,388,453
SAUSA300_2290,475,599,427,426
SAUSA300_2291,696,683,2446,2872
SAUSA300_2292,1382,1285,1310,1522
SAUSA300_2293,418,450,355,405
SAUSA300_2294,772,982,656,654
SAUSA300_2295,1738,2114,1403,1477
SAUSA300_2296,1229,1235,1530,1394
SAUSA300_2297,1218,1193,820,919
SAUSA300_2298,219,225,410,507
SAUSA300_2299,177,149,276,298
SAUSA300_2300,950,924,318,323
SAUSA300_2301,165,119,261,283
SAUSA300_2302,1903,2281,2964,2849
SAUSA300_2303,1559,1844,2454,3075
SAUSA300_2304,728,741,919,882
SAUSA300_2305,31,8,20,18
SAUSA300_2306,52,48,64,51
SAUSA300_2307,19,27,17,14
SAUSA300_2308,367,404,191,144
SAUSA300_2309,364,351,253,292
SAUSA300_2310,224,228,344,356
SAUSA300_2311,246,173,321,345
SAUSA300_2312,4073,3683,2858,2885
SAUSA300_2313,3805,4066,12829,10511
SAUSA300_2314,903,916,812,819
SAUSA300_2315,1696,1817,2272,1922
SAUSA300_2316,293,273,134,128
SAUSA300_2317,823,836,1152,1184
SAUSA300_2318,1403,1515,1583,2095
SAUSA300_2319,1238,1385,969,1067
SAUSA300_2320,735,638,1206,1666
SAUSA300_2321,87,79,157,132
SAUSA300_2322,742,822,660,641
SAUSA300_2323,740,638,576,681
SAUSA300_2324,109,129,125,163
SAUSA300_2325,772,846,983,1063
SAUSA300_2326,402,381,307,337
SAUSA300_2327,6228,5673,7362,5840
SAUSA300_2328,2798,2506,10102,9710
SAUSA300_2329,3071,3015,5680,6830
SAUSA300_2330,459,437,537,613
SAUSA300_2331,3092,3566,8686,8113
SAUSA300_2332,1561,1342,1904,2376
SAUSA300_2333,95,108,127,110
SAUSA300_2334,32,46,26,25
SAUSA300_2335,57,135,41,104
SAUSA300_2336,65,92,87,75
SAUSA300_2337,1419,1591,852,781
SAUSA300_2338,2081,1847,1300,1172
SAUSA300_2339,1472,1790,1251,1223
SAUSA300_2340,642,772,557,682
SAUSA300_2341,28,18,13,21
SAUSA300_2342,25,32,44,21
SAUSA300_2343,14,15,31,18
SAUSA300_2344,134,156,155,132
SAUSA300_2345,54,54,57,59
SAUSA300_2346,46,50,69,77
SAUSA300_2347,47,27,63,63
SAUSA300_2348,236,263,92,109
SAUSA300_2349,153,144,927,1095
SAUSA300_2350,643,674,489,496
SAUSA300_2351,4762,4687,18585,19724
SAUSA300_2352,3883,3940,2291,1844
SAUSA300_2353,2262,3012,1372,1387
SAUSA300_2354,641,948,929,847
SAUSA300_2355,286,271,167,300
SAUSA300_2356,1416,1722,1131,1204
SAUSA300_2357,4813,4304,2719,2503
SAUSA300_2358,2458,2235,1442,1419
SAUSA300_2359,1063,1004,1005,824
SAUSA300_2360,198,195,265,341
SAUSA300_2361,131106,213160,63506,164198
SAUSA300_2362,11891,11401,17841,18167
SAUSA300_2363,397,365,344,363
SAUSA300_2364,951,1085,23896,21488
SAUSA300_2365,596,646,4094,3233
SAUSA300_2366,130,164,757,542
SAUSA300_2367,227,234,865,680
SAUSA300_2368,20,25,40,21
SAUSA300_2369,52,55,69,78
SAUSA300_2370,17,16,45,28
SAUSA300_2371,36,29,42,18
SAUSA300_2372,29,24,16,35
SAUSA300_2373,10,6,16,22
SAUSA300_2374,1096,1072,892,860
SAUSA300_2375,781,750,634,687
SAUSA300_2376,196,195,228,227
SAUSA300_2377,1203,1349,1824,1548
SAUSA300_2378,2738,3093,4429,3583
SAUSA300_2379,1399,1546,2113,2007
SAUSA300_2380,226,138,553,494
SAUSA300_2381,748,993,624,558
SAUSA300_2382,109,93,96,101
SAUSA300_2383,1439,1437,15089,16569
SAUSA300_2384,516,487,869,943
SAUSA300_2385,722,751,474,510
SAUSA300_2386,799,727,298,339
SAUSA300_2387,346,322,215,254
SAUSA300_2388,372,368,374,394
SAUSA300_2389,595,566,684,708
SAUSA300_2390,1292,1222,1388,1430
SAUSA300_2391,2364,2251,3054,2744
SAUSA300_2392,1243,1179,1843,1883
SAUSA300_2393,1174,1086,1466,1344
SAUSA300_2394,1099,1202,1291,1240
SAUSA300_2395,153,174,169,133
SAUSA300_2396,577,690,831,685
SAUSA300_2397,610,585,363,402
SAUSA300_2398,835,950,1128,920
SAUSA300_2399,386,403,725,695
SAUSA300_2400,2538,2641,2150,2095
SAUSA300_2401,4723,5853,1671,1988
SAUSA300_2402,2878,2804,1039,830
SAUSA300_2403,766,626,1481,1486
SAUSA300_2404,474,476,470,537
SAUSA300_2405,131,105,112,147
SAUSA300_2406,42859,46576,34800,37603
SAUSA300_2407,54936,60068,36995,47969
SAUSA300_2408,32878,34570,24930,28247
SAUSA300_2409,26906,30084,19690,21706
SAUSA300_2410,36879,42434,25636,35154
SAUSA300_2411,86195,92312,53193,73218
SAUSA300_2412,63356,77170,28835,33281
SAUSA300_2413,47097,51971,16478,17577
SAUSA300_2414,47304,56495,18999,18703
SAUSA300_2415,469,375,208,282
SAUSA300_2416,1687,1595,1688,1455
SAUSA300_2417,908,917,554,557
SAUSA300_2418,940,811,1045,1007
SAUSA300_2419,1644,1612,860,530
SAUSA300_2420,1057,1222,870,666
SAUSA300_2421,1148,1545,973,1067
SAUSA300_2422,1540,1870,1315,1372
SAUSA300_2423,31621,27544,36475,67136
SAUSA300_2424,354,324,225,274
SAUSA300_2425,1339,1227,978,1079
SAUSA300_2426,619,579,468,354
SAUSA300_2427,784,949,737,711
SAUSA300_2428,1418,1343,1427,1292
SAUSA300_2429,762,588,694,600
SAUSA300_2430,583,456,449,450
SAUSA300_2431,865,700,626,630
SAUSA300_2432,1488,1365,819,902
SAUSA300_2433,2548,2627,2170,2308
SAUSA300_2434,110,124,107,96
SAUSA300_2435,2011,2254,1659,1465
SAUSA300_2436,348,363,447,412
SAUSA300_2437,57,52,112,125
SAUSA300_2438,11,10,10,26
SAUSA300_2439,2092,2037,1790,1555
SAUSA300_2440,338,390,890,823
SAUSA300_2441,270,365,1127,1075
SAUSA300_2442,2335,2733,1420,1388
SAUSA300_2443,1670,1564,782,707
SAUSA300_2444,2036,2354,940,916
SAUSA300_2445,1633,1855,1563,1543
SAUSA300_2446,623,443,469,474
SAUSA300_2447,4273,3988,3271,3069
SAUSA300_2448,174,156,141,137
SAUSA300_2449,6823,6273,9301,11742
SAUSA300_2450,1253,1249,1003,1000
SAUSA300_2451,42,65,59,90
SAUSA300_2452,32,32,38,36
SAUSA300_2453,4459,4272,9906,9818
SAUSA300_2454,3136,3583,5577,6849
SAUSA300_2455,5700,5688,3981,3680
SAUSA300_2456,381,383,323,305
SAUSA300_2457,114,65,88,86
SAUSA300_2458,49,35,46,49
SAUSA300_2459,321,286,296,249
SAUSA300_2460,1700,1577,3613,2659
SAUSA300_2461,664,887,609,458
SAUSA300_2462,3047,4153,3560,3174
SAUSA300_2463,7268,7575,17639,15161
SAUSA300_2464,123,137,105,105
SAUSA300_2465,84,67,33,39
SAUSA300_2466,108,63,85,51
SAUSA300_2467,2533,2705,1118,1113
SAUSA300_2468,409,345,417,358
SAUSA300_2469,719,701,698,680
SAUSA300_2470,128,127,129,98
SAUSA300_2471,119,126,115,136
SAUSA300_2472,381,499,449,489
SAUSA300_2473,3457,4113,3139,2995
SAUSA300_2474,1194,1093,397,376
SAUSA300_2475,1117,1190,288,241
SAUSA300_2476,228,224,448,482
SAUSA300_2477,4380,4981,4038,3364
SAUSA300_2478,2898,3385,3232,2718
SAUSA300_2479,76,147,31,25
SAUSA300_2480,599,600,305,254
SAUSA300_2481,15906,14075,23532,28273
SAUSA300_2482,1361,1606,953,871
SAUSA300_2483,1353,1499,3122,3121
SAUSA300_2484,7269,7634,27822,23633
SAUSA300_2485,757,624,511,840
SAUSA300_2486,1622,1699,7575,5668
SAUSA300_2487,23,31,42,24
SAUSA300_2488,26,11,6,3
SAUSA300_2489,79,68,175,152
SAUSA300_2490,331,301,505,427
SAUSA300_2491,15195,14436,41511,53017
SAUSA300_2492,359,508,674,637
SAUSA300_2493,1080,1162,3267,2744
SAUSA300_2494,2865,2519,3127,2725
SAUSA300_2495,3349,2839,7168,7394
SAUSA300_2496,1384,1349,1710,1688
SAUSA300_2497,1258,1161,1323,1229
SAUSA300_2498,902,884,305,328
SAUSA300_2499,441,534,218,213
SAUSA300_2500,1257,1477,831,755
SAUSA300_2501,760,804,1076,957
SAUSA300_2502,342,413,1008,982
SAUSA300_2503,1514,1790,992,1079
SAUSA300_2504,6160,6253,6889,6277
SAUSA300_2505,1651,1480,1323,1356
SAUSA300_2506,104714,134570,56788,99939
SAUSA300_2507,37,32,46,47
SAUSA300_2508,17,3,20,1
SAUSA300_2509,620,656,226,240
SAUSA300_2510,368,515,513,456
SAUSA300_2511,1333,1577,876,973
SAUSA300_2512,342,493,528,410
SAUSA300_2513,143,181,160,203
SAUSA300_2514,134,125,105,144
SAUSA300_2515,191,134,123,147
SAUSA300_2516,105,145,117,134
SAUSA300_2517,705,709,834,719
SAUSA300_2518,3459,4166,2901,2506
SAUSA300_2519,1823,1626,1726,1937
SAUSA300_2520,1481,1690,1557,1612
SAUSA300_2521,1759,2030,1613,1591
SAUSA300_2522,96,73,130,162
SAUSA300_2523,135,90,114,167
SAUSA300_2524,131,194,137,186
SAUSA300_2525,707,876,839,805
SAUSA300_2526,444,352,1894,1629
SAUSA300_2527,3798,4598,4531,3798
SAUSA300_2528,548,510,567,544
SAUSA300_2529,13261,13271,20053,16339
SAUSA300_2530,197,273,253,312
SAUSA300_2531,216,216,275,231
SAUSA300_2532,1622,1305,1933,1545
SAUSA300_2533,1041,1253,1328,1363
SAUSA300_2534,733,656,619,651
SAUSA300_2535,912,1295,1051,956
SAUSA300_2536,879,857,1466,1393
SAUSA300_2537,4142,4132,17168,14769
SAUSA300_2538,1234,1295,1236,1231
SAUSA300_2539,150,130,110,108
SAUSA300_2540,66506,65965,50794,75449
SAUSA300_2541,34301,36200,42242,71029
SAUSA300_2542,9616,9802,4630,4224
SAUSA300_2543,430,521,1086,1148
SAUSA300_2544,1050,898,406,309
SAUSA300_2545,235,238,305,240
SAUSA300_2546,367,351,201,162
SAUSA300_2547,426,621,721,537
SAUSA300_2548,193,188,204,212
SAUSA300_2549,624,568,559,647
SAUSA300_2550,561,555,930,804
SAUSA300_2551,693,767,1376,1017
SAUSA300_2552,220,272,224,246
SAUSA300_2553,5179,5723,1478,1534
SAUSA300_2554,3057,3233,759,664
SAUSA300_2555,221,226,153,175
SAUSA300_2556,111,95,127,151
SAUSA300_2557,130,120,129,122
SAUSA300_2558,827,879,1434,1431
SAUSA300_2559,475,471,843,808
SAUSA300_2560,649,884,1200,1229
SAUSA300_2561,23,37,37,26
SAUSA300_2562,5523,4580,6912,6080
SAUSA300_2563,1088,1331,1724,1251
SAUSA300_2564,306,272,304,325
SAUSA300_2565,9217,8566,5228,4813
SAUSA300_2566,185,165,150,183
SAUSA300_2567,451,470,653,620
SAUSA300_2568,68,53,53,53
SAUSA300_2569,56,83,46,58
SAUSA300_2570,261,240,82,100
SAUSA300_2571,93,57,31,31
SAUSA300_2572,199,213,328,292
SAUSA300_2573,11815,12047,11053,10088
SAUSA300_2574,470,538,361,294
SAUSA300_2575,178,181,218,217
SAUSA300_2576,317,268,546,556
SAUSA300_2577,495,493,730,826
SAUSA300_2578,1702,1833,1789,1705
SAUSA300_2579,1763,1862,2356,2257
SAUSA300_2580,3736,3600,2040,1706
SAUSA300_2581,2023,2201,494,601
SAUSA300_2582,984,980,591,619
SAUSA300_2583,1199,1333,713,726
SAUSA300_2584,997,1047,604,631
SAUSA300_2585,736,729,131,130
SAUSA300_2586,1080,1107,168,209
SAUSA300_2587,1244,1319,194,247
SAUSA300_2588,657,742,94,83
SAUSA300_2589,4956,5912,1366,1214
SAUSA300_2590,1197,1204,522,434
SAUSA300_2591,205,242,125,66
SAUSA300_2592,294,458,919,725
SAUSA300_2593,218,195,205,239
SAUSA300_2594,489,402,300,347
SAUSA300_2595,118,81,49,65
SAUSA300_2596,191,173,70,60
SAUSA300_2597,112,152,38,35
SAUSA300_2598,26,51,14,21
SAUSA300_2599,772,646,635,601
SAUSA300_2600,18,30,22,9
SAUSA300_2601,42,55,80,69
SAUSA300_2602,63,72,58,57
SAUSA300_2603,787,878,332,314
SAUSA300_2604,133,347,241,219
SAUSA300_2605,200,203,171,137
SAUSA300_2606,97,165,120,102
SAUSA300_2607,99,113,102,101
SAUSA300_2608,75,108,99,102
SAUSA300_2609,70,87,60,76
SAUSA300_2610,119,72,64,43
SAUSA300_2611,84,65,58,61
SAUSA300_2612,139,71,52,58
SAUSA300_2613,113,123,36,70
SAUSA300_2614,826,796,324,255
SAUSA300_2615,87,135,65,57
SAUSA300_2616,45,48,48,52
SAUSA300_2617,55,73,79,78
SAUSA300_2618,22,25,24,17
SAUSA300_2619,15,26,18,18
SAUSA300_2620,1418,1594,1625,1272
SAUSA300_2621,1006,928,3783,3674
SAUSA300_2622,3276,2797,727,613
SAUSA300_2623,104,85,79,91
SAUSA300_2624,389,387,325,473
SAUSA300_2625,427,354,224,260
SAUSA300_2626,145,131,536,491
SAUSA300_2627,1204,1355,2641,2207
SAUSA300_2628,470,458,328,296
SAUSA300_2629,212,278,249,153
SAUSA300_2630,418,389,184,231
SAUSA300_2631,586,611,320,377
SAUSA300_2632,577,590,805,978
SAUSA300_2633,125,121,157,168
SAUSA300_2634,61,45,66,58
SAUSA300_2635,92,66,73,33
SAUSA300_2636,259,230,614,484
SAUSA300_2637,30,49,59,54
SAUSA300_2638,106,89,98,48
SAUSA300_2639,46310,43825,24711,26507
SAUSA300_2640,63,25,119,164
SAUSA300_2641,61,60,191,94
SAUSA300_2642,54,66,122,91
SAUSA300_2643,4934,5264,3768,3476
SAUSA300_2644,1202,1116,1170,1091
SAUSA300_2645,1579,1548,1479,1536
SAUSA300_2646,1036,1052,625,671
SAUSA300_2647,244,261,145,164
SAUSA300_2648,38952,35945,42500,81426