,CAB1,CAB2,CAB3,Fnp1,Fnp2,Fnp3
AT688_RS00005,14,8,20,128,135,139
AT688_RS00010,14,2,6,51,34,62
AT688_RS00015,147,87,120,1076,818,1318
AT688_RS00020,18,10,17,155,140,227
AT688_RS00025,417,246,380,3246,2991,3749
AT688_RS00030,530,277,391,4441,3327,4463
AT688_RS00035,70,36,66,330,202,285
AT688_RS00040,593,376,534,2770,2258,2818
AT688_RS00045,429,163,292,1490,1190,1423
AT688_RS00050,33,20,20,77,49,57
AT688_RS00055,5,2,4,15,7,9
AT688_RS00060,36,27,25,63,47,114
AT688_RS00065,117,62,82,431,398,469
AT688_RS00070,165,96,120,712,603,829
AT688_RS00075,20,8,12,125,67,124
AT688_RS00080,21,15,16,60,50,61
AT688_RS00090,649,435,602,2583,2282,3095
AT688_RS00095,58,36,38,136,135,185
AT688_RS00100,1943,1408,2014,7378,6184,7580
AT688_RS00105,67,45,57,286,233,280
AT688_RS00110,73,33,44,302,273,315
AT688_RS00115,10,7,8,73,72,89
AT688_RS00120,24,21,20,156,102,134
AT688_RS00125,164,100,137,688,622,742
AT688_RS00130,93,75,81,567,475,620
AT688_RS00135,15,10,17,85,92,74
AT688_RS00140,992,557,703,2407,1768,2198
AT688_RS00145,4,3,6,15,9,21
AT688_RS00150,1,1,3,4,2,5
AT688_RS00155,12,1,2,49,48,106
AT688_RS00160,0,0,0,0,2,0
AT688_RS00165,30,15,13,203,204,226
AT688_RS00170,6,2,3,62,50,85
AT688_RS00175,3,6,2,27,20,29
AT688_RS00180,12,3,11,52,35,61
AT688_RS00185,0,0,0,0,2,4
AT688_RS00190,0,0,0,1,5,3
AT688_RS00195,3,2,1,10,9,10
AT688_RS00200,0,0,0,0,4,2
AT688_RS00205,0,0,0,1,0,2
AT688_RS00210,2,0,0,1,3,5
AT688_RS00215,55,18,26,82,60,113
AT688_RS00220,81,19,46,104,39,79
AT688_RS00225,108,77,98,532,381,551
AT688_RS00230,4,2,4,20,9,21
AT688_RS00235,2250,1396,1875,8438,7237,8399
AT688_RS00240,34,19,37,10,9,15
AT688_RS00245,6,5,1,4,1,7
AT688_RS00250,0,0,1,0,1,3
AT688_RS00255,63,31,67,321,277,370
AT688_RS00260,196,152,171,970,804,1199
AT688_RS00265,248,143,210,923,701,1133
AT688_RS00270,605,481,553,2489,2229,3147
AT688_RS00275,7,7,7,47,33,47
AT688_RS00280,55,25,26,239,195,271
AT688_RS00285,229,148,209,836,687,935
AT688_RS00290,59,33,31,119,80,123
AT688_RS00295,25,15,18,113,106,107
AT688_RS00300,44,15,52,228,172,219
AT688_RS00305,0,0,0,0,0,5
AT688_RS00310,22,9,12,44,34,44
AT688_RS00315,10,5,9,49,32,49
AT688_RS00320,34,17,35,90,58,97
AT688_RS00325,62,26,45,217,167,238
AT688_RS00330,195,102,167,1257,892,1304
AT688_RS00335,2277,1354,1669,8199,6340,9065
AT688_RS00340,54,29,36,384,281,423
AT688_RS00345,403,265,365,1654,1114,1659
AT688_RS00350,1166,848,1040,2846,2649,3105
AT688_RS00355,1698,1117,1386,5465,3213,4820
AT688_RS00360,17,12,16,55,49,59
AT688_RS00365,0,1,0,24,17,23
AT688_RS00370,151,73,89,995,539,876
AT688_RS00375,922,572,734,5846,4882,6136
AT688_RS00380,441,206,378,1727,1074,1535
AT688_RS00390,356,200,295,2432,2073,2787
AT688_RS00395,461,216,336,2374,1839,2458
AT688_RS00400,1043,609,840,4071,3360,4167
AT688_RS00405,1769,1082,1460,5321,3951,4858
AT688_RS00410,79,35,36,153,118,151
AT688_RS00415,102,87,91,416,321,389
AT688_RS11885,19,16,14,54,43,66
AT688_RS00420,213,111,141,538,463,598
AT688_RS00425,278,189,261,822,681,991
AT688_RS00430,12,7,8,25,31,45
AT688_RS00435,8,2,4,18,15,19
AT688_RS00440,0,2,0,11,5,6
AT688_RS00445,42,35,46,143,133,205
AT688_RS00450,636,383,419,1476,1254,1676
AT688_RS00455,106,65,89,536,345,513
AT688_RS00485,143,30,89,402,200,377
AT688_RS00490,219,97,118,1284,746,1159
AT688_RS00495,74,37,77,656,443,695
AT688_RS00500,4948,2958,4063,21012,17431,21531
AT688_RS00505,552,251,359,2069,1521,2059
AT688_RS00510,2507,1546,2030,13768,10639,13959
AT688_RS00515,741,301,420,1998,1210,1832
AT688_RS00520,553,204,256,1308,644,982
AT688_RS00525,1130,724,932,3264,2976,3295
AT688_RS00530,2962,1758,2380,9841,8443,9687
AT688_RS00535,417,236,329,725,466,677
AT688_RS00540,18,2,5,46,32,41
AT688_RS00545,10,3,10,32,15,23
AT688_RS00550,25,5,11,132,75,132
AT688_RS00555,10,3,11,55,24,54
AT688_RS00560,30,9,8,89,61,79
AT688_RS00565,449,229,340,1605,1279,1651
AT688_RS00570,8,4,4,10,5,20
AT688_RS00575,253,129,180,799,559,775
AT688_RS00580,47,16,24,334,196,302
AT688_RS00585,161,119,127,975,781,994
AT688_RS00590,148,129,152,617,669,846
AT688_RS00595,7,1,5,26,29,52
AT688_RS00600,22,8,14,145,128,152
AT688_RS00605,46,21,33,205,168,198
AT688_RS00610,66,39,49,236,164,205
AT688_RS00615,686,477,506,818,686,919
AT688_RS00620,26,29,14,117,94,128
AT688_RS00625,9,13,11,45,46,88
AT688_RS00630,0,0,0,0,0,0
AT688_RS00635,21,5,8,44,27,51
AT688_RS00640,0,0,3,10,12,3
AT688_RS00645,396,373,511,2049,1641,2176
AT688_RS00650,488,323,414,2456,2427,3038
AT688_RS00655,591,395,484,3066,3030,3461
AT688_RS00660,568,354,422,3388,2699,3521
AT688_RS00665,23,8,25,154,95,140
AT688_RS00670,28,21,17,89,106,107
AT688_RS00675,53,58,84,160,148,193
AT688_RS00680,36,22,26,138,91,157
AT688_RS00685,163,125,162,758,671,830
AT688_RS00690,133,86,130,437,337,423
AT688_RS00695,4851,2942,4417,14498,11958,14892
AT688_RS00700,3540,2162,2756,6295,3684,4782
AT688_RS00705,35,20,27,95,73,95
AT688_RS00710,14,13,11,44,41,58
AT688_RS00715,15,8,8,46,21,47
AT688_RS00720,26,7,22,63,58,69
AT688_RS00725,482,261,380,2884,2353,3147
AT688_RS00730,62,40,50,174,164,204
AT688_RS00735,18,3,19,70,64,110
AT688_RS00740,149,107,115,349,243,330
AT688_RS00745,596,359,437,2250,1761,2075
AT688_RS00750,34,26,30,259,188,323
AT688_RS00755,34,26,28,133,118,135
AT688_RS00760,278,168,191,1074,998,1299
AT688_RS00765,389,224,276,1649,1194,1582
AT688_RS00770,16,17,15,100,126,112
AT688_RS00775,229,111,122,356,241,386
AT688_RS00780,81,49,63,304,204,361
AT688_RS00785,149,102,125,814,631,871
AT688_RS00790,93,55,87,484,437,563
AT688_RS00795,11,6,10,105,56,98
AT688_RS00800,50,23,60,247,229,237
AT688_RS00805,9,9,9,47,35,55
AT688_RS00810,8,3,17,51,36,73
AT688_RS00815,14,8,11,20,6,19
AT688_RS00820,4,1,3,17,5,11
AT688_RS00825,201,120,132,770,706,906
AT688_RS00830,12,6,18,133,103,179
AT688_RS00835,25,14,20,186,136,168
AT688_RS00840,67,28,48,238,143,234
AT688_RS00845,53,28,60,169,131,162
AT688_RS00850,117,53,71,206,97,160
AT688_RS00855,27,19,19,95,76,91
AT688_RS00890,3,0,1,7,6,7
AT688_RS00895,11,7,9,37,23,54
AT688_RS00900,16,1,0,46,25,81
AT688_RS00905,0,0,0,1,0,5
AT688_RS00910,0,0,0,0,1,0
AT688_RS00915,11,6,14,41,34,36
AT688_RS00920,0,0,0,7,4,0
AT688_RS00925,289,127,167,794,503,736
AT688_RS00930,19,11,21,41,33,58
AT688_RS00955,0,0,0,1,0,0
AT688_RS00960,14,15,17,70,53,123
AT688_RS00965,3,0,1,7,10,19
AT688_RS00970,84,41,58,399,259,439
AT688_RS00975,173,100,137,576,522,640
AT688_RS00980,10,5,18,45,38,50
AT688_RS00985,0,1,0,33,18,23
AT688_RS00990,2,0,0,13,17,10
AT688_RS00995,5,4,6,51,17,39
AT688_RS01000,126,75,133,464,315,452
AT688_RS01005,7,4,6,9,6,10
AT688_RS01010,85,60,62,145,127,136
AT688_RS01015,60,29,35,121,76,110
AT688_RS01020,9,8,11,70,49,114
AT688_RS01025,369,235,266,1160,930,1242
AT688_RS01030,10,7,14,46,56,37
AT688_RS01035,6282,3907,4742,21688,15751,18566
AT688_RS01040,742,233,304,1499,748,1387
AT688_RS01045,18212,11079,16296,41508,30937,38102
AT688_RS01050,43,14,23,157,88,138
AT688_RS01055,762,299,413,1931,1392,1947
AT688_RS01060,1037,718,970,3223,2821,3487
AT688_RS01080,37,18,27,99,78,149
AT688_RS01085,5,0,0,12,13,14
AT688_RS01090,13,3,4,31,10,27
AT688_RS01095,28,18,20,100,80,131
AT688_RS01100,27,17,21,120,85,126
AT688_RS01105,19,5,16,63,25,49
AT688_RS01110,579,482,673,1721,1439,1878
AT688_RS01115,0,0,1,10,3,5
AT688_RS01125,3,2,2,14,18,19
AT688_RS01135,0,0,0,0,2,2
AT688_RS01145,0,0,0,2,4,2
AT688_RS01150,3,0,0,3,0,0
AT688_RS01155,0,0,0,0,0,0
AT688_RS01160,2,0,1,13,10,11
AT688_RS01165,1,0,0,0,0,0
AT688_RS01170,92,49,56,379,242,396
AT688_RS01175,172,122,154,1331,962,1140
AT688_RS01180,506,295,395,2402,1880,2424
AT688_RS01185,340,178,224,1487,1035,1260
AT688_RS01190,597,419,527,2134,2185,2287
AT688_RS01195,375,201,304,1179,843,1255
AT688_RS01200,256,132,178,473,312,474
AT688_RS01205,750,424,547,1519,1085,1496
AT688_RS01210,37,30,22,203,172,233
AT688_RS01215,424,298,374,1898,1961,2199
AT688_RS01220,232,147,171,1409,1186,1530
AT688_RS01225,2,2,3,35,50,48
AT688_RS01230,230,160,194,998,834,1130
AT688_RS01235,665,384,422,2342,1738,2409
AT688_RS01240,668,547,766,3421,3038,4064
AT688_RS01245,185,150,160,916,809,1015
AT688_RS01250,557,387,455,3526,3028,3573
AT688_RS01255,5,4,3,69,43,79
AT688_RS01260,318,205,238,597,342,516
AT688_RS01265,413,281,278,2039,1554,2024
AT688_RS01270,585,401,542,1725,1343,1745
AT688_RS01280,451,313,432,2507,2271,2924
AT688_RS11900,32,23,27,28,33,45
AT688_RS11905,40,27,21,45,28,44
AT688_RS01290,2,0,1,11,7,15
AT688_RS01295,96,56,73,422,315,440
AT688_RS01300,57,35,42,330,267,362
AT688_RS01305,66,55,101,299,238,323
AT688_RS01310,7,6,3,16,19,12
AT688_RS01315,7,1,12,46,29,47
AT688_RS01320,10,4,2,19,5,16
AT688_RS01325,7,3,4,27,19,29
AT688_RS01330,3,0,1,8,2,2
AT688_RS01335,13,7,12,70,59,66
AT688_RS01340,5,0,1,6,6,10
AT688_RS01345,33,22,22,134,91,104
AT688_RS01350,19,20,21,74,48,68
AT688_RS01355,21,4,15,28,12,24
AT688_RS01360,5,1,0,5,6,4
AT688_RS01365,6,4,5,45,38,61
AT688_RS01370,660,354,438,2491,1761,2315
AT688_RS01375,98,72,114,662,444,626
AT688_RS01450,226,128,165,448,330,464
AT688_RS01455,349,197,212,678,465,717
AT688_RS01460,127,48,106,215,132,233
AT688_RS01465,409,228,258,1446,985,1367
AT688_RS01470,78,47,74,250,196,248
AT688_RS01485,0,0,0,2,0,0
AT688_RS01490,0,0,0,2,0,0
AT688_RS01495,0,0,2,7,3,4
AT688_RS01500,0,0,0,0,0,0
AT688_RS01505,0,0,0,0,1,2
AT688_RS01510,0,0,1,9,4,3
AT688_RS01515,3,0,2,3,1,4
AT688_RS01520,0,0,0,1,0,0
AT688_RS01525,7,3,5,58,52,52
AT688_RS01530,69,31,46,588,450,591
AT688_RS01535,1862,1037,1411,11607,8736,13242
AT688_RS01540,555,379,407,2755,2639,3483
AT688_RS01545,120,64,76,581,535,720
AT688_RS01550,673,399,496,2653,2074,2992
AT688_RS01555,271,131,142,949,602,972
AT688_RS01560,3112,2144,2537,10513,9192,11395
AT688_RS01565,2492,1753,2132,14608,12670,16545
AT688_RS01570,665,524,617,4111,3925,4607
AT688_RS01575,29,9,15,130,84,167
AT688_RS01580,16,7,4,115,112,128
AT688_RS01585,12,13,14,81,57,90
AT688_RS01590,117,76,107,896,823,1038
AT688_RS01595,11,5,9,72,71,80
AT688_RS01600,11,7,4,55,39,50
AT688_RS01605,127,95,100,585,454,586
AT688_RS01610,86,77,97,522,463,575
AT688_RS01615,51,31,50,335,242,336
AT688_RS01620,4,2,4,47,27,36
AT688_RS01625,79,38,61,390,289,392
AT688_RS01630,9,12,10,48,44,55
AT688_RS01635,3,2,2,6,12,19
AT688_RS01640,325,180,221,911,589,851
AT688_RS01645,1373,716,953,7174,5066,6806
AT688_RS01650,43,22,13,175,135,146
AT688_RS01655,214,89,142,1306,967,1166
AT688_RS01660,309,203,249,1923,1493,2033
AT688_RS01665,311,184,278,1687,1402,1923
AT688_RS01675,19,14,17,98,89,76
AT688_RS01680,16,13,12,79,89,88
AT688_RS01685,12,2,3,34,21,40
AT688_RS01690,39,18,30,187,194,216
AT688_RS01695,5,3,2,52,45,40
AT688_RS01700,0,2,6,45,20,52
AT688_RS01705,61,22,49,497,383,522
AT688_RS01710,29,20,20,190,183,239
AT688_RS01715,42,29,49,390,378,385
AT688_RS01720,58,68,54,427,371,499
AT688_RS01725,29,28,34,368,299,390
AT688_RS01730,2,2,1,14,13,29
AT688_RS01735,37,16,33,155,171,184
AT688_RS01740,10,3,16,42,44,57
AT688_RS01745,30,20,36,232,200,266
AT688_RS01750,91,36,82,569,426,592
AT688_RS01755,79,37,59,253,236,254
AT688_RS01760,32,28,41,148,173,199
AT688_RS01765,45,32,53,265,287,320
AT688_RS01770,36,19,41,146,131,183
AT688_RS01775,1,0,0,11,8,10
AT688_RS01780,39,14,21,264,173,259
AT688_RS01785,39,28,50,130,146,195
AT688_RS01790,199,115,187,767,595,758
AT688_RS01795,666,491,613,2829,2482,3024
AT688_RS01800,33,26,19,158,101,142
AT688_RS01805,90,76,97,381,320,394
AT688_RS01810,107,60,89,516,375,541
AT688_RS01815,190,103,155,1142,824,1270
AT688_RS01820,412,320,417,4207,3620,4473
AT688_RS01825,163,79,163,1005,894,961
AT688_RS01830,263,84,140,1506,827,1169
AT688_RS01835,289,173,224,1518,1346,1978
AT688_RS01840,596,310,450,3663,3277,4025
AT688_RS01845,55,37,29,420,425,502
AT688_RS01850,463,256,327,2280,1700,2227
AT688_RS01855,204,103,114,1199,978,1396
AT688_RS12245,37,18,20,152,138,180
AT688_RS01865,92,51,78,504,441,612
AT688_RS01870,33,23,19,99,107,179
AT688_RS01875,31,5,17,58,41,57
AT688_RS01880,113,73,73,509,354,504
AT688_RS01885,28,25,35,205,115,209
AT688_RS01890,54,26,43,273,212,410
AT688_RS01895,12,6,8,63,49,68
AT688_RS01900,4,0,3,18,11,27
AT688_RS01905,20,13,18,183,147,194
AT688_RS01910,15,7,13,115,69,104
AT688_RS01915,69,39,44,372,318,401
AT688_RS01920,0,0,0,1,0,0
AT688_RS01925,29,15,28,171,134,170
AT688_RS01935,52,34,57,243,204,277
AT688_RS01940,71,78,113,551,471,633
AT688_RS01945,189,115,147,988,596,895
AT688_RS01950,13,6,16,40,36,52
AT688_RS01955,101,59,57,324,233,375
AT688_RS01960,2,6,0,14,14,19
AT688_RS01965,44,18,13,231,174,258
AT688_RS01970,12,3,9,66,54,71
AT688_RS01975,0,0,0,0,0,0
AT688_RS01980,1,3,2,16,21,29
AT688_RS01985,265,153,211,809,548,708
AT688_RS01990,80,48,60,469,402,501
AT688_RS01995,238,137,147,901,604,710
AT688_RS02000,38,26,33,109,68,96
AT688_RS02005,175,93,122,288,190,265
AT688_RS02010,17,6,10,62,32,30
AT688_RS02015,5569,3394,4905,24546,19525,25182
AT688_RS02020,28,23,30,135,104,147
AT688_RS02025,105,76,87,470,405,494
AT688_RS02030,535,379,493,1433,1133,1412
AT688_RS02035,188,95,148,461,288,430
AT688_RS02040,19,11,15,54,27,35
AT688_RS02045,247,112,130,458,315,452
AT688_RS02050,63,41,40,166,88,117
AT688_RS02055,135,90,63,238,163,243
AT688_RS02060,60,27,40,130,84,148
AT688_RS02065,33,26,16,109,54,83
AT688_RS02070,189,67,85,304,228,326
AT688_RS02075,50,22,28,95,42,92
AT688_RS02080,6,4,5,13,6,12
AT688_RS02085,2,0,2,9,8,6
AT688_RS02090,25,8,15,39,17,37
AT688_RS02095,15,4,1,17,4,21
AT688_RS02100,97,56,69,220,103,194
AT688_RS02105,2,0,2,5,2,5
AT688_RS02110,32,13,13,58,50,64
AT688_RS02115,278,188,199,766,594,864
AT688_RS02120,21,18,22,48,30,61
AT688_RS02125,29,6,9,37,24,30
AT688_RS02130,35,16,22,61,39,61
AT688_RS02135,89,50,63,133,109,198
AT688_RS02140,928,817,765,1522,1559,2170
AT688_RS02145,0,0,0,0,0,0
AT688_RS02150,84,45,45,223,151,245
AT688_RS02155,7,7,16,40,50,74
AT688_RS02160,15,8,16,60,38,82
AT688_RS02165,5608,3421,4761,27260,22576,29651
AT688_RS02170,398,222,324,1125,837,1148
AT688_RS02175,834,461,557,2540,1661,2371
AT688_RS02180,382,144,203,791,468,688
AT688_RS02185,303,171,225,1094,759,1000
AT688_RS02190,132,94,128,742,457,729
AT688_RS02195,328,252,202,1278,1196,1749
AT688_RS02200,35,17,23,162,95,185
AT688_RS02205,406,191,283,1428,939,1642
AT688_RS02210,196,147,174,612,408,569
AT688_RS02215,10,3,6,98,53,100
AT688_RS02220,1,0,4,19,24,39
AT688_RS02225,15,6,6,74,49,64
AT688_RS02230,14,9,10,29,13,18
AT688_RS02235,112,77,88,437,332,417
AT688_RS11925,28,24,34,36,45,44
AT688_RS02240,0,0,3,9,7,11
AT688_RS02245,36,20,20,188,110,151
AT688_RS02250,125,67,95,588,391,564
AT688_RS02255,0,0,0,23,9,12
AT688_RS02260,43,15,19,185,111,179
AT688_RS02265,161,92,109,417,269,370
AT688_RS02270,65,40,64,197,104,159
AT688_RS02275,12,3,6,40,17,24
AT688_RS02280,7,8,6,9,11,14
AT688_RS02285,593,301,474,1516,1189,1791
AT688_RS02290,12,9,15,114,91,124
AT688_RS02295,0,0,0,1,0,0
AT688_RS02300,20,17,19,66,93,95
AT688_RS02305,40,21,29,127,116,128
AT688_RS02310,10,0,11,24,35,21
AT688_RS02315,1,0,0,7,13,17
AT688_RS02320,88,44,89,539,456,656
AT688_RS02325,72,40,56,421,386,556
AT688_RS02330,71,44,57,255,170,216
AT688_RS02335,257,138,190,571,374,545
AT688_RS02340,66,46,71,471,297,405
AT688_RS02345,277,215,266,1135,902,1241
AT688_RS02350,113,76,89,386,324,415
AT688_RS02355,2,1,0,2,7,9
AT688_RS02360,985,648,847,2403,1717,2298
AT688_RS02365,50,28,35,98,66,111
AT688_RS02375,76,74,80,360,271,406
AT688_RS02380,7,11,7,30,22,41
AT688_RS02385,0,1,3,16,7,7
AT688_RS02390,23,23,26,115,95,135
AT688_RS02395,114,96,101,346,284,351
AT688_RS02400,1,2,0,8,7,12
AT688_RS02405,0,2,0,0,4,8
AT688_RS02410,42,19,22,69,54,66
AT688_RS02415,43,17,19,108,66,87
AT688_RS02420,56,35,43,194,142,168
AT688_RS02425,5,0,10,11,12,11
AT688_RS02430,9,3,6,69,38,71
AT688_RS02435,1,0,0,0,0,0
AT688_RS02440,3,2,1,12,2,12
AT688_RS11940,0,0,0,0,0,0
AT688_RS02445,0,1,5,5,0,7
AT688_RS02450,18,14,15,101,117,124
AT688_RS02455,55,22,51,153,148,183
AT688_RS12260,0,0,0,0,0,0
AT688_RS02460,170,130,148,793,682,1010
AT688_RS02465,59,35,48,388,287,471
AT688_RS02470,49,46,35,310,300,401
AT688_RS02475,135,72,117,707,570,862
AT688_RS02480,34,11,18,213,111,185
AT688_RS02485,59,31,52,158,143,214
AT688_RS02490,316,215,291,948,810,1163
AT688_RS02495,11381,7020,8861,30927,22770,31005
AT688_RS02500,1058,833,1124,5177,4412,5813
AT688_RS02505,180,117,153,946,681,987
AT688_RS02510,77,72,73,264,213,279
AT688_RS02515,316,231,312,2152,1889,2625
AT688_RS02520,292,214,315,1809,1459,2040
AT688_RS02525,16,12,14,133,82,106
AT688_RS02530,1700,1154,1515,4955,4687,5982
AT688_RS02535,115,61,79,671,573,773
AT688_RS02540,48,21,52,191,150,185
AT688_RS02545,98,72,68,335,241,309
AT688_RS02550,17,11,26,77,75,107
AT688_RS02555,18,12,15,138,101,126
AT688_RS02560,25,24,35,195,230,242
AT688_RS02565,9,11,7,95,80,92
AT688_RS02570,8,15,9,97,77,105
AT688_RS02575,11,8,12,52,55,78
AT688_RS02580,12,3,8,55,33,46
AT688_RS02585,354,232,368,1237,850,1276
AT688_RS02590,588,307,433,2022,1402,2253
AT688_RS02595,737,438,529,3043,2297,3185
AT688_RS02605,294,156,199,1287,894,1287
AT688_RS02610,309,240,317,1006,822,1078
AT688_RS02615,78,58,68,576,505,628
AT688_RS02620,35,18,25,107,63,111
AT688_RS02625,7,2,2,84,59,76
AT688_RS02630,17,12,6,129,118,211
AT688_RS02635,24,23,16,132,103,143
AT688_RS02640,2,0,0,15,10,14
AT688_RS02645,8,5,8,49,27,25
AT688_RS02650,8,8,11,55,44,48
AT688_RS02655,82,53,43,474,405,583
AT688_RS02660,8,8,8,69,60,85
AT688_RS02665,32,22,27,107,87,141
AT688_RS02670,707,533,613,1909,1580,2060
AT688_RS02675,611,466,517,1989,1678,2232
AT688_RS02680,522,436,508,1653,1592,2061
AT688_RS02685,15,5,10,98,73,103
AT688_RS02690,17,9,15,87,96,130
AT688_RS02695,19,18,15,76,76,86
AT688_RS02700,7,2,3,27,21,39
AT688_RS02705,501,315,463,3370,3002,3639
AT688_RS02710,46,21,37,238,188,228
AT688_RS02715,17,8,17,97,103,105
AT688_RS02720,59,31,41,301,289,297
AT688_RS02725,56,46,54,404,307,407
AT688_RS02730,63,27,65,365,275,421
AT688_RS02735,153,106,123,839,818,985
AT688_RS02740,16,3,1,13,14,21
AT688_RS02745,2,1,0,21,4,5
AT688_RS02750,60,31,47,276,188,292
AT688_RS02755,152,110,120,332,314,411
AT688_RS02760,3,2,0,7,8,6
AT688_RS02765,41,30,20,102,70,95
AT688_RS02770,0,0,0,1,0,1
AT688_RS02775,17,8,9,60,66,70
AT688_RS02780,33,29,28,152,134,185
AT688_RS02785,2,3,0,15,8,21
AT688_RS02790,7,4,8,36,32,34
AT688_RS02795,2,2,10,29,29,37
AT688_RS02800,0,0,0,0,0,0
AT688_RS02805,0,0,0,2,1,1
AT688_RS02810,28,8,15,93,56,83
AT688_RS02815,31,20,31,185,144,164
AT688_RS02820,0,0,0,4,2,0
AT688_RS02825,4,1,1,3,0,0
AT688_RS02845,145,100,149,457,394,468
AT688_RS02850,233,121,176,890,534,754
AT688_RS02855,183,110,156,508,452,583
AT688_RS02860,573,375,488,2171,1427,1834
AT688_RS02865,1020,641,885,3930,2791,3755
AT688_RS02870,59,22,35,315,159,285
AT688_RS02875,116,72,91,512,391,508
AT688_RS02880,11,4,7,68,28,49
AT688_RS02885,17,1,7,24,22,37
AT688_RS02890,19,9,13,58,43,73
AT688_RS02895,41,18,29,238,155,216
AT688_RS02900,112,54,67,358,271,363
AT688_RS02905,0,0,3,4,8,9
AT688_RS02910,44,14,29,119,79,143
AT688_RS02915,108,73,79,265,240,278
AT688_RS02920,365,196,240,835,556,759
AT688_RS02925,166,81,97,390,238,369
AT688_RS02930,1,4,6,18,21,27
AT688_RS02935,2,2,1,5,2,5
AT688_RS02940,0,0,0,0,1,0
AT688_RS02945,0,0,1,4,6,7
AT688_RS02955,0,0,0,0,1,3
AT688_RS02960,0,2,0,5,3,13
AT688_RS02965,302,149,214,1071,829,1276
AT688_RS02970,254,160,198,1383,1045,1451
AT688_RS02975,205,79,119,707,445,679
AT688_RS02980,398,212,279,2170,1583,2204
AT688_RS02985,322,176,230,1407,1145,1432
AT688_RS02990,1491,981,1161,6432,5077,5940
AT688_RS02995,210,97,152,637,463,699
AT688_RS03000,79,62,71,375,272,403
AT688_RS03005,10,7,7,54,58,85
AT688_RS03010,56,62,75,476,457,587
AT688_RS03015,6,0,5,20,17,22
AT688_RS03020,40,28,28,172,130,188
AT688_RS03025,1,3,1,6,9,8
AT688_RS03030,21,11,18,102,55,98
AT688_RS03035,770,589,781,2520,1921,3046
AT688_RS03040,481,322,371,1354,1127,1632
AT688_RS03045,240,100,156,657,478,775
AT688_RS03050,10,3,4,30,20,29
AT688_RS03055,11,6,10,27,20,41
AT688_RS03060,28,11,12,137,124,145
AT688_RS03065,0,0,0,0,0,0
AT688_RS03070,0,0,1,0,2,2
AT688_RS03075,4,1,2,4,0,1
AT688_RS03085,428,232,296,2173,1843,2339
AT688_RS03090,284,167,196,1079,920,1252
AT688_RS03095,472,280,361,3165,2702,3472
AT688_RS03100,650,396,532,4445,3732,4733
AT688_RS03105,12,15,23,101,79,107
AT688_RS03110,80,63,80,302,250,294
AT688_RS03115,253,139,164,438,346,489
AT688_RS03120,2883,1935,2443,9667,9510,11501
AT688_RS03125,406,266,366,2317,2184,2473
AT688_RS03130,190,99,148,936,792,1011
AT688_RS03135,824,549,773,3674,3283,3887
AT688_RS03140,358,177,256,1464,1430,1789
AT688_RS03145,405,266,375,1458,1321,1686
AT688_RS03150,691,399,586,2386,1912,2546
AT688_RS03155,587,364,519,1950,1711,1984
AT688_RS03160,252,158,225,659,592,716
AT688_RS03165,17,7,11,42,30,65
AT688_RS03170,2,0,0,1,0,1
AT688_RS03190,0,0,0,0,0,1
AT688_RS03195,0,0,1,1,4,5
AT688_RS03215,535,347,491,1486,1265,1649
AT688_RS03220,101,41,55,141,82,137
AT688_RS03225,186,150,190,1087,1049,1269
AT688_RS03230,67,28,43,624,409,672
AT688_RS03235,174,88,108,977,597,1005
AT688_RS03240,165,108,149,687,666,1033
AT688_RS03245,4600,3342,4310,14148,12351,15907
AT688_RS03250,31,24,37,122,75,159
AT688_RS03255,402,276,421,2035,1651,2204
AT688_RS03260,1082,782,929,2988,2374,3490
AT688_RS03265,228,149,201,1112,1106,1424
AT688_RS03270,28,26,24,254,205,287
AT688_RS03275,35,24,27,311,221,311
AT688_RS03280,17,14,13,129,80,165
AT688_RS03285,28,9,18,129,101,110
AT688_RS03290,13,7,21,86,74,103
AT688_RS03295,7,2,2,26,11,23
AT688_RS03300,6,12,3,20,34,32
AT688_RS03305,43,21,41,158,114,170
AT688_RS03310,34,30,29,121,99,136
AT688_RS03315,163,96,152,545,445,503
AT688_RS03320,171,80,118,362,235,337
AT688_RS03325,5,2,6,15,19,15
AT688_RS03330,0,1,0,1,0,2
AT688_RS03335,2,6,2,3,3,5
AT688_RS03340,6,0,0,14,9,6
AT688_RS03345,32,14,12,113,55,96
AT688_RS03350,0,0,0,0,0,0
AT688_RS03355,350,232,272,2349,1861,2410
AT688_RS03360,74,36,62,548,460,534
AT688_RS03365,101,48,71,625,626,783
AT688_RS03370,483,320,460,3164,2886,3419
AT688_RS03375,50,21,49,106,74,101
AT688_RS03380,5343,3681,4551,31278,28293,35710
AT688_RS03385,717,232,373,2258,1191,2167
AT688_RS03390,109,87,131,465,386,469
AT688_RS03395,48,29,34,70,64,60
AT688_RS03400,17,5,20,44,34,56
AT688_RS03405,36,17,37,88,57,99
AT688_RS03410,76,40,50,226,204,255
AT688_RS03415,194,102,165,1246,883,1293
AT688_RS03420,1940,1141,1508,7503,5814,8429
AT688_RS03425,17,15,9,53,65,62
AT688_RS03430,163,113,125,465,383,524
AT688_RS03435,62,48,41,219,153,256
AT688_RS03440,10831,7305,9715,49469,42011,54065
AT688_RS03445,99,50,71,551,387,510
AT688_RS03450,1605,938,1249,4977,3515,4377
AT688_RS03455,167,74,119,576,502,783
AT688_RS03460,25,15,16,117,93,139
AT688_RS03465,323,191,289,814,634,802
AT688_RS03470,123,42,51,361,205,326
AT688_RS03475,14918,11273,13968,45763,43347,47905
AT688_RS03480,181,135,161,1274,1099,1289
AT688_RS03485,39,15,25,257,130,203
AT688_RS03490,156,67,124,1061,687,953
AT688_RS03495,53,25,29,352,217,271
AT688_RS03500,6,0,9,19,29,24
AT688_RS03505,47,18,22,200,145,210
AT688_RS03510,147,92,135,848,714,981
AT688_RS03515,81,51,65,305,313,317
AT688_RS03520,1263,795,1013,4743,3369,4416
AT688_RS03525,1120,543,699,3109,2025,2890
AT688_RS03530,397,172,264,1232,676,864
AT688_RS03535,2782,1679,2168,5430,3947,5602
AT688_RS03540,105,89,104,407,280,347
AT688_RS03545,25,7,14,155,125,165
AT688_RS03550,0,1,0,6,3,4
AT688_RS03555,53,22,41,152,99,141
AT688_RS03560,406,248,280,1334,1198,1652
AT688_RS03565,33,16,16,37,16,47
AT688_RS03570,92,49,60,288,210,255
AT688_RS03575,78,54,75,399,327,441
AT688_RS03580,140,82,120,650,508,665
AT688_RS03585,289,157,233,1618,1434,1716
AT688_RS03590,202,121,163,718,439,685
AT688_RS03595,351,186,227,2413,1642,2204
AT688_RS03600,22,9,6,344,264,392
AT688_RS03605,2,2,3,26,23,33
AT688_RS03610,0,0,3,19,12,11
AT688_RS03615,188,78,186,1830,1249,2060
AT688_RS03620,29,23,22,352,226,387
AT688_RS03625,0,0,0,1,1,0
AT688_RS03630,0,0,1,9,7,17
AT688_RS03635,168,139,152,708,669,789
AT688_RS03640,965,714,705,3746,3204,3611
AT688_RS03645,27,35,33,165,121,167
AT688_RS03650,260,174,220,1344,1073,1455
AT688_RS03655,197,118,158,647,465,713
AT688_RS03660,373,227,311,1651,1399,1663
AT688_RS03665,164,97,133,591,446,631
AT688_RS03670,133,107,144,616,515,727
AT688_RS03675,198,97,150,956,795,984
AT688_RS03680,46,27,41,263,213,313
AT688_RS03685,4,2,3,19,17,29
AT688_RS03695,37,28,29,98,60,68
AT688_RS03700,175,116,154,779,626,834
AT688_RS03705,231,183,256,1294,1285,1579
AT688_RS03710,92,55,58,331,257,365
AT688_RS03715,2754,1643,2201,14352,11516,14974
AT688_RS03720,114,60,82,655,430,514
AT688_RS03725,73,19,42,201,140,201
AT688_RS03730,10,5,7,72,40,82
AT688_RS03735,3,1,3,8,9,17
AT688_RS03740,12,16,11,104,69,73
AT688_RS03745,1,4,3,49,31,68
AT688_RS03750,28,15,29,109,77,138
AT688_RS03755,1,2,0,1,3,2
AT688_RS03760,13,11,6,42,18,46
AT688_RS03765,9,7,8,117,116,140
AT688_RS03770,12,4,11,76,82,113
AT688_RS03775,65,54,82,613,518,602
AT688_RS03780,40,20,16,163,114,151
AT688_RS03785,0,0,0,0,0,0
AT688_RS03800,8,1,1,8,7,8
AT688_RS03805,29,21,13,66,54,57
AT688_RS03810,17,8,18,47,50,42
AT688_RS03815,171,113,129,738,644,786
AT688_RS03820,3644,2449,3261,11571,10134,12757
AT688_RS03825,1,0,0,6,4,5
AT688_RS03830,15,9,8,84,48,48
AT688_RS03845,137,97,149,286,226,251
AT688_RS03850,5,0,7,13,7,13
AT688_RS03855,167,103,111,428,347,464
AT688_RS03860,9,2,7,25,14,29
AT688_RS03865,196,64,94,431,213,353
AT688_RS03870,275,106,141,564,316,570
AT688_RS03875,338,188,234,1130,913,1098
AT688_RS03880,542,329,446,2237,1817,2362
AT688_RS03885,135,105,92,634,543,727
AT688_RS03890,331,224,289,1970,1550,2146
AT688_RS03895,246,160,165,698,478,639
AT688_RS03900,1322,746,849,5420,3867,4990
AT688_RS03905,1,0,0,2,6,0
AT688_RS03910,544,379,563,1843,1626,1780
AT688_RS03915,67,39,47,218,239,265
AT688_RS03920,282,200,247,867,672,1008
AT688_RS03925,140,101,107,366,284,340
AT688_RS03930,15,13,17,113,90,145
AT688_RS03935,80,53,65,514,393,536
AT688_RS03940,52,38,70,516,487,670
AT688_RS03945,17,13,14,168,174,186
AT688_RS03950,89,57,101,571,504,685
AT688_RS03955,501,333,425,2984,2610,3240
AT688_RS03960,73,53,52,239,149,236
AT688_RS03965,52,29,43,301,257,303
AT688_RS03970,66,57,67,290,312,316
AT688_RS03975,31,39,29,153,152,165
AT688_RS03985,130,89,79,621,409,565
AT688_RS03990,328,199,222,947,629,821
AT688_RS03995,4141,1949,2759,27590,16741,24454
AT688_RS04000,1638,978,1177,9020,7916,11882
AT688_RS04005,1239,788,953,4994,3857,5211
AT688_RS04010,41,16,39,237,221,243
AT688_RS04015,287,164,250,1374,1157,1472
AT688_RS04020,23,14,14,57,30,50
AT688_RS04025,48,20,23,72,63,96
AT688_RS04030,554,263,387,1596,1266,1730
AT688_RS04035,116,64,46,424,413,529
AT688_RS04040,580,373,460,2190,1916,2548
AT688_RS04045,9,4,8,33,20,30
AT688_RS04050,26,10,23,156,116,137
AT688_RS04055,12,5,8,61,37,45
AT688_RS04060,158,132,143,644,822,937
AT688_RS04065,17,13,13,73,83,142
AT688_RS04070,250,166,243,1416,1394,1589
AT688_RS04075,92,73,80,450,426,468
AT688_RS04080,26,7,31,169,92,120
AT688_RS04085,323,161,183,1546,1280,1563
AT688_RS04090,6,3,5,68,83,100
AT688_RS04095,177,111,152,828,620,899
AT688_RS04100,19,14,16,79,65,97
AT688_RS04105,163,108,129,629,538,675
AT688_RS04110,67,61,51,592,530,623
AT688_RS04115,69,55,53,324,270,369
AT688_RS04120,161,75,96,687,552,660
AT688_RS04125,167,105,140,741,594,899
AT688_RS04130,191,96,134,732,522,899
AT688_RS04135,1,0,1,1,9,5
AT688_RS04140,50,25,29,154,95,143
AT688_RS04145,63,33,36,211,119,205
AT688_RS04150,140,61,84,752,636,812
AT688_RS04155,200,99,162,560,501,610
AT688_RS04160,29,12,17,108,83,103
AT688_RS04165,14,9,10,76,50,87
AT688_RS04170,219,164,239,993,960,977
AT688_RS04175,1153,727,887,3310,2665,3549
AT688_RS04180,307,259,294,1695,1677,2136
AT688_RS04185,278,167,259,1376,1167,1560
AT688_RS04190,202,143,185,861,656,940
AT688_RS04195,217,161,195,724,759,903
AT688_RS04215,186,73,137,243,138,201
AT688_RS04220,60,26,30,340,268,335
AT688_RS04225,23,11,12,86,79,82
AT688_RS04230,177,76,130,494,429,494
AT688_RS04235,56,38,42,358,399,430
AT688_RS04240,74,35,69,223,195,198
AT688_RS04245,22,18,18,68,32,62
AT688_RS04250,0,0,1,3,1,3
AT688_RS04255,46,13,30,94,69,69
AT688_RS04260,17,7,14,52,41,44
AT688_RS04265,46,35,58,342,297,398
AT688_RS04270,44,31,40,431,318,353
AT688_RS04275,44,21,32,188,181,189
AT688_RS04280,25,12,17,95,50,75
AT688_RS04285,394,203,293,1180,776,1101
AT688_RS04290,1226,694,861,4738,3418,4452
AT688_RS04295,28,19,28,181,125,206
AT688_RS04300,27,5,13,94,62,81
AT688_RS04305,68,21,63,480,431,569
AT688_RS04310,14,5,9,59,35,40
AT688_RS04315,35,22,22,64,52,94
AT688_RS04320,129,95,131,523,393,534
AT688_RS04325,11,4,11,41,25,35
AT688_RS04330,3,3,4,31,20,25
AT688_RS04335,10,3,5,20,10,14
AT688_RS04340,53,27,46,76,66,98
AT688_RS04345,21,11,17,126,109,147
AT688_RS04350,14,10,14,85,69,106
AT688_RS04355,109,46,92,479,371,522
AT688_RS12280,149,109,136,634,464,627
AT688_RS04365,131,57,83,626,384,602
AT688_RS04370,134,55,79,314,228,296
AT688_RS04375,6,5,5,22,20,35
AT688_RS04380,111,59,89,314,231,362
AT688_RS04385,11,7,16,41,14,37
AT688_RS04390,40,9,17,121,74,120
AT688_RS04395,72,32,57,253,141,205
AT688_RS04400,259,127,169,609,500,699
AT688_RS04405,17,24,14,150,125,150
AT688_RS04410,0,0,2,7,7,13
AT688_RS04415,0,0,1,22,16,19
AT688_RS04420,13,13,11,99,69,86
AT688_RS04425,5,7,6,54,46,67
AT688_RS04430,11,5,17,144,102,141
AT688_RS04435,37,5,22,133,171,160
AT688_RS04440,20,8,11,84,61,72
AT688_RS04445,382,230,343,442,250,374
AT688_RS04450,31,16,29,98,56,75
AT688_RS04455,68,40,31,191,100,143
AT688_RS04460,161,114,146,685,623,634
AT688_RS04465,341,112,161,938,551,896
AT688_RS04470,603,283,359,1626,1106,1595
AT688_RS04475,150,75,101,421,307,389
AT688_RS04480,68,29,53,197,118,207
AT688_RS04485,347,241,281,1528,1161,1625
AT688_RS04490,1,0,0,2,0,6
AT688_RS04495,233,147,180,739,650,901
AT688_RS04500,74,53,63,198,205,213
AT688_RS04505,2010,1191,1704,8550,7366,9254
AT688_RS04510,212,128,141,790,680,877
AT688_RS04515,247,140,202,949,774,968
AT688_RS04520,0,0,0,5,2,8
AT688_RS04525,76,53,75,342,251,352
AT688_RS04530,10,6,9,33,21,36
AT688_RS04535,177,122,176,688,564,743
AT688_RS04540,387,246,303,1933,1464,1833
AT688_RS04545,14,5,3,35,14,29
AT688_RS04550,98,52,66,315,203,339
AT688_RS04555,266,199,288,885,795,998
AT688_RS04560,17,11,13,71,85,75
AT688_RS04565,200,167,197,818,568,805
AT688_RS04570,149,116,168,869,938,1081
AT688_RS04575,3,2,0,40,25,39
AT688_RS04580,13,5,7,83,56,105
AT688_RS04585,58,44,49,381,338,440
AT688_RS04590,85,68,63,365,334,427
AT688_RS04595,2,0,2,18,22,13
AT688_RS04600,35,31,36,110,117,114
AT688_RS04605,1,0,0,1,0,0
AT688_RS04610,11,2,10,30,12,19
AT688_RS04615,14,7,9,28,13,29
AT688_RS04620,2040,1347,1574,7406,6110,7825
AT688_RS04625,2251,1232,1522,10131,8321,11075
AT688_RS04630,193,110,148,1011,746,1024
AT688_RS04635,27,12,21,187,183,215
AT688_RS04640,33,17,23,141,99,140
AT688_RS04645,97,70,93,625,718,829
AT688_RS04650,9,7,16,129,90,125
AT688_RS04655,8,2,8,50,29,56
AT688_RS04660,5,2,3,10,5,13
AT688_RS04665,12,9,5,88,42,74
AT688_RS04670,1,0,3,5,12,11
AT688_RS04675,6,0,4,64,38,51
AT688_RS04680,8,2,3,28,24,34
AT688_RS04685,3,1,0,7,0,8
AT688_RS04690,19,9,11,118,68,106
AT688_RS04695,27,11,35,107,85,110
AT688_RS04700,21,23,17,115,98,154
AT688_RS04705,61,18,38,196,172,213
AT688_RS04710,50,54,65,330,311,373
AT688_RS04720,12,2,13,57,18,41
AT688_RS04725,3,1,6,21,14,18
AT688_RS04730,0,1,2,14,7,17
AT688_RS04735,152,76,106,841,652,847
AT688_RS04740,23,2,4,45,32,56
AT688_RS04745,1,2,1,6,2,10
AT688_RS04750,3,2,2,2,1,4
AT688_RS04755,81,71,83,430,309,444
AT688_RS04760,67,22,50,454,316,343
AT688_RS04765,81,68,86,441,348,439
AT688_RS04770,31,13,12,101,54,83
AT688_RS04775,82,52,60,109,76,87
AT688_RS04780,3305,2325,3138,15277,13881,18475
AT688_RS04785,872,593,886,4067,3478,4862
AT688_RS04790,13,9,10,50,13,47
AT688_RS04795,17,18,20,96,92,165
AT688_RS04800,3,1,3,14,11,20
AT688_RS04805,538,265,354,1142,681,1215
AT688_RS04810,145,63,127,626,563,703
AT688_RS04815,39,27,35,197,199,242
AT688_RS04820,21,6,18,152,94,102
AT688_RS04825,117,62,118,753,518,601
AT688_RS04830,1,2,3,16,12,9
AT688_RS04835,0,0,2,18,10,19
AT688_RS04840,79,25,51,661,453,634
AT688_RS04845,69,41,51,355,269,336
AT688_RS04850,1,2,4,14,13,26
AT688_RS04855,128,117,137,999,965,1205
AT688_RS04860,265,140,178,1164,901,1119
AT688_RS04865,1,0,0,4,2,7
AT688_RS04870,116,55,89,623,474,570
AT688_RS04875,99,67,131,784,636,825
AT688_RS04880,44,26,21,245,183,215
AT688_RS04885,14,10,9,59,39,60
AT688_RS04890,212,131,170,622,481,597
AT688_RS04895,5,4,2,14,8,17
AT688_RS04900,67,36,48,158,138,155
AT688_RS04905,9,2,5,12,9,7
AT688_RS04910,203,135,154,388,291,446
AT688_RS04915,18,8,15,55,43,68
AT688_RS04920,1,3,1,6,4,5
AT688_RS04925,0,3,3,10,6,7
AT688_RS04930,54,46,49,186,215,205
AT688_RS04935,510,277,458,2245,1817,2402
AT688_RS04940,122,78,97,515,406,494
AT688_RS04945,28,9,12,85,68,73
AT688_RS04950,95,66,112,306,218,330
AT688_RS04955,168,109,124,530,384,515
AT688_RS04960,1,0,0,3,5,0
AT688_RS04970,0,0,0,0,0,0
AT688_RS04975,2,0,1,0,0,1
AT688_RS04985,18,2,7,24,24,32
AT688_RS04990,19,18,12,76,61,75
AT688_RS04995,41,30,26,178,149,195
AT688_RS05000,39,22,19,254,206,304
AT688_RS05005,110,56,70,378,246,397
AT688_RS05010,43,33,42,390,299,376
AT688_RS05015,8,9,8,70,68,70
AT688_RS05020,9,4,0,54,22,37
AT688_RS05025,4,2,9,61,58,63
AT688_RS05030,0,0,3,3,7,3
AT688_RS05035,1318,937,1201,10523,10089,12102
AT688_RS05040,1264,736,931,6605,5695,7221
AT688_RS05045,8446,5645,7246,32440,27973,35618
AT688_RS05050,196,137,175,1052,924,1314
AT688_RS05055,6,7,8,41,49,56
AT688_RS05060,263,200,258,892,862,1029
AT688_RS05065,298,192,236,1380,1228,1618
AT688_RS05070,417,202,259,1359,1088,1585
AT688_RS05075,111,55,71,527,352,505
AT688_RS05080,433,303,374,2751,2449,2986
AT688_RS05085,97,43,65,554,353,479
AT688_RS05090,80,46,56,263,202,273
AT688_RS05095,20,9,15,67,44,79
AT688_RS05105,47,23,46,174,121,200
AT688_RS05110,0,0,0,0,1,3
AT688_RS05115,0,2,5,12,21,21
AT688_RS05120,112,92,100,659,564,747
AT688_RS05125,222,179,230,1445,1173,1479
AT688_RS05130,193,139,185,1517,1362,1638
AT688_RS05135,312,234,262,2122,1890,2370
AT688_RS05140,193,103,114,1177,964,1348
AT688_RS05145,83,61,85,464,421,510
AT688_RS05150,25,11,13,107,81,115
AT688_RS05155,19,9,12,61,60,85
AT688_RS05160,65,37,56,172,232,255
AT688_RS05165,40,8,16,105,51,70
AT688_RS05170,7,2,3,22,14,18
AT688_RS05175,123,64,81,348,275,354
AT688_RS05180,177,114,170,517,408,549
AT688_RS05185,9,5,3,42,24,23
AT688_RS05190,9,3,6,29,10,17
AT688_RS05195,11,4,7,21,14,17
AT688_RS05200,92,68,83,505,371,508
AT688_RS05205,434,309,333,2569,2275,2784
AT688_RS05210,756,310,435,1245,734,1206
AT688_RS05215,16,26,15,86,144,142
AT688_RS05220,3,1,8,34,43,58
AT688_RS05225,78,54,66,358,300,414
AT688_RS05230,0,1,1,9,0,10
AT688_RS05235,4,0,15,30,19,39
AT688_RS05240,13,5,8,84,45,89
AT688_RS05245,11,3,2,32,20,38
AT688_RS05250,128,66,96,773,583,813
AT688_RS05255,273,129,170,1575,1196,1638
AT688_RS05260,0,0,1,1,1,1
AT688_RS05265,31,14,29,163,129,168
AT688_RS05270,84,32,57,374,290,400
AT688_RS05275,578,429,490,2288,2237,2655
AT688_RS05280,789,547,776,2701,2228,2976
AT688_RS05285,138,73,97,250,135,210
AT688_RS05290,10,10,15,101,58,129
AT688_RS05295,53,19,29,152,100,154
AT688_RS05300,4755,3158,4199,20497,16860,20735
AT688_RS05305,82,40,64,161,83,145
AT688_RS05310,426,242,370,1080,847,1077
AT688_RS05315,280,131,205,719,509,649
AT688_RS05320,10,3,0,20,9,21
AT688_RS05325,1,0,0,3,2,1
AT688_RS05330,0,0,1,2,3,11
AT688_RS05335,0,0,1,7,7,13
AT688_RS05345,14,1,6,48,27,42
AT688_RS05350,39,32,39,129,99,130
AT688_RS05355,15,12,21,111,91,131
AT688_RS05360,34,24,24,127,123,154
AT688_RS05365,5,0,4,11,14,20
AT688_RS05370,3,2,6,39,55,58
AT688_RS05375,113,63,91,452,347,502
AT688_RS05380,28,12,12,69,45,65
AT688_RS05385,69,41,49,298,288,308
AT688_RS05390,208,122,139,987,820,1123
AT688_RS05395,4,4,8,41,15,21
AT688_RS05400,39,33,20,286,229,294
AT688_RS05405,1,1,6,25,25,43
AT688_RS12015,4,7,1,22,26,38
AT688_RS05415,16,1,6,58,30,39
AT688_RS05420,3,0,0,1,1,2
AT688_RS05430,39,26,23,185,138,191
AT688_RS05435,17,18,5,122,88,89
AT688_RS05440,37,33,39,224,202,311
AT688_RS05445,228,174,252,1115,915,1125
AT688_RS05450,1749,1169,1851,12527,10656,13417
AT688_RS05455,1239,837,1070,7245,6403,8002
AT688_RS05460,1037,553,776,7218,5525,8213
AT688_RS05465,565,304,432,4310,3005,4622
AT688_RS05470,837,392,571,3825,2769,3960
AT688_RS05475,509,290,374,1552,967,1490
AT688_RS05480,474,225,339,1435,1087,1657
AT688_RS05485,136,52,70,406,333,447
AT688_RS05490,26,18,28,263,323,373
AT688_RS05495,1,1,0,12,16,14
AT688_RS05500,4,0,9,10,11,17
AT688_RS05505,189,104,160,1268,977,1431
AT688_RS05510,14325,8202,11107,25979,21666,28381
AT688_RS05515,3,2,3,42,27,20
AT688_RS05520,41,35,25,60,56,44
AT688_RS05525,5,1,1,11,10,16
AT688_RS05530,38,8,28,130,123,141
AT688_RS05535,156,85,92,675,468,698
AT688_RS05540,69,39,26,349,259,330
AT688_RS05545,596,444,510,3480,2997,4011
AT688_RS05550,121,86,69,798,792,1046
AT688_RS05555,84,47,62,614,449,635
AT688_RS05560,844,532,701,5783,5360,6908
AT688_RS05565,632,453,520,3072,2850,3651
AT688_RS05570,337,179,261,2159,1719,2453
AT688_RS05575,184,128,139,1098,866,1100
AT688_RS05580,7,5,2,26,17,16
AT688_RS05585,11,1,0,31,11,35
AT688_RS05590,4,2,0,12,16,18
AT688_RS05595,0,0,3,10,1,5
AT688_RS05600,1,0,1,14,3,16
AT688_RS05605,21,18,11,130,101,176
AT688_RS05610,9,8,11,95,106,141
AT688_RS05615,16,8,8,106,91,100
AT688_RS05620,17,5,20,97,85,99
AT688_RS05630,1,0,2,2,5,2
AT688_RS05635,1,0,1,7,7,4
AT688_RS05640,9,8,16,107,92,117
AT688_RS05645,6,4,6,38,43,55
AT688_RS05650,1,2,3,25,32,45
AT688_RS05655,0,0,1,10,11,20
AT688_RS05660,2,1,1,11,7,18
AT688_RS05665,12,4,5,41,56,57
AT688_RS05670,1,2,2,35,33,41
AT688_RS05675,0,1,0,28,16,24
AT688_RS05680,1,2,0,37,35,45
AT688_RS05685,10,6,12,78,77,110
AT688_RS05690,23,11,13,97,86,109
AT688_RS05695,11,4,10,76,100,141
AT688_RS05700,2,0,5,4,9,6
AT688_RS05705,10,5,7,141,92,142
AT688_RS12290,20,15,6,142,96,143
AT688_RS05715,1,3,0,9,16,6
AT688_RS05720,8,4,9,95,88,101
AT688_RS05725,33,33,49,157,136,165
AT688_RS05730,33,8,40,138,85,122
AT688_RS05735,5,6,6,35,23,32
AT688_RS05740,33,29,34,177,268,245
AT688_RS05745,6,1,6,14,24,31
AT688_RS05750,413,258,350,2173,1968,2155
AT688_RS05755,301,147,205,1375,1064,1437
AT688_RS05760,275,165,229,1063,1023,1113
AT688_RS05765,531,438,555,2694,2726,3237
AT688_RS05770,14,4,10,20,13,22
AT688_RS05775,40,8,29,95,59,80
AT688_RS05780,15,10,14,55,39,54
AT688_RS05785,5,3,5,15,6,16
AT688_RS05790,5,3,6,41,10,33
AT688_RS05795,59,50,75,269,229,297
AT688_RS05800,34,22,32,154,117,222
AT688_RS05805,26,19,33,179,151,238
AT688_RS05810,124,84,112,621,638,682
AT688_RS05815,61,28,47,348,406,445
AT688_RS05820,165,86,145,1391,1333,1597
AT688_RS05825,96,75,77,839,605,854
AT688_RS05830,99,33,63,330,197,315
AT688_RS05835,77,42,43,240,161,239
AT688_RS05840,187,89,128,624,438,652
AT688_RS05845,5,1,6,38,19,39
AT688_RS05850,209,114,196,618,508,688
AT688_RS05855,7,7,11,30,22,25
AT688_RS05860,4,2,2,23,21,19
AT688_RS05865,101,96,96,415,325,453
AT688_RS05875,357,221,269,1272,944,1454
AT688_RS05880,682,499,669,1687,1624,2011
AT688_RS05890,0,0,0,11,5,13
AT688_RS05895,5,3,7,73,68,55
AT688_RS05900,5,9,9,33,19,56
AT688_RS05905,27,16,24,82,46,77
AT688_RS05910,68,47,58,509,375,514
AT688_RS05915,9,1,5,22,18,17
AT688_RS05920,102,67,76,610,462,637
AT688_RS05925,12,1,7,49,35,58
AT688_RS05930,19,11,11,52,35,43
AT688_RS05935,14,3,7,46,26,38
AT688_RS05940,15,8,9,67,50,51
AT688_RS05945,10,9,12,85,48,90
AT688_RS05950,9,3,11,26,12,21
AT688_RS05955,9,2,12,15,10,15
AT688_RS05960,5,3,8,12,11,13
AT688_RS05965,17,13,25,70,51,72
AT688_RS05970,28,13,20,81,59,94
AT688_RS05980,19,11,10,53,58,90
AT688_RS05985,1,7,5,33,54,48
AT688_RS05990,15,17,25,104,137,138
AT688_RS05995,0,4,4,16,23,48
AT688_RS06000,7,2,2,45,36,51
AT688_RS06005,0,1,0,3,3,4
AT688_RS06010,9,8,13,49,50,67
AT688_RS06015,15,20,26,95,82,118
AT688_RS06020,2529,1959,2500,11236,10654,13821
AT688_RS06025,2664,2039,2628,16555,15968,20248
AT688_RS06030,20,9,7,52,48,57
AT688_RS06035,80,50,47,225,189,220
AT688_RS06040,20,5,9,81,87,110
AT688_RS06045,141,82,135,383,384,452
AT688_RS06050,103,62,75,414,317,417
AT688_RS06055,183,141,159,910,726,978
AT688_RS06060,579,387,463,2329,1897,2688
AT688_RS06065,123,83,112,1281,741,947
AT688_RS06070,420,206,298,1908,1436,1950
AT688_RS06075,62,53,105,457,437,525
AT688_RS06080,73,48,69,418,377,398
AT688_RS06085,43,25,23,179,149,177
AT688_RS06090,23,13,11,117,108,122
AT688_RS06095,94,33,57,371,227,396
AT688_RS06100,0,0,0,0,0,0
AT688_RS12025,0,0,0,0,0,0
AT688_RS06110,172,100,123,760,676,689
AT688_RS06115,20,8,13,49,52,42
AT688_RS06120,26,13,19,92,51,75
AT688_RS06125,30,11,24,149,100,159
AT688_RS06130,34,2,12,68,54,67
AT688_RS06135,3,3,0,18,14,22
AT688_RS06140,7,4,8,24,20,24
AT688_RS06145,63,51,61,296,228,345
AT688_RS06150,42,28,17,158,123,167
AT688_RS06155,0,0,0,3,1,2
AT688_RS06160,34,22,32,275,338,397
AT688_RS06165,89,47,52,545,379,477
AT688_RS06170,86,50,66,383,349,453
AT688_RS06175,64,42,46,478,308,401
AT688_RS06180,18,4,13,176,151,212
AT688_RS06185,43,22,54,314,237,313
AT688_RS06190,40,28,35,197,144,175
AT688_RS06195,53,39,56,304,267,358
AT688_RS06200,11,3,7,75,49,106
AT688_RS06205,11,15,11,126,98,133
AT688_RS06210,4,0,2,25,11,41
AT688_RS06215,31,18,19,142,105,140
AT688_RS06220,6,4,6,46,31,61
AT688_RS06225,39,23,30,206,171,223
AT688_RS06230,13,5,8,47,32,59
AT688_RS06235,81,53,59,587,425,606
AT688_RS06240,22,8,14,130,111,149
AT688_RS06250,1,0,3,10,7,7
AT688_RS06255,23,15,23,117,133,138
AT688_RS06260,11,3,4,47,33,61
AT688_RS06265,59,34,39,155,130,139
AT688_RS06270,1,0,3,1,7,6
AT688_RS06275,16,6,10,32,25,39
AT688_RS06280,6,3,4,71,31,67
AT688_RS06285,6,3,4,37,39,30
AT688_RS06290,0,3,2,15,20,19
AT688_RS06295,15,2,5,59,57,77
AT688_RS06300,117,69,118,657,543,772
AT688_RS06305,16,1,14,63,47,69
AT688_RS06310,17,14,16,78,64,106
AT688_RS06315,15,7,19,52,45,69
AT688_RS06320,3,2,5,13,18,16
AT688_RS06325,90,79,84,573,455,574
AT688_RS06330,91,50,77,402,290,380
AT688_RS06335,82,42,77,318,226,300
AT688_RS06340,9,0,5,12,13,19
AT688_RS06345,7,6,11,6,7,5
AT688_RS06350,11,8,8,58,36,51
AT688_RS06355,1,1,2,16,7,15
AT688_RS06360,4,3,5,20,20,26
AT688_RS06365,16,12,26,123,76,122
AT688_RS06370,44,32,48,210,194,243
AT688_RS06375,8,11,11,98,61,85
AT688_RS06380,15,10,16,110,59,124
AT688_RS06385,0,0,0,1,4,4
AT688_RS06390,3,2,5,10,13,10
AT688_RS06395,13,3,1,23,14,30
AT688_RS06400,28,11,15,181,149,158
AT688_RS06405,31,39,26,191,169,175
AT688_RS06410,38,27,30,260,191,281
AT688_RS06415,72,35,65,220,141,230
AT688_RS06420,88,50,83,440,399,448
AT688_RS06425,102,77,83,933,802,1000
AT688_RS06430,258,158,201,1210,1347,1650
AT688_RS06435,86,40,56,583,537,698
AT688_RS06440,7,6,9,23,28,40
AT688_RS06445,8,1,1,39,23,35
AT688_RS06450,49,36,28,139,150,127
AT688_RS06455,0,2,2,4,14,10
AT688_RS06460,41,24,31,146,88,140
AT688_RS06465,53,53,44,345,253,331
AT688_RS06470,213,135,217,790,689,884
AT688_RS06475,169,77,134,643,405,544
AT688_RS06480,62,35,50,350,351,464
AT688_RS06485,147,69,163,1506,1369,1619
AT688_RS06490,127,89,94,972,821,1099
AT688_RS06495,89,64,89,700,683,923
AT688_RS06500,61,21,35,252,161,216
AT688_RS06505,25,13,20,118,96,149
AT688_RS06510,151,95,100,542,382,472
AT688_RS06515,8,12,7,11,3,9
AT688_RS06520,82,47,60,469,358,477
AT688_RS06525,226,136,163,1664,1481,2063
AT688_RS06530,177,95,136,695,532,749
AT688_RS06535,665,381,583,1941,1309,2212
AT688_RS06540,57,22,55,239,165,199
AT688_RS06545,74,32,73,327,238,306
AT688_RS06550,4,0,2,37,27,41
AT688_RS06555,1,0,0,19,13,23
AT688_RS06560,33,13,27,237,170,209
AT688_RS06565,21,2,13,128,100,138
AT688_RS06570,20,11,25,114,130,156
AT688_RS06575,21,11,12,142,123,136
AT688_RS06580,17,9,13,111,80,118
AT688_RS06585,23,13,28,158,127,242
AT688_RS06590,29,15,21,133,100,200
AT688_RS06595,9,7,4,19,8,15
AT688_RS06600,6,1,5,16,25,28
AT688_RS06605,33,27,36,73,73,61
AT688_RS06610,53,27,45,183,139,219
AT688_RS06615,109,71,91,381,302,408
AT688_RS06620,7,3,2,26,18,29
AT688_RS06625,9,6,11,44,18,43
AT688_RS06630,72,55,52,394,297,390
AT688_RS06635,253,125,176,1128,966,1282
AT688_RS06640,108,58,73,604,406,596
AT688_RS06645,1724,1229,1524,7182,6519,8548
AT688_RS06650,0,5,2,37,47,74
AT688_RS06655,4,2,3,43,38,55
AT688_RS06660,8,5,6,31,20,35
AT688_RS06665,2,0,0,24,14,23
AT688_RS06670,2,0,1,15,6,13
AT688_RS06675,18,14,21,181,104,187
AT688_RS06680,16,3,8,60,39,61
AT688_RS06685,16,4,7,84,74,130
AT688_RS06690,17,6,5,69,77,93
AT688_RS06695,0,0,0,1,0,1
AT688_RS06700,25,24,19,345,291,397
AT688_RS06705,11,4,7,37,34,24
AT688_RS06710,19,3,12,159,143,200
AT688_RS06715,209,124,150,726,598,820
AT688_RS06720,489,293,364,2122,1953,2405
AT688_RS06725,554,397,594,2294,1866,2411
AT688_RS06730,195,144,151,798,636,828
AT688_RS06735,805,672,682,3374,3186,3969
AT688_RS06740,319,224,248,1339,1127,1405
AT688_RS06745,933,598,704,5049,4031,5397
AT688_RS06750,138,100,134,873,622,930
AT688_RS06755,459,241,308,1993,1442,1952
AT688_RS06760,1008,636,816,3728,2971,4115
AT688_RS06765,19,12,13,46,52,69
AT688_RS06770,20,11,9,61,60,71
AT688_RS06775,35,24,34,218,160,221
AT688_RS06780,260,173,229,2292,1892,2570
AT688_RS06785,0,2,6,35,43,42
AT688_RS06790,68,58,80,891,606,919
AT688_RS06795,293,224,315,1724,1516,2070
AT688_RS06800,80,49,77,465,332,510
AT688_RS06805,1,4,1,22,29,51
AT688_RS06815,53,41,39,77,56,69
AT688_RS06820,83,45,69,209,112,167
AT688_RS06825,95,52,53,210,150,208
AT688_RS06830,42,9,32,166,118,188
AT688_RS06835,0,0,0,9,10,9
AT688_RS06840,75,41,66,590,574,788
AT688_RS06845,13,5,8,82,70,104
AT688_RS06850,4,1,2,19,7,36
AT688_RS06855,7125,5408,6702,25370,26306,25585
AT688_RS06860,51,19,31,141,80,173
AT688_RS06865,39,25,42,266,203,319
AT688_RS06870,19,13,18,64,57,123
AT688_RS06875,27,13,14,57,52,59
AT688_RS06880,2,1,0,12,4,17
AT688_RS06885,47,33,34,141,95,144
AT688_RS06890,8,7,12,75,42,81
AT688_RS06895,75,52,74,426,293,466
AT688_RS06900,33,8,29,178,128,215
AT688_RS06905,18,5,7,120,116,134
AT688_RS06910,63,32,41,447,355,461
AT688_RS06915,41,31,33,248,173,222
AT688_RS06920,1045,543,768,4787,4171,5591
AT688_RS06925,2564,1425,2064,9354,6482,9269
AT688_RS06930,0,5,1,11,18,31
AT688_RS06935,31,9,18,156,119,166
AT688_RS06940,1,1,0,6,2,10
AT688_RS06945,6,6,0,36,36,47
AT688_RS06950,84,84,102,418,333,447
AT688_RS06955,36,33,24,286,199,284
AT688_RS06960,15,15,18,155,110,143
AT688_RS06965,42,28,59,410,285,380
AT688_RS06970,110,51,79,516,395,435
AT688_RS06975,6,3,8,53,25,59
AT688_RS06980,580,420,487,3329,2557,3146
AT688_RS06985,905,534,715,5213,3867,5060
AT688_RS06990,139,104,109,813,548,659
AT688_RS06995,124,54,99,313,268,348
AT688_RS07000,148,104,115,450,367,536
AT688_RS07005,103,70,116,699,608,718
AT688_RS07010,519,234,375,1839,1222,1931
AT688_RS07015,1308,814,1083,6394,5189,6465
AT688_RS07020,576,303,445,1863,1102,1804
AT688_RS07025,0,0,0,1,0,4
AT688_RS07030,133,68,101,573,491,609
AT688_RS07035,71,52,76,239,177,250
AT688_RS07040,877,499,739,3968,3364,4400
AT688_RS07045,1627,985,1307,6920,6151,7850
AT688_RS07050,104,72,81,739,627,908
AT688_RS07055,149,92,140,1113,844,1158
AT688_RS07060,10,10,16,51,50,63
AT688_RS07065,747,527,643,2411,2295,2563
AT688_RS07070,481,323,368,2105,1915,2493
AT688_RS07075,123,66,101,477,340,508
AT688_RS07080,10,8,6,53,44,92
AT688_RS07085,79,49,64,580,562,734
AT688_RS07090,74,47,57,480,514,581
AT688_RS07095,7,0,5,57,44,63
AT688_RS07100,41,29,42,293,290,346
AT688_RS07105,238,182,225,1168,895,1148
AT688_RS07110,72,38,36,198,123,183
AT688_RS07115,118,78,105,378,304,474
AT688_RS07120,239,157,212,1005,785,1093
AT688_RS07125,8,1,2,5,5,6
AT688_RS07130,16,2,6,34,9,25
AT688_RS07135,1,1,0,28,27,42
AT688_RS07140,17,2,7,66,58,68
AT688_RS07145,102,64,112,596,506,623
AT688_RS07150,1317,649,780,4734,3457,4635
AT688_RS07155,553,327,460,3199,2658,3613
AT688_RS07160,465,309,400,1000,905,1081
AT688_RS07165,320,177,224,1106,752,1014
AT688_RS07170,64,42,56,425,330,450
AT688_RS07175,192,137,142,514,402,533
AT688_RS07180,33,11,13,90,55,63
AT688_RS07185,11,0,10,94,52,81
AT688_RS07190,9,0,3,15,6,26
AT688_RS07195,110,56,81,444,474,565
AT688_RS07200,58,39,63,358,280,474
AT688_RS07205,20,15,13,189,159,199
AT688_RS07210,28,13,8,85,52,95
AT688_RS07215,351,244,243,1504,1274,1657
AT688_RS07220,140,103,125,746,723,901
AT688_RS07225,52,31,42,310,308,350
AT688_RS07230,210,116,165,993,813,1095
AT688_RS07235,79,39,55,374,240,338
AT688_RS07240,81,52,76,394,335,430
AT688_RS07245,3,0,1,5,5,12
AT688_RS07255,1,0,0,2,2,0
AT688_RS07260,3,2,1,8,5,22
AT688_RS07265,0,0,0,1,0,3
AT688_RS07270,1,0,0,0,0,0
AT688_RS07275,0,0,1,0,1,0
AT688_RS07280,1,0,0,2,1,1
AT688_RS07285,1,2,1,8,10,10
AT688_RS07290,0,0,0,2,6,1
AT688_RS07295,0,0,0,4,2,4
AT688_RS07300,9,10,11,104,59,133
AT688_RS07305,0,0,0,0,0,1
AT688_RS12305,14,12,38,50,41,51
AT688_RS07310,17,4,3,52,17,49
AT688_RS07315,134,115,107,1009,938,1194
AT688_RS07320,33,22,24,334,313,400
AT688_RS07325,34,10,21,97,140,120
AT688_RS07330,63,36,37,176,122,167
AT688_RS07335,303,162,225,1289,1044,1469
AT688_RS07340,938,594,802,5553,4063,5885
AT688_RS07345,248,119,167,1278,1075,1444
AT688_RS07350,2,2,2,14,17,25
AT688_RS07355,1308,852,980,4415,3752,4853
AT688_RS07360,891,600,800,3750,3595,4222
AT688_RS07365,482,266,417,1148,896,1196
AT688_RS07370,162,89,159,716,549,697
AT688_RS07375,1,2,1,18,9,17
AT688_RS07380,16,8,19,83,38,68
AT688_RS07385,13,6,5,17,17,42
AT688_RS07390,21,17,16,142,115,145
AT688_RS07395,19,4,16,48,36,47
AT688_RS07400,14,11,17,43,23,39
AT688_RS07405,0,0,1,5,5,8
AT688_RS07410,4,1,0,17,16,23
AT688_RS07415,31,25,36,113,141,124
AT688_RS07420,0,1,0,2,0,3
AT688_RS07425,814,470,648,3840,3094,3975
AT688_RS07430,261,183,247,2140,1825,2429
AT688_RS07435,2,1,3,9,3,15
AT688_RS07440,82,66,82,291,250,331
AT688_RS07445,71,25,36,317,227,304
AT688_RS07450,231,133,163,1206,895,1160
AT688_RS07455,2,7,7,73,62,93
AT688_RS07465,55,25,68,421,371,460
AT688_RS07475,8,8,8,56,47,45
AT688_RS07480,2550,1737,2223,12761,11875,15782
AT688_RS07485,481,361,387,3314,2704,3050
AT688_RS07490,12,1,2,31,26,56
AT688_RS07495,18,18,21,96,81,106
AT688_RS07500,44,25,36,315,209,308
AT688_RS07505,143,89,110,795,649,933
AT688_RS07510,41,26,21,125,85,148
AT688_RS07515,88,49,54,173,163,212
AT688_RS07520,80,57,63,475,402,489
AT688_RS07525,33,16,19,77,38,68
AT688_RS07530,208,146,232,701,644,733
AT688_RS07535,42,21,41,231,170,263
AT688_RS07540,125,104,143,408,430,477
AT688_RS07545,4,1,3,12,5,12
AT688_RS07550,2,4,2,24,22,42
AT688_RS07555,7,1,3,17,34,41
AT688_RS07560,38,29,27,228,208,283
AT688_RS07565,0,0,0,4,1,6
AT688_RS07570,17,15,17,85,58,79
AT688_RS07575,10,1,6,27,10,37
AT688_RS07580,21,7,19,124,89,105
AT688_RS07585,25,9,16,168,127,159
AT688_RS07590,217,94,140,999,743,983
AT688_RS07595,93,53,97,214,203,214
AT688_RS07600,150,89,120,492,335,475
AT688_RS07605,100,48,67,226,187,274
AT688_RS07610,1,6,8,21,18,28
AT688_RS07615,121,70,89,477,341,461
AT688_RS07620,15,12,15,91,53,102
AT688_RS07625,188,74,115,823,672,818
AT688_RS07630,220,130,154,1655,1496,1769
AT688_RS07635,2,3,3,17,11,17
AT688_RS07640,210,133,160,625,568,833
AT688_RS07645,24,19,13,156,96,149
AT688_RS07650,26,11,20,79,42,74
AT688_RS07655,6,4,2,52,29,39
AT688_RS07660,7,9,9,20,37,38
AT688_RS07665,0,0,0,0,0,0
AT688_RS07670,20,14,23,90,112,114
AT688_RS07675,21,22,16,85,80,99
AT688_RS07680,15,9,18,46,47,46
AT688_RS07685,156,94,136,546,443,601
AT688_RS07690,409,243,328,1459,1284,1629
AT688_RS07695,262,148,244,1110,814,1050
AT688_RS07700,299,199,230,1972,1673,2093
AT688_RS07705,265,132,196,1308,1040,1393
AT688_RS07710,6,3,2,26,12,26
AT688_RS07715,15,5,4,45,38,47
AT688_RS07720,24,7,13,62,28,61
AT688_RS07725,2214,1494,1962,5855,4922,6401
AT688_RS07730,70,34,57,145,121,165
AT688_RS07735,66,67,54,239,257,298
AT688_RS07740,29,28,20,74,62,78
AT688_RS07745,1,2,2,12,7,13
AT688_RS07750,1,1,3,5,4,9
AT688_RS07755,7,5,14,64,39,71
AT688_RS07760,32,43,39,180,179,219
AT688_RS07765,52,34,37,174,198,209
AT688_RS07775,116,38,68,677,531,674
AT688_RS12050,5,12,11,54,64,64
AT688_RS07785,16,21,14,202,156,224
AT688_RS07790,14,2,11,107,87,125
AT688_RS07795,57,38,68,626,489,680
AT688_RS07800,759,552,600,4028,3311,4435
AT688_RS07805,990,600,849,4696,3840,5181
AT688_RS07815,781,472,553,4387,3138,4271
AT688_RS07825,1155,586,767,3911,2802,4045
AT688_RS07830,14,16,20,76,59,80
AT688_RS07835,3,0,10,22,5,22
AT688_RS07840,13,0,11,26,12,28
AT688_RS07845,3,2,1,11,4,12
AT688_RS07850,3,0,8,36,25,17
AT688_RS07855,40,25,29,228,197,274
AT688_RS07860,15,6,6,74,88,122
AT688_RS07865,86,66,64,316,243,247
AT688_RS07870,147,70,121,420,346,445
AT688_RS07875,86,30,41,76,44,65
AT688_RS07880,0,0,0,1,1,2
AT688_RS07885,83,49,68,223,151,204
AT688_RS07890,28,14,30,121,72,116
AT688_RS07895,2208,1334,1641,7464,6394,8083
AT688_RS07900,1364,881,1079,4232,3850,4524
AT688_RS07905,1127,615,952,3098,2316,3156
AT688_RS07910,3,0,0,5,4,1
AT688_RS07915,240,195,196,489,458,535
AT688_RS07920,157,83,122,394,234,374
AT688_RS07925,1004,546,736,2711,2143,3126
AT688_RS07930,4025,2762,3668,11849,10741,14657
AT688_RS07935,33,23,26,210,184,216
AT688_RS12065,19,10,13,204,186,215
AT688_RS12070,24,21,17,133,94,113
AT688_RS12075,33,21,25,101,75,105
AT688_RS07955,1,0,0,5,6,15
AT688_RS07960,5,0,2,8,11,12
AT688_RS07965,10,8,7,57,37,68
AT688_RS07970,10,13,5,67,53,71
AT688_RS07975,6,2,6,42,24,29
AT688_RS07980,0,0,0,0,1,1
AT688_RS07985,18,11,15,118,115,168
AT688_RS07990,9,8,5,49,34,43
AT688_RS07995,0,2,0,3,0,7
AT688_RS08000,22,14,18,133,106,124
AT688_RS08005,9,0,5,15,15,15
AT688_RS08010,0,0,0,0,0,0
AT688_RS08015,4,5,5,60,25,45
AT688_RS08020,0,0,0,0,0,0
AT688_RS08025,452,253,386,2448,1986,2755
AT688_RS08035,149,107,101,577,530,607
AT688_RS08040,694,391,457,2183,1532,2084
AT688_RS08045,94,40,74,286,210,283
AT688_RS08050,94,50,101,461,326,400
AT688_RS08055,1,3,0,15,14,8
AT688_RS08060,10,2,4,48,28,45
AT688_RS08065,982,669,669,3045,2527,3331
AT688_RS08070,0,0,0,2,1,1
AT688_RS08075,0,0,3,6,7,8
AT688_RS08080,19,18,34,98,83,126
AT688_RS08090,12,9,13,63,57,58
AT688_RS08095,275,152,181,1546,1155,1567
AT688_RS08100,262,189,200,1821,1667,2041
AT688_RS08105,690,449,576,3891,3254,4151
AT688_RS08110,8,4,6,51,47,62
AT688_RS08115,4,1,5,32,25,35
AT688_RS08120,231,134,163,976,630,1003
AT688_RS08125,104,63,87,817,478,780
AT688_RS08130,27,9,21,72,46,71
AT688_RS08135,7,0,4,8,9,16
AT688_RS08140,202,134,157,523,366,540
AT688_RS08145,869,531,691,2136,1999,2416
AT688_RS08150,558,248,338,2107,1713,2189
AT688_RS08155,8,7,3,35,47,23
AT688_RS08160,254,126,180,1411,900,1267
AT688_RS08170,11,4,8,48,18,35
AT688_RS08175,33,21,18,107,67,107
AT688_RS08180,35,25,37,176,149,187
AT688_RS08185,39,35,39,170,134,197
AT688_RS08190,5,0,4,11,8,13
AT688_RS08195,167,145,164,1128,1078,1274
AT688_RS08200,66,28,24,253,277,319
AT688_RS08205,57,30,40,376,279,411
AT688_RS08210,161,66,82,492,354,506
AT688_RS08215,16,12,26,77,46,75
AT688_RS08220,293,197,294,1268,1100,1344
AT688_RS08225,496,264,319,2769,1957,2677
AT688_RS08230,2,4,0,17,12,18
AT688_RS08235,1,0,0,3,0,0
AT688_RS08240,0,0,0,0,0,0
AT688_RS08245,11,9,5,50,54,48
AT688_RS08250,0,0,0,0,0,0
AT688_RS08255,1,0,0,0,0,0
AT688_RS08260,46,40,45,126,117,138
AT688_RS08265,55,21,29,203,180,223
AT688_RS08270,3,7,11,44,25,41
AT688_RS08275,11,1,0,30,11,33
AT688_RS08280,14,12,13,115,54,116
AT688_RS08285,44,14,19,120,75,147
AT688_RS08290,97,51,77,704,533,776
AT688_RS08295,754,446,622,3477,2872,3730
AT688_RS08300,239,149,166,1198,933,1369
AT688_RS08305,47,31,41,263,205,301
AT688_RS08310,162,77,122,939,556,817
AT688_RS08315,19,16,21,206,160,204
AT688_RS08320,98,48,91,223,190,279
AT688_RS08325,12,8,8,41,24,46
AT688_RS08330,38,16,29,191,157,221
AT688_RS08335,78,41,63,418,403,491
AT688_RS08340,147,62,85,695,445,750
AT688_RS08345,185,111,152,661,565,748
AT688_RS08350,150,97,97,426,279,425
AT688_RS08360,2,0,1,1,4,5
AT688_RS08365,0,0,0,0,0,0
AT688_RS08370,1,2,0,18,16,13
AT688_RS08375,0,0,0,0,0,0
AT688_RS08380,0,0,0,8,2,4
AT688_RS08385,0,0,3,0,0,0
AT688_RS08390,2,1,2,15,19,24
AT688_RS08395,0,1,0,3,5,4
AT688_RS08400,0,0,0,4,7,5
AT688_RS08405,1,0,0,3,6,1
AT688_RS08410,0,2,1,2,2,7
AT688_RS08420,0,0,0,0,0,1
AT688_RS08425,0,0,0,0,0,0
AT688_RS08430,0,0,0,0,0,0
AT688_RS08435,0,0,0,0,0,0
AT688_RS08440,0,0,0,0,0,1
AT688_RS08445,0,0,0,1,0,0
AT688_RS08450,0,0,0,4,2,0
AT688_RS08455,167,74,155,1122,966,1228
AT688_RS08460,19,6,7,60,110,119
AT688_RS08465,5,4,3,27,85,91
AT688_RS08470,76,32,42,551,523,679
AT688_RS08475,16,12,22,64,87,115
AT688_RS08480,11,10,16,155,122,170
AT688_RS08485,61,23,38,201,165,262
AT688_RS08490,35,16,22,115,103,134
AT688_RS08495,75,33,42,356,232,352
AT688_RS08500,86,42,61,480,235,432
AT688_RS08505,495,282,396,3110,2877,3949
AT688_RS08515,14,10,15,91,58,104
AT688_RS08520,110,43,77,519,292,442
AT688_RS08525,187,108,142,1159,883,1583
AT688_RS08530,0,0,0,3,1,3
AT688_RS08535,1,1,1,10,11,10
AT688_RS08540,0,0,0,0,0,3
AT688_RS08545,6,0,0,8,3,15
AT688_RS08550,0,0,0,0,1,0
AT688_RS08555,1,1,0,8,13,7
AT688_RS08560,0,0,1,12,4,17
AT688_RS08565,0,0,0,0,0,0
AT688_RS08570,0,0,0,0,0,0
AT688_RS08575,1,0,0,1,0,0
AT688_RS08580,2,0,0,0,0,1
AT688_RS08585,0,0,0,0,0,0
AT688_RS08590,0,0,0,0,0,0
AT688_RS08595,0,0,0,0,0,0
AT688_RS08600,0,0,1,8,5,6
AT688_RS08605,0,0,1,0,0,0
AT688_RS08610,233,155,194,711,631,843
AT688_RS12320,41,17,31,188,197,212
AT688_RS08620,107,89,103,576,637,741
AT688_RS08625,64,95,77,457,466,645
AT688_RS08630,11,10,4,36,23,40
AT688_RS08635,13,12,16,73,52,70
AT688_RS08640,354,297,370,1630,1460,1648
AT688_RS08645,52,23,30,186,143,203
AT688_RS08650,200,99,143,1014,831,1051
AT688_RS08655,124,72,87,623,538,597
AT688_RS08660,116,56,61,584,471,627
AT688_RS08665,228,134,151,1467,1237,1564
AT688_RS08670,377,160,265,2808,1827,2644
AT688_RS08675,201,100,139,1457,1037,1229
AT688_RS08680,37,20,17,179,131,222
AT688_RS08685,164,68,99,709,612,751
AT688_RS08690,2,0,8,15,21,26
AT688_RS08695,64,47,67,164,106,158
AT688_RS08700,27,13,20,137,88,157
AT688_RS08705,102,88,124,726,614,830
AT688_RS08710,83,42,74,431,300,412
AT688_RS08715,6,1,8,68,47,85
AT688_RS08720,91,83,111,557,495,647
AT688_RS08725,57,47,65,370,331,431
AT688_RS08730,1850,984,1497,4547,3219,4318
AT688_RS08735,323,173,281,985,731,1014
AT688_RS08740,67,24,44,311,224,308
AT688_RS08745,285,167,255,2078,1746,2105
AT688_RS08750,1248,717,989,6870,5270,6883
AT688_RS08755,161,147,164,774,582,845
AT688_RS08760,23,10,22,173,115,160
AT688_RS08765,5,2,3,43,27,36
AT688_RS08770,1,7,4,14,4,3
AT688_RS08775,2,2,7,11,14,10
AT688_RS08780,27,18,16,72,62,79
AT688_RS08785,147,115,145,916,959,1096
AT688_RS08790,97,58,69,853,654,837
AT688_RS08795,621,374,478,4140,3511,4554
AT688_RS08800,61,36,47,184,87,147
AT688_RS08805,102,43,73,365,222,344
AT688_RS08810,621,372,450,2953,2006,2880
AT688_RS08815,704,398,542,1768,1340,1882
AT688_RS08820,52,30,34,258,200,274
AT688_RS08830,385,233,317,2191,1637,2245
AT688_RS08835,137,69,99,630,458,629
AT688_RS08840,410,349,385,2379,2002,2861
AT688_RS08845,761,426,648,5370,4316,5664
AT688_RS08850,410,213,259,1679,1223,1521
AT688_RS08855,405,316,354,2131,1913,2487
AT688_RS08860,94,55,65,213,149,230
AT688_RS08865,19,13,19,60,28,57
AT688_RS08870,0,1,1,5,4,2
AT688_RS12325,2,1,2,10,12,18
AT688_RS08880,2022,1394,1821,5910,4495,5858
AT688_RS08885,487,251,327,1960,1503,1926
AT688_RS08890,48,32,52,269,158,260
AT688_RS08895,63,47,55,292,171,275
AT688_RS08905,51,28,34,224,196,276
AT688_RS08910,69,41,50,726,442,754
AT688_RS08915,234,139,210,949,781,934
AT688_RS08920,176,100,160,837,646,860
AT688_RS08925,91,54,87,392,332,400
AT688_RS08930,133,87,119,495,378,485
AT688_RS08935,946,560,719,2781,2398,2987
AT688_RS08940,1621,1194,1731,7085,6451,8321
AT688_RS08945,156,99,145,586,455,553
AT688_RS08950,159,81,127,764,647,704
AT688_RS08955,96,61,115,453,264,394
AT688_RS08960,56,14,24,126,71,129
AT688_RS08965,227,166,211,984,678,806
AT688_RS08970,85,48,66,322,215,324
AT688_RS08975,61,19,33,301,213,273
AT688_RS08980,293,132,172,1004,693,839
AT688_RS08985,224,84,90,666,468,617
AT688_RS08990,380,188,221,2370,1693,2281
AT688_RS08995,1953,979,1275,2893,2122,2443
AT688_RS09000,116,89,129,411,360,450
AT688_RS09005,22,17,9,66,49,78
AT688_RS09010,80,50,77,280,229,368
AT688_RS09015,1,0,1,14,21,28
AT688_RS09020,216,100,161,605,375,608
AT688_RS09025,125,96,86,694,465,633
AT688_RS09030,4,3,0,6,2,4
AT688_RS09035,2,6,5,31,13,25
AT688_RS09040,124,81,91,668,490,608
AT688_RS09045,928,548,647,2196,1821,2226
AT688_RS09050,61,27,50,143,77,154
AT688_RS09055,9,0,5,65,44,56
AT688_RS09060,1,2,0,9,18,23
AT688_RS09065,9,16,21,245,191,263
AT688_RS09070,21,17,23,115,86,133
AT688_RS09075,64,33,35,235,177,281
AT688_RS09080,51,21,20,66,48,64
AT688_RS09085,3200,1614,2247,7613,5139,7103
AT688_RS09090,83,38,55,262,158,235
AT688_RS09095,176,109,122,1123,757,936
AT688_RS09100,194,88,121,1009,758,943
AT688_RS09105,219,156,222,1238,1224,1564
AT688_RS09110,9,1,6,60,35,74
AT688_RS09115,0,0,0,6,4,8
AT688_RS09120,0,0,5,36,19,31
AT688_RS09140,7,3,6,10,12,15
AT688_RS09145,0,0,0,0,0,0
AT688_RS09150,0,0,0,0,0,0
AT688_RS09155,0,0,0,0,0,0
AT688_RS09160,0,0,0,0,0,0
AT688_RS09165,0,0,0,0,0,1
AT688_RS09175,0,0,0,1,0,1
AT688_RS09180,0,0,2,0,0,1
AT688_RS09185,0,0,0,0,0,0
AT688_RS09190,0,0,0,0,0,0
AT688_RS09195,0,0,1,0,0,0
AT688_RS09200,0,0,0,0,0,0
AT688_RS09210,2,0,1,4,7,3
AT688_RS09215,0,0,0,0,0,0
AT688_RS09220,0,0,0,0,0,0
AT688_RS09225,0,0,0,0,0,0
AT688_RS09230,0,0,0,0,0,0
AT688_RS09235,0,0,0,0,0,0
AT688_RS09240,0,0,0,0,0,0
AT688_RS09245,0,0,0,0,0,0
AT688_RS09250,0,0,2,0,3,2
AT688_RS09255,1,0,0,0,0,0
AT688_RS09260,0,0,1,1,1,1
AT688_RS09265,0,0,2,2,0,2
AT688_RS09270,0,0,0,0,0,3
AT688_RS09275,0,0,0,1,1,0
AT688_RS09280,0,0,0,1,2,0
AT688_RS09285,0,0,0,0,0,0
AT688_RS09290,0,0,0,0,0,0
AT688_RS12095,0,0,0,0,0,1
AT688_RS09300,0,0,0,0,1,2
AT688_RS09305,0,0,0,0,0,0
AT688_RS09310,0,0,0,0,0,0
AT688_RS09315,0,1,0,0,0,0
AT688_RS09325,0,0,3,0,0,0
AT688_RS09330,0,0,0,0,0,0
AT688_RS09335,0,0,0,0,0,0
AT688_RS09340,0,0,0,0,0,0
AT688_RS09345,0,0,0,0,0,0
AT688_RS12345,0,0,0,0,0,0
AT688_RS09350,0,0,0,0,0,1
AT688_RS09355,0,0,0,0,0,0
AT688_RS09360,1,0,0,7,7,7
AT688_RS09365,15,22,20,74,54,82
AT688_RS09375,58,29,40,207,162,178
AT688_RS09380,48,44,54,334,293,383
AT688_RS09390,116,67,101,576,529,661
AT688_RS09395,93,68,101,380,236,327
AT688_RS09400,38,11,24,144,81,145
AT688_RS09425,47,32,46,221,119,226
AT688_RS09430,52,19,24,39,19,41
AT688_RS09435,1,0,0,0,0,0
AT688_RS09440,8,7,2,36,23,45
AT688_RS09445,3,6,1,29,27,32
AT688_RS09450,6,6,4,27,21,21
AT688_RS09460,17,5,8,59,42,44
AT688_RS09475,146,66,144,607,594,716
AT688_RS09480,72,36,61,239,148,199
AT688_RS09485,17,11,11,89,84,121
AT688_RS09490,35,6,14,187,155,190
AT688_RS09495,101,62,86,377,255,352
AT688_RS09500,1826,1081,1424,4798,3808,4752
AT688_RS09505,5,5,13,17,23,34
AT688_RS09510,53,16,33,120,94,170
AT688_RS09515,1,0,2,1,0,1
AT688_RS09520,24,9,17,75,65,93
AT688_RS09525,32,14,10,84,56,68
AT688_RS09530,63,25,38,129,63,134
AT688_RS09535,117,106,109,445,369,384
AT688_RS09540,7,2,4,44,53,56
AT688_RS09545,262,183,216,798,700,845
AT688_RS09550,89,42,71,215,122,200
AT688_RS09555,364,227,334,1815,1509,2172
AT688_RS09560,5,2,4,19,10,21
AT688_RS09565,2,5,0,17,9,19
AT688_RS09570,16,6,12,144,76,116
AT688_RS09575,17,3,12,84,61,118
AT688_RS09580,7,1,3,22,8,18
AT688_RS09585,16,9,16,81,73,96
AT688_RS09590,29,14,19,270,164,274
AT688_RS09595,28,8,20,18,10,23
AT688_RS09600,26,18,34,111,63,119
AT688_RS09605,2,1,0,13,6,10
AT688_RS09610,131,56,91,322,224,327
AT688_RS09615,46,20,45,186,183,243
AT688_RS09620,236,148,228,991,753,1000
AT688_RS09625,80,46,75,345,286,393
AT688_RS09630,243,131,170,832,524,798
AT688_RS09635,481,313,429,1994,1517,2002
AT688_RS09640,296,163,187,1152,929,1262
AT688_RS09645,351,274,280,1854,1390,1866
AT688_RS09650,445,280,376,1784,1751,1982
AT688_RS09655,31,13,14,111,73,97
AT688_RS09660,64,46,60,257,216,259
AT688_RS09665,26,16,29,127,152,165
AT688_RS09670,27,23,18,171,112,183
AT688_RS09675,19,17,19,97,89,103
AT688_RS09680,16,11,11,76,42,51
AT688_RS09685,29,23,25,89,77,105
AT688_RS09690,50,24,27,80,41,73
AT688_RS09695,93,51,98,506,311,422
AT688_RS09700,39,23,27,119,81,126
AT688_RS09705,15,9,30,114,72,113
AT688_RS09710,10,4,1,54,50,70
AT688_RS09715,2,0,1,20,14,24
AT688_RS09720,8,2,4,66,30,63
AT688_RS09725,27,19,20,123,100,137
AT688_RS09730,181,127,167,1119,783,1226
AT688_RS09735,27,15,25,138,113,158
AT688_RS09740,0,1,1,2,3,2
AT688_RS09745,6380,4953,5829,25350,21602,26856
AT688_RS09750,1978,1301,1833,8813,7455,9791
AT688_RS09755,374,269,373,2275,2175,2483
AT688_RS09760,90,53,72,503,331,490
AT688_RS09765,871,578,718,3406,3053,3689
AT688_RS09770,1014,607,744,4019,2947,4079
AT688_RS09775,0,0,0,0,0,0
AT688_RS09780,6,2,3,11,12,3
AT688_RS09790,0,0,0,3,0,3
AT688_RS09795,0,0,0,0,0,1
AT688_RS09800,38,22,39,334,260,386
AT688_RS09805,208,125,243,1339,1244,1597
AT688_RS09810,53,21,41,183,103,152
AT688_RS09815,139,62,92,505,422,574
AT688_RS09820,30,24,36,143,112,140
AT688_RS09825,48,31,46,322,240,365
AT688_RS09830,45,14,25,253,193,261
AT688_RS09835,36,25,38,193,148,210
AT688_RS09840,17,14,15,84,65,84
AT688_RS09845,4,2,4,16,18,23
AT688_RS09850,11,4,8,25,15,36
AT688_RS09855,0,0,0,0,0,0
AT688_RS09860,4,3,1,23,8,9
AT688_RS09865,83,71,117,218,233,255
AT688_RS09870,4,3,13,13,5,9
AT688_RS09875,39,36,36,130,95,132
AT688_RS09880,1,1,0,7,1,4
AT688_RS09885,65,36,70,174,139,171
AT688_RS09890,609,355,516,3098,2572,3262
AT688_RS09895,26,14,20,131,76,109
AT688_RS09900,92,42,62,578,444,638
AT688_RS09905,770,352,484,4235,2833,4088
AT688_RS09910,124,52,72,657,345,507
AT688_RS09930,22,22,19,64,50,50
AT688_RS09935,0,0,0,0,0,2
AT688_RS09940,285,180,236,519,417,453
AT688_RS09945,364,203,249,1754,1355,1771
AT688_RS09950,28,18,23,240,139,178
AT688_RS09955,8,10,11,59,41,63
AT688_RS09960,16,9,18,137,85,119
AT688_RS09965,26,27,42,130,106,138
AT688_RS09970,210,107,196,2775,2095,3383
AT688_RS09975,1952,1169,1526,7442,5874,8107
AT688_RS09980,8,7,10,35,38,72
AT688_RS09985,1479,1093,1532,6781,6014,8255
AT688_RS09990,582,454,573,4110,3645,5239
AT688_RS09995,6384,4686,5267,37001,31022,45694
AT688_RS10000,8634,5411,7549,28093,21999,29744
AT688_RS12115,7903,4672,6511,35360,25109,34595
AT688_RS10010,4649,2788,3642,14994,11133,15510
AT688_RS10015,477,334,541,1723,1578,2238
AT688_RS10020,16,10,10,55,31,31
AT688_RS10025,12,14,17,66,29,39
AT688_RS10030,9,4,12,37,32,37
AT688_RS10035,18,10,10,115,81,97
AT688_RS10040,32,7,14,41,36,41
AT688_RS10045,1,0,0,0,0,0
AT688_RS10050,535,255,341,994,610,1023
AT688_RS10055,418,253,364,1047,708,941
AT688_RS10060,119,78,119,492,455,581
AT688_RS10065,254,152,190,883,665,856
AT688_RS10070,94,63,81,237,196,309
AT688_RS10075,11,2,5,37,28,46
AT688_RS10080,41,14,30,168,167,182
AT688_RS10085,49,45,69,297,269,373
AT688_RS10090,3,0,2,11,7,8
AT688_RS10095,973,699,858,6264,5882,6751
AT688_RS10100,159,98,134,1142,1016,1391
AT688_RS10105,100,68,97,723,624,739
AT688_RS10110,7,2,5,19,9,17
AT688_RS10115,1293,700,984,4817,3914,5145
AT688_RS10120,797,376,609,2547,1768,2455
AT688_RS10125,77,49,68,256,168,258
AT688_RS10130,329,246,298,1187,983,1261
AT688_RS10135,19,2,3,28,14,31
AT688_RS10140,40,19,24,206,124,152
AT688_RS10145,12,0,3,33,19,36
AT688_RS10150,83,48,58,433,298,390
AT688_RS10155,90,43,73,501,416,520
AT688_RS10160,133,63,113,724,494,736
AT688_RS10165,184,138,197,1311,1149,1375
AT688_RS10170,28,13,24,141,110,145
AT688_RS10175,16,19,14,106,94,88
AT688_RS10180,101,54,56,336,212,309
AT688_RS10185,407,170,265,615,427,654
AT688_RS10195,420,273,353,2399,2394,2770
AT688_RS12140,45,37,40,62,61,66
AT688_RS12145,38,21,32,75,63,76
AT688_RS10200,2,1,2,24,31,37
AT688_RS10205,118,47,92,489,407,584
AT688_RS10210,15,16,20,60,51,76
AT688_RS10215,10,8,16,56,70,65
AT688_RS10220,0,1,1,16,11,12
AT688_RS12155,0,0,3,25,22,16
AT688_RS10225,38,27,29,187,187,200
AT688_RS10230,32,29,41,84,57,91
AT688_RS10235,13,6,8,56,43,70
AT688_RS10240,41,14,32,157,129,146
AT688_RS10245,1,2,4,30,22,27
AT688_RS10250,2,0,0,10,10,3
AT688_RS10260,20,17,19,80,92,109
AT688_RS10265,19,10,18,188,113,219
AT688_RS10270,21,17,36,287,215,352
AT688_RS10275,34,35,64,264,203,363
AT688_RS10280,1,1,1,8,7,8
AT688_RS10285,0,0,2,6,8,6
AT688_RS10290,14,11,6,71,48,66
AT688_RS10295,22,5,15,72,47,87
AT688_RS10300,112,92,105,478,377,415
AT688_RS10305,39,37,31,204,160,205
AT688_RS10310,0,1,0,9,10,8
AT688_RS10315,10,2,9,83,71,98
AT688_RS10320,14,4,6,106,77,95
AT688_RS10325,6,5,6,56,34,36
AT688_RS10330,1,0,3,3,0,2
AT688_RS10335,0,2,0,5,2,10
AT688_RS10340,348,163,248,1498,1172,1584
AT688_RS10345,76,51,83,518,434,518
AT688_RS10350,196,91,117,784,629,881
AT688_RS10355,86,48,81,380,342,458
AT688_RS10360,23,17,26,177,185,207
AT688_RS10365,96,59,92,404,353,400
AT688_RS10370,104,54,63,434,324,411
AT688_RS10375,10,4,7,91,55,80
AT688_RS10380,94,44,72,540,419,446
AT688_RS10385,49,16,46,370,213,320
AT688_RS10390,27,4,5,53,30,75
AT688_RS10395,28,21,25,183,103,110
AT688_RS10400,44,22,21,192,106,155
AT688_RS10405,74,59,74,367,253,339
AT688_RS10410,50,21,24,192,118,162
AT688_RS10415,53,43,50,316,245,318
AT688_RS10420,4,0,0,22,10,20
AT688_RS10425,20,7,12,74,57,94
AT688_RS10430,200,115,176,1331,1102,1539
AT688_RS10435,97,48,73,706,461,559
AT688_RS10440,267,166,233,1881,1329,1676
AT688_RS10450,73,25,46,186,107,178
AT688_RS10455,857,507,710,3028,2284,2986
AT688_RS10460,905,631,728,1651,1267,1870
AT688_RS10465,1574,1084,1254,2843,1997,2888
AT688_RS10470,91,63,77,605,509,659
AT688_RS10480,340,165,174,1331,1149,1524
AT688_RS10490,148,75,93,562,410,670
AT688_RS10495,6,0,3,17,9,16
AT688_RS10500,360,200,225,1043,847,1155
AT688_RS10505,22,7,6,62,42,55
AT688_RS10510,3,1,4,14,13,14
AT688_RS10515,87,64,99,510,387,388
AT688_RS10520,29,15,27,132,126,149
AT688_RS10525,28,18,21,111,111,128
AT688_RS10530,64,63,60,359,254,314
AT688_RS10535,27,23,21,104,106,126
AT688_RS10540,62,49,51,214,131,252
AT688_RS10545,160,126,163,588,585,883
AT688_RS10550,67,47,48,393,274,451
AT688_RS10555,64,45,62,343,231,431
AT688_RS10560,57,32,32,279,183,244
AT688_RS10565,11,2,10,42,28,51
AT688_RS10570,46,35,32,213,167,264
AT688_RS10575,482,247,333,1817,1458,1902
AT688_RS10580,1136,855,1197,3977,3437,4790
AT688_RS10585,101,96,82,352,350,448
AT688_RS10590,638,443,537,2188,2073,2686
AT688_RS12355,0,0,0,0,0,0
AT688_RS10600,3509,1874,2585,6892,4731,6976
AT688_RS10605,874,544,652,1621,1174,1766
AT688_RS10610,110,55,50,246,127,209
AT688_RS10615,31,24,35,76,42,75
AT688_RS10620,12,3,5,33,41,56
AT688_RS10625,108,60,90,269,208,312
AT688_RS10630,85,62,70,533,455,618
AT688_RS10635,108,55,85,666,486,628
AT688_RS10640,60,28,36,391,222,348
AT688_RS10645,85,47,69,423,355,472
AT688_RS10650,7,8,6,35,32,19
AT688_RS10710,0,0,2,0,0,0
AT688_RS10715,24,6,15,78,59,91
AT688_RS10720,247,153,203,837,725,892
AT688_RS10725,13,1,3,21,19,19
AT688_RS10730,64,27,42,296,211,272
AT688_RS10735,26,10,36,213,160,213
AT688_RS10740,100,59,90,452,406,455
AT688_RS10745,103,59,81,560,423,639
AT688_RS10750,23,7,13,82,38,86
AT688_RS10755,1,1,0,8,6,9
AT688_RS10760,9,10,6,55,52,69
AT688_RS10765,46,41,58,147,143,175
AT688_RS10770,25,9,19,111,66,90
AT688_RS10775,0,0,0,0,0,0
AT688_RS10780,267,219,301,888,656,923
AT688_RS10785,473,237,265,878,634,878
AT688_RS10790,52,31,25,157,114,163
AT688_RS10795,66,43,58,301,283,429
AT688_RS10800,69,55,78,340,279,372
AT688_RS10805,23,19,25,106,82,113
AT688_RS10810,99,65,72,365,302,437
AT688_RS10815,148,88,130,545,462,617
AT688_RS10820,0,0,2,0,3,0
AT688_RS10825,36,12,17,82,54,61
AT688_RS10830,64,42,60,374,308,332
AT688_RS10840,65,29,44,111,91,112
AT688_RS10845,277,153,258,1326,1006,1285
AT688_RS10850,38,9,30,166,122,164
AT688_RS10855,130,44,69,219,104,181
AT688_RS10860,885,593,764,3878,3280,3781
AT688_RS10865,102,36,57,513,318,453
AT688_RS10870,300,160,230,1009,701,984
AT688_RS10875,14,2,4,28,11,25
AT688_RS10880,90,39,48,256,166,220
AT688_RS10885,48,34,58,206,193,258
AT688_RS10890,258,142,152,1302,929,1254
AT688_RS10895,18,10,9,79,67,95
AT688_RS10900,248,126,156,948,675,1024
AT688_RS10905,31,14,22,115,118,167
AT688_RS10910,26,10,24,128,97,133
AT688_RS10915,70,24,66,269,279,364
AT688_RS10920,150,88,102,784,649,744
AT688_RS10925,63,30,51,171,125,184
AT688_RS10930,20,7,4,69,43,66
AT688_RS10935,2,0,2,0,3,16
AT688_RS10940,1,5,4,10,13,16
AT688_RS10945,2,0,4,5,8,2
AT688_RS10950,52,25,28,125,72,92
AT688_RS10955,222,93,160,848,704,961
AT688_RS10960,24,5,13,63,45,52
AT688_RS10965,5,0,0,2,6,3
AT688_RS10970,344,177,213,957,684,1054
AT688_RS10975,43,10,31,156,80,144
AT688_RS10980,49,20,27,272,225,200
AT688_RS10985,16,14,12,134,64,126
AT688_RS10995,307,190,308,1461,1118,1526
AT688_RS11000,439,273,344,1832,1424,1814
AT688_RS11005,189,111,120,833,473,710
AT688_RS12175,7,2,9,82,52,82
AT688_RS12180,3,0,0,10,12,14
AT688_RS11020,133,73,130,470,289,400
AT688_RS11025,5,5,0,53,16,24
AT688_RS11030,8,4,4,42,55,52
AT688_RS11035,3,1,2,53,21,39
AT688_RS11040,48,30,52,346,282,345
AT688_RS11045,1,0,0,8,2,10
AT688_RS11050,10,3,5,35,16,25
AT688_RS11055,28,9,29,127,97,108
AT688_RS11060,5,0,8,35,31,37
AT688_RS11065,14,15,9,129,93,131
AT688_RS11075,17531,10227,14135,49729,41528,51557
AT688_RS11090,1,1,4,7,4,11
AT688_RS11095,1,0,0,2,0,3
AT688_RS11100,1,0,1,23,5,20
AT688_RS11105,1,3,1,16,17,13
AT688_RS11110,87,53,76,324,251,370
AT688_RS11115,26,37,21,168,132,212
AT688_RS11135,418,162,293,1248,703,1356
AT688_RS11140,153,81,96,397,337,423
AT688_RS11145,56,28,67,240,210,233
AT688_RS11150,6,5,4,25,25,29
AT688_RS11155,11,18,12,59,44,44
AT688_RS11160,0,0,0,0,0,0
AT688_RS11165,0,0,0,0,0,1
AT688_RS11170,2,2,1,4,2,4
AT688_RS11175,11,5,11,40,31,47
AT688_RS11180,24,27,24,64,65,73
AT688_RS11185,0,0,0,1,0,2
AT688_RS11190,4,0,4,5,7,6
AT688_RS11195,26,12,17,49,36,51
AT688_RS11200,61,35,49,149,130,160
AT688_RS11205,50,57,47,162,112,218
AT688_RS11210,9,6,10,27,30,37
AT688_RS11215,301,157,203,761,639,800
AT688_RS11220,84,39,68,256,221,245
AT688_RS11225,21,16,11,200,135,149
AT688_RS11230,94,30,42,256,185,248
AT688_RS11235,76,39,57,374,173,289
AT688_RS11240,51,21,23,174,137,169
AT688_RS11245,280,191,249,1119,1059,1370
AT688_RS11250,276,159,234,1344,1244,1511
AT688_RS11255,228,109,154,725,618,717
AT688_RS11260,30,12,37,450,421,564
AT688_RS11265,1193,671,957,6809,5773,7198
AT688_RS11270,318,185,225,2571,2209,2977
AT688_RS11275,635,354,428,3405,2272,3491
AT688_RS11280,0,0,1,5,4,13
AT688_RS11285,0,0,0,4,2,3
AT688_RS11290,0,0,0,7,7,8
AT688_RS11305,1,0,0,3,4,1
AT688_RS11310,0,0,0,3,6,0
AT688_RS11315,2,1,5,4,0,2
AT688_RS11320,28,5,19,30,24,42
AT688_RS11325,15,14,31,72,37,87
AT688_RS11330,61,29,43,203,136,199
AT688_RS11335,40,21,32,183,120,196
AT688_RS11340,7257,3851,4972,12978,8523,11923
AT688_RS11345,12340,5839,7574,38197,25763,36641
AT688_RS11350,170,89,114,596,512,590
AT688_RS11355,2,1,0,15,15,20
AT688_RS11360,6,10,4,32,22,41
AT688_RS11365,4,0,6,13,11,14
AT688_RS11370,14,0,10,56,25,37
AT688_RS11375,26,21,25,118,80,138
AT688_RS11380,202,155,229,1163,1012,1144
AT688_RS11385,2,0,1,3,7,6
AT688_RS11390,247,154,220,597,475,583
AT688_RS11395,240,120,183,392,337,438
AT688_RS11400,14,10,16,166,120,166
AT688_RS11405,14,9,6,244,206,336
AT688_RS11410,118,66,96,680,525,677
AT688_RS11415,48,23,43,166,106,148
AT688_RS11420,332,232,306,1503,1323,1667
AT688_RS11425,3,14,10,85,84,129
AT688_RS11430,39,19,28,263,216,254
AT688_RS11435,709,656,845,3205,3600,4547
AT688_RS11440,16,8,9,57,46,59
AT688_RS11445,14,6,6,73,27,59
AT688_RS11450,12,7,4,64,46,72
AT688_RS11455,61,30,36,161,109,157
AT688_RS11460,26,10,16,61,29,80
AT688_RS11465,69,33,38,227,197,207
AT688_RS11470,157,116,112,420,299,433
AT688_RS11475,19,6,22,111,103,101
AT688_RS11480,35,36,50,95,101,126
AT688_RS11485,317,196,260,1362,1071,1432
AT688_RS11490,16,7,8,32,16,19
AT688_RS11495,5,2,1,12,24,28
AT688_RS11500,31,14,16,45,42,46
AT688_RS11505,0,7,1,15,6,21
AT688_RS11510,7,4,3,24,20,31
AT688_RS11515,6,4,7,17,22,28
AT688_RS11520,12,4,9,50,30,35
AT688_RS11525,18,5,8,73,45,75
AT688_RS11530,6,2,8,7,9,11
AT688_RS11535,26,8,21,80,83,78
AT688_RS11540,6,4,10,54,26,39
AT688_RS11545,47,26,27,172,115,151
AT688_RS11550,47,24,31,316,269,326
AT688_RS11555,75,67,79,401,306,506
AT688_RS11560,1,4,2,9,17,15
AT688_RS11565,14,11,4,72,75,79
AT688_RS11570,3,0,0,3,9,4
AT688_RS11575,0,0,1,0,0,0
AT688_RS11580,0,0,0,0,0,0
AT688_RS11585,0,0,0,0,0,0
AT688_RS11590,0,0,1,3,1,3
AT688_RS11595,0,0,0,0,1,2
AT688_RS11600,0,0,0,0,0,0
AT688_RS11605,0,0,0,0,0,0
AT688_RS11610,0,0,1,1,0,0
AT688_RS11615,184,103,115,559,392,514
AT688_RS11620,1266,825,1059,4802,4019,4649
AT688_RS11625,12,4,8,70,53,48
AT688_RS11630,359,255,352,2060,1835,2242
AT688_RS11635,6,1,5,17,21,35
AT688_RS11640,6,4,4,27,14,31
AT688_RS11645,18,14,11,59,33,43
AT688_RS11650,9,4,4,36,21,42
AT688_RS11655,22,4,11,62,37,61
AT688_RS11660,279,168,269,724,653,696
AT688_RS11665,33,19,34,102,92,112
AT688_RS11670,9,5,4,17,3,15
AT688_RS11675,2158,1292,1739,10314,8303,10858
AT688_RS11680,7,4,4,50,45,48
AT688_RS11685,17,7,10,28,18,15
AT688_RS11690,8,7,8,83,81,136
AT688_RS11695,9,0,3,23,23,22
AT688_RS11700,7,11,10,76,52,62
AT688_RS11705,56,41,55,245,224,257
AT688_RS11720,89,38,55,430,367,474
AT688_RS11735,0,0,0,0,0,0
AT688_RS11740,0,2,0,2,0,1
AT688_RS11750,1,2,4,7,3,8
AT688_RS11755,23,5,20,62,71,90
AT688_RS11760,0,0,0,0,0,1
AT688_RS11765,0,0,2,5,4,0
AT688_RS11770,338,206,332,1645,1174,1698
AT688_RS11775,487,217,342,2658,1547,2329
AT688_RS11780,73,18,40,420,264,411
AT688_RS11785,305,192,253,1599,1383,1541
AT688_RS11790,39,6,12,89,51,67
AT688_RS11795,1,0,0,8,8,5
AT688_RS11800,4,0,0,7,3,9
AT688_RS11815,6,0,1,8,2,12
AT688_RS11820,8,4,5,5,6,5
AT688_RS11825,0,0,0,3,4,8
AT688_RS11830,11,10,5,47,24,47
AT688_RS12385,0,0,1,0,0,4
AT688_RS11840,0,0,0,0,0,0
AT688_RS11845,8,10,9,68,32,57
AT688_RS11850,1,1,3,9,5,13
AT688_RS12230,5,4,1,15,12,15
AT688_RS11855,3,6,3,26,10,19
AT688_RS11860,62,29,45,264,201,273
AT688_RS11870,23,11,11,21,32,53
AT688_RS11875,68,41,50,279,196,264
AT688_RS11880,31,16,13,87,39,79