geneid,Off1,On1,On2,Off3,On3,Off2
723_00001,778,684,671,820,691,785
723_00002,138,102,87,137,100,148
723_00003,326,224,193,357,208,370
723_00004,327,329,331,380,363,374
723_00005,128,96,109,153,89,139
723_00006,2311,2449,2545,2444,2589,2357
723_00007,388,296,334,409,324,405
723_00008,22,18,23,29,24,23
723_00010,17,19,27,31,28,25
723_00012,31,26,21,21,27,24
723_00015,7441,8174,8632,7741,8186,7611
723_00017,19714,19848,20227,21107,20018,20725
723_00019,32537,35898,36181,34751,36528,34099
723_00023,7700,6764,6806,8187,6646,8030
723_00024,6582,5893,6240,7181,6020,7178
723_00035,18183,20941,22097,19592,22011,19521
723_00036,12172,15589,16220,12562,16067,12716
723_00037,8207,11016,11809,8386,11385,8364
723_00048,12,10,12,10,9,17
723_00049,27,32,33,56,27,36
723_00050,343,221,215,380,198,383
723_00051,288,185,163,339,169,302
723_00061,2363,1979,2155,2535,2088,2599
723_00066,2620,3869,3913,2694,4030,2670
723_00067,1064,1411,1460,1156,1426,1143
723_00069,12815,13655,14218,13593,14077,13412
723_00073,1635,1435,1554,1806,1538,1687
723_00075,388,272,302,441,266,438
723_00083,21710,24586,24436,23615,24605,23024
723_00085,3366,1221,1311,3762,1281,3555
723_00086,405,161,133,452,141,427
723_00090,2331,2143,2407,2427,2296,2466
723_00096,95973,83224,84681,98181,88104,100838
723_00100,1561,1568,1650,1638,1705,1597
723_00101,2138,2292,2370,2127,2339,2231
723_00104,3454,3604,3819,3751,3706,3677
723_00105,2901,3043,3176,3086,3121,2956
723_00106,2145,2793,2885,2366,2849,2328
723_00123,545,353,457,637,466,613
723_00132,32748,35354,36862,34581,37300,35329
723_00135,175,58,129,192,115,110
723_00136,93,70,55,100,49,95
723_00137,69,24,41,80,25,83
723_00138,41,18,16,31,21,40
723_00139,24,10,4,24,11,21
723_00140,1772,551,601,1832,595,1943
723_00141,5455,7262,7658,5878,7646,6143
723_00142,12256,11915,11974,12244,12466,12654
723_00143,32,26,18,37,21,37
723_00144,59,46,62,63,44,59
723_00145,8668,9821,10326,9380,9934,9718
723_00146,9724,9870,10475,10447,10236,10649
723_00147,8538,8727,9058,9185,8999,8886
723_00148,16987,18744,19750,18047,19480,18478
723_00149,11505,11267,11333,11718,11353,12186
723_00150,12,3,1,11,3,4
723_00151,7,8,10,9,8,15
723_00152,56,47,34,49,47,56
723_00153,156,117,125,171,130,161
723_00154,170,110,129,172,126,142
723_00155,20,17,27,30,16,16
723_00156,47,64,59,55,46,62
723_00157,59,45,76,66,58,77
723_00158,198,210,246,221,195,222
723_00159,163,204,177,213,212,207
723_00160,3182,2175,2320,3179,2320,3342
723_00161,320,125,89,377,107,347
723_00162,1,2,2,5,2,9
723_00163,38,37,35,47,27,50
723_00164,156,117,103,160,113,148
723_00165,122,106,85,108,101,111
723_00166,249,220,227,238,262,267
723_00167,219,126,130,220,130,196
723_00168,445,281,289,430,269,458
723_00169,481,363,291,499,327,457
723_00170,50,44,52,65,48,46
723_00171,46,45,39,59,37,49
723_00172,4,4,3,3,3,4
723_00174,1714,1418,1509,1723,1453,1803
723_00175,2393,3281,3293,2480,3294,2510
723_00180,3715,3452,3500,3787,3368,4057
723_00181,4113,3608,3757,4424,3780,4386
723_00182,4121,3386,3580,4538,3564,4427
723_00183,1106,899,1164,1349,1042,1165
723_00188,476,646,643,576,672,565
723_00191,3337,3243,3539,3735,3417,3511
723_00201,7707,8330,8780,8289,8545,8338
723_00202,4999,4754,5568,5652,5453,4975
723_00205,12076,11424,13006,13233,12607,12190
723_00211,706,490,546,779,512,771
723_00225,1375,1244,1175,1465,1264,1424
723_00231,9011,11174,11375,9445,11721,9861
723_00237,10127,9946,10245,10610,10282,10570
723_00244,2826,3293,3360,2995,3208,2995
723_00249,12149,15863,15554,13137,16151,12810
723_00250,7676,8723,9115,8021,8929,8107
723_00251,5473,5651,6388,6066,6096,5590
723_00256,299,234,275,319,234,312
723_00258,4668,4698,4884,4934,4817,5185
723_00259,272,253,297,315,276,294
723_00260,122,115,122,134,141,142
723_00261,205,210,211,193,206,207
723_00262,44,32,41,44,38,26
723_00263,43,50,40,46,40,51
723_00264,98,114,111,104,111,132
723_00265,148,141,172,188,151,149
723_00266,301,235,245,305,218,272
723_00267,72,32,46,70,36,71
723_00268,169,73,70,168,75,150
723_00269,63,28,22,71,33,54
723_00270,145,56,56,141,48,155
723_00271,3535,3304,3528,3615,3476,3951
723_00272,10625,9858,10547,11100,10127,11654
723_00273,8755,9081,9601,9016,9501,9279
723_00274,5286,6008,6098,5394,6156,5714
723_00275,959,1029,1029,1068,988,1080
723_00276,64,67,81,73,86,103
723_00277,4767,3194,2965,5033,3219,5115
723_00278,38,54,41,44,42,36
723_00279,50,62,67,57,50,74
723_00280,59,65,62,61,68,87
723_00281,50,59,52,53,48,45
723_00282,25,25,23,17,22,16
723_00283,5,2,8,5,3,4
723_00284,5,10,11,10,7,5
723_00285,32,41,23,33,28,35
723_00286,96,79,89,104,96,101
723_00287,84,94,93,90,84,111
723_00288,46,51,46,45,67,52
723_00289,153,132,134,148,90,132
723_00290,78,92,95,76,88,89
723_00292,9926,10574,10821,10486,11053,10613
723_00297,5100,4904,5185,5654,5004,5386
723_00298,99,75,92,95,76,94
723_00299,17687,16874,17183,18748,17169,18644
723_00302,839,1101,1004,839,1026,860
723_00307,2266,1159,1227,2416,1251,2422
723_00309,3199,2233,2504,3241,2290,3023
723_00310,34592,29490,30035,35625,29165,35713
723_00312,3420,3388,3556,3349,3516,3676
723_00313,1428,1175,1274,1484,1231,1542
723_00314,2453,2344,2424,2667,2392,2724
723_00315,420,222,226,408,218,527
723_00319,746,1032,1075,766,1080,765
723_00322,1997,2050,2255,2164,2250,1972
723_00339,13520,14602,15380,14674,15380,14440
723_00351,2309,2396,2666,2502,2653,2598
723_00358,6264,7860,7935,6559,7781,6757
723_00360,11028,12353,12976,11651,12793,11694
723_00361,30391,31586,32717,32765,32199,32419
723_00364,62,73,54,84,66,81
723_00366,21058,28747,29956,21825,29670,22537
723_00373,1130,1222,1357,1247,1294,1206
723_00376,58178,70873,72986,60754,72362,61060
723_00377,696,399,386,758,372,733
723_00378,5909,4397,4619,6345,4612,6190
723_00379,9087,7150,7440,9606,7459,9279
723_00380,4717,4200,4257,4919,4266,4730
723_00381,3554,3317,3493,3875,3391,3774
723_00382,9109,10641,10828,9560,10913,9432
723_00384,4215,3685,3808,4635,3744,4436
723_00394,1583,1785,1904,1798,1919,1776
723_00395,590,605,589,606,578,592
723_00400,1453,1044,1030,1498,1035,1389
723_00401,1750,1216,1205,1757,1201,1745
723_00402,4696,3539,3662,5016,3613,5063
723_00403,15719,12798,13354,16622,13181,16408
723_00406,2802,2474,2683,2951,2556,3010
723_00411,3225,1915,1869,3583,1879,3441
723_00412,6614,3942,3903,6731,3901,7073
723_00413,64752,32867,33764,73326,32603,68566
723_00414,74676,37861,37489,71733,39847,73999
723_00430,54746,62224,65494,57738,64628,56901
723_00439,1506,1899,1888,1559,1901,1525
723_00445,2130,2503,2555,2249,2631,2326
723_00455,1582,1376,1489,1615,1503,1641
723_00470,1577,1199,1267,1607,1279,1648
723_00471,11435,12789,13171,13109,14426,12220
723_00472,2005,798,808,2026,804,2064
723_00476,1978,2359,2531,2215,2387,2223
723_00477,5609,6359,6695,6125,6557,6405
723_00482,22942,25292,26271,24325,26018,24053
723_00483,2183,2456,2534,2266,2426,2249
723_00485,7944,11399,11767,8286,11617,8543
723_00488,9982,10787,11510,10996,11337,10872
723_00489,2712,1993,1972,2730,2034,2940
723_00523,7299,8242,8550,8015,8512,7752
723_00527,4309,4229,4426,4659,4467,4743
723_00540,5191,4673,4896,5544,4828,5608
723_00541,13553,12352,13724,15385,13780,13913
723_00552,20429,20952,21551,21998,21392,21776
723_00555,20302,17832,19362,22160,19334,20988
723_00556,10273,9398,9965,10705,9595,11022
723_00557,9792,9017,9573,10487,9186,10454
723_00559,2734,29283,29994,2904,30313,2963
723_00566,2743,2725,3033,2812,3018,3032
723_00567,2985,3240,3479,3152,3386,3114
723_00569,29593,30694,32004,31239,31134,31279
723_00573,70226,93461,98621,75504,96158,73192
723_00580,4655,13909,14460,4681,14303,4883
723_00581,4519,16658,16599,4712,16506,4900
723_00582,1208,3585,3684,1221,3597,1391
723_00583,4460,2941,3077,4780,3203,4920
723_00585,31209,33363,33857,32800,34145,33014
723_00587,512,447,497,567,524,489
723_00588,9450,10426,10834,9925,10776,10175
723_00593,147,1546,1552,182,1636,162
723_00594,1665,1540,1617,1657,1618,1827
723_00596,8582,8561,9798,9480,9335,9027
723_00597,593,584,664,606,640,620
723_00598,10604,10121,10727,11195,10447,11401
723_00599,8603,3784,4302,9564,4222,8559
723_00601,9819,10645,11447,10445,11189,10473
723_00606,5943,8110,8278,6538,8126,5861
723_00608,2562,2684,2832,2641,2785,2608
723_00618,978,930,986,1037,911,1047
723_00631,9455,12706,13314,10277,13262,10169
723_00636,12608,6869,6920,13144,6963,12687
723_00638,8592,7899,8207,9109,8169,9008
723_00640,5251,4830,5365,5681,5263,5483
723_00646,7066,7933,8167,7698,8111,7982
723_00651,9097,8795,8995,10024,9162,9667
723_00652,6829,6589,6762,7516,6807,7789
723_00656,3733,3973,4088,4023,4201,4011
723_00672,80,76,110,97,101,97
723_00673,439,499,499,486,550,501
723_00674,159,256,270,191,262,161
723_00675,78,118,124,82,135,84
723_00680,10069,7616,8009,10642,7785,10778
723_00682,1961,2534,2741,2203,2588,2082
723_00683,4054,4670,5001,4514,4928,4338
723_00687,6100,7629,8068,6490,8038,6458
723_00688,5432,7154,7450,5931,7102,5978
723_00689,5701,6373,7229,6401,7294,5768
723_00690,3617,3863,4359,3822,4306,3643
723_00692,729,401,445,787,397,745
723_00700,81058,70978,76088,85670,74908,84615
723_00708,6770,11489,11473,7033,11915,7224
723_00709,1028,899,966,1145,919,1157
723_00713,13007,15976,16247,13204,16153,12996
723_00717,13530,14551,14994,13906,14793,14155
723_00722,11645,13471,14534,12750,14143,12452
723_00730,6528,6080,6425,6971,6269,6441
723_00733,13169,14203,14567,14364,14284,13614
723_00734,5504,6054,6273,5747,6321,5822
723_00744,6344,6657,6866,7084,6926,6616
723_00751,1871,1312,1286,2022,1349,1993
723_00754,2844,2743,2904,3182,2909,3056
723_00755,30763,31460,33410,32144,33083,32841
723_00762,49228,33048,34794,51753,34510,52672
723_00768,4412,6045,6260,4587,6279,4739
723_00780,3433,3805,3845,3800,3845,3745
723_00781,7443,8110,8292,7789,8205,7859
723_00783,5924,6958,7784,6303,7795,5946
723_00791,22515,22715,23671,23943,23363,23868
723_00802,1750,1564,1671,1927,1684,1780
723_00823,2410,2241,2417,2710,2515,2452
723_00848,9042,9779,10036,9359,9904,9646
723_00849,169,102,87,159,111,160
723_00850,158,105,104,146,123,139
723_00852,3659,3885,3889,3943,4173,3609
723_00857,3311,3807,4029,3455,3841,3427
723_00858,351,315,350,409,362,409
723_00859,1416,963,985,1443,955,1615
723_00860,1876,1119,1194,1919,1256,1997
723_00861,459,323,333,482,332,459
723_00862,1252,939,908,1386,916,1327
723_00863,1374,990,1006,1396,983,1279
723_00864,2660,1560,1662,2870,1554,2783
723_00865,539,211,223,572,240,567
723_00866,1011,436,423,1030,435,1051
723_00867,428,155,192,434,187,427
723_00868,219,152,159,210,113,234
723_00869,412,305,282,460,275,422
723_00870,452,265,313,512,286,475
723_00871,590,342,360,639,349,637
723_00872,1811,725,761,1836,733,1902
723_00873,1004,480,455,1057,425,1032
723_00874,4775,2063,2162,5138,2132,4913
723_00875,414,172,182,405,178,384
723_00876,2149,896,943,2344,972,2184
723_00877,1547,630,591,1609,690,1580
723_00878,1127,482,483,1297,509,1179
723_00879,4033,1632,1819,4311,1832,4213
723_00880,3517,1577,1661,3917,1715,3660
723_00881,1317,1036,972,1401,960,1416
723_00882,925,606,577,1068,592,1040
723_00883,1678,1155,1168,1795,1145,1790
723_00884,1646,878,892,1644,879,1739
723_00885,73,38,35,99,40,77
723_00886,298,138,150,321,165,338
723_00887,95,47,42,113,39,101
723_00888,124,79,90,174,73,152
723_00889,152,75,75,159,72,172
723_00890,118,58,60,136,46,113
723_00891,51,22,34,50,19,48
723_00892,280,113,126,286,125,277
723_00893,2065,1109,1146,2229,1146,2112
723_00894,2246,1862,1917,2526,1942,2456
723_00895,189,133,137,224,140,227
723_00896,402,253,252,421,250,392
723_00897,198,110,110,201,117,217
723_00898,268,163,132,275,153,300
723_00899,256,164,153,315,174,247
723_00900,95,76,82,119,63,123
723_00901,23,8,13,30,13,23
723_00902,60,30,29,67,28,64
723_00903,630,361,330,640,300,692
723_00904,60,26,34,72,32,59
723_00905,111,67,46,169,60,120
723_00906,1190,718,710,1322,719,1305
723_00907,5517,3130,3306,5728,3324,5900
723_00908,447,264,294,466,250,563
723_00909,2874,2771,2888,3155,2877,3098
723_00910,2289,1807,1947,2598,1970,2432
723_00911,2073,1706,1901,2525,2052,2301
723_00921,94006,167092,174491,98656,172554,98490
723_00926,24721,29480,30212,26523,30418,25974
723_00927,1762,2012,2032,1766,2124,1880
723_00935,1719,1877,1899,1471,1861,1660
723_00938,3174,4080,4293,3486,4168,3332
723_00940,17,24,14,19,9,19
723_00941,9888,10632,13695,10347,6802,14487
723_00942,1632,996,934,1686,992,1767
723_00943,4267,2178,2209,4445,2160,4679
723_00944,2147,4459,7470,2355,1696,4412
723_00959,769,371,433,922,407,874
723_00960,419,202,223,436,211,445
723_00963,5214,5649,5912,5417,5849,5448
723_00966,25542,68468,70774,27389,69551,27531
723_00967,26022,37418,39970,27555,39270,27466
723_00970,124,20,25,153,48,131
723_00971,52,28,28,59,20,59
723_00972,7,4,7,4,3,7
723_00973,19,12,18,25,19,20
723_00974,9763,10731,13881,10233,6804,14668
723_00975,1587,975,901,1721,947,1756
723_00976,4241,2100,2180,4433,2201,4666
723_00977,2176,4443,7345,2291,1767,4416
723_00982,19855,22361,23765,21268,23303,21686
723_00989,24970,23011,24513,26411,23980,26317
723_00991,3572,3539,3594,3571,3546,3642
723_00992,3918,4996,5188,4484,5412,4395
723_00995,654,375,381,595,409,678
723_01000,1127,1468,1461,1148,1511,1193
723_01001,5200,6430,6360,5237,6422,5299
723_01006,16028,16796,17495,17208,16678,16945
723_01007,46723,49867,52048,50335,51424,49765
723_01025,4741,4711,4941,4881,5004,5075
723_01036,210,155,142,222,142,230
723_01037,168,146,142,170,134,200
723_01038,913,725,768,905,808,1000
723_01039,2542,2199,2227,2628,2164,2716
723_01041,40,58,37,48,47,45
723_01042,38,25,45,23,18,33
723_01043,2613,12818,13236,2859,13135,2848
723_01044,10844,13779,14145,11364,13998,11419
723_01048,3783,4011,4316,4090,4105,3953
723_01053,1476,1583,1680,1442,1704,1510
723_01060,10147,8971,8376,9669,8716,10179
723_01061,7165,5542,5713,7194,5783,7728
723_01062,793,626,612,845,672,822
723_01063,1635,1499,1631,1859,1630,1667
723_01070,4447,4974,5366,4694,5211,4709
723_01072,224,178,204,253,183,215
723_01073,939,676,668,925,659,977
723_01079,32698,27494,29622,35627,28429,34243
723_01085,1061,1179,1343,1162,1318,1057
723_01087,3569,1545,1647,3755,1611,3665
723_01095,1956,4139,6841,2165,1606,4101
723_01096,3028,1229,1181,3118,1171,3230
723_01097,9539,9999,12539,9820,6679,13765
723_01098,26,26,26,27,10,38
723_01099,133,107,84,162,77,156
723_01100,1195,922,1009,1341,995,1279
723_01111,53573,44355,42428,57590,39752,62738
723_01112,62316,54751,54327,65175,55015,67317
723_01113,9710,8583,8538,9100,8357,10389
723_01114,16693,15186,15076,18478,14947,18225
723_01116,593,717,745,568,702,580
723_01119,6454,7381,7695,6839,7571,6982
723_01120,39052,38644,39785,40954,40073,41451
723_01122,39437,39366,41058,40784,40982,41550
723_01130,801,744,747,841,734,886
723_01131,31795,28878,30741,34025,30252,34566
723_01135,46024,48548,49313,48714,48623,47317
723_01136,7618,8954,9366,8211,9297,8108
723_01140,7127,6507,6841,7613,6840,7459
723_01142,1471,1531,1555,1576,1573,1523
723_01167,434,347,440,481,388,468
723_01168,21210,19833,20556,22988,20311,22582
723_01171,4395,4078,4231,4547,4187,4582
723_01172,1900,1752,1796,1917,1771,1926
723_01173,41050,73432,75582,43353,75974,43888
723_01182,1503,1671,1784,1702,1722,1666
723_01185,1427,824,869,1460,985,1425
723_01201,1602,2284,2320,1784,2316,1716
723_01203,4146,4505,5498,4724,5230,4101
723_01221,10641,10169,10504,11649,10643,11521
723_01227,6140,6087,6026,6477,6252,6658
723_01235,9091,7570,7665,9568,7605,9332
723_01237,3781,3420,3543,4127,3566,4150
723_01239,9779,9510,9783,10779,9792,10226
723_01243,1417,1324,1288,1454,1313,1485
723_01247,4971,5658,5871,5091,6005,5139
723_01248,6852,8528,8774,7240,8799,7286
723_01250,539,578,611,551,611,540
723_01251,155,228,251,206,217,144
723_01252,139,190,199,159,210,137
723_01253,97,125,136,86,118,84
723_01255,389,354,385,366,397,391
723_01258,7470,7717,8284,8384,8411,7812
723_01265,5709,7085,7342,6085,7274,6239
723_01282,1609,1389,1393,1703,1432,1689
723_01291,15481,16354,17234,16897,16908,16518
723_01292,2281,2983,3159,2468,3200,2604
723_01299,6531,7288,7626,6894,7586,6986
723_01307,740,434,472,793,471,716
723_01308,1178,580,610,1255,611,1206
723_01309,12641,10158,11233,13871,11057,13252
723_01315,12671,8437,8505,13463,8652,13300
723_01319,19647,23335,24164,20924,24397,21594
723_01323,2678,2170,2126,2661,2158,2871
723_01326,9678,6419,6769,9999,6589,9996
723_01331,1602,1996,2011,1731,2057,1714
723_01341,79920,56301,57496,83125,57072,81565
723_01344,17801,4846,4925,18212,4897,18908
723_01345,11057,10877,11384,11761,11304,11720
723_01355,4125,5075,5271,4319,5216,4249
723_01356,13784,19033,20130,14505,19793,14730
723_01359,531,323,311,613,321,609
723_01360,1351,1858,1827,1414,1742,1466
723_01361,9680,10739,10963,10212,11193,10029
723_01367,16315,17402,18959,17732,18772,16803
723_01370,11904,10557,10722,12301,10350,11950
723_01374,5085,6910,7348,5580,7258,5421
723_01378,4180,3624,4125,4523,3986,4482
723_01379,218,151,171,260,178,190
723_01380,125,112,128,139,158,124
723_01381,2437,2318,2469,2551,2450,2625
723_01382,149,150,122,162,139,164
723_01383,7426,10177,10745,8056,10598,8167
723_01388,3726,3737,3751,3758,3695,3840
723_01400,825,969,987,923,990,927
723_01401,1058,1257,1294,1159,1245,1187
723_01402,1120,1244,1281,1107,1265,1171
723_01403,1117,1221,1315,1124,1271,1175
723_01408,9153,8490,8792,9471,8714,9465
723_01417,13068,13728,14206,13829,14097,13542
723_01418,174,94,104,183,84,191
723_01419,989,734,767,1033,687,1193
723_01420,5079,3735,3455,5366,3609,5476
723_01421,4050,2761,2753,4354,2808,4358
723_01423,428,531,547,399,533,475
723_01427,1046,1621,1681,1102,1648,1088
723_01438,12306,14748,15231,12905,15306,13020
723_01440,485,97,312,1053,310,215
723_01441,1003,669,718,1117,717,1100
723_01443,10918,14212,14853,11394,14923,11803
723_01448,28056,27005,27667,28891,27706,29341
723_01452,199792,169099,177255,211843,177687,210778
723_01455,4614,2759,2962,4834,2897,4781
723_01456,945,610,576,1023,572,1047
723_01463,2549,2828,2742,2881,2921,2817
723_01464,331,174,347,539,333,221
723_01470,9057,10654,11277,9640,11348,9926
723_01478,2009,4156,6905,2178,1682,4209
723_01479,3329,1261,1225,3327,1313,3514
723_01480,9280,10000,12908,9803,6441,13775
723_01481,23,14,25,21,10,22
723_01482,878,556,619,870,616,932
723_01486,2729,3307,3425,2972,3626,3035
723_01487,2558,2591,2858,2859,2873,2803
723_01489,14034,17635,18260,14965,18405,14924
723_01498,71740,113570,119108,76524,116346,75719
723_01499,16338,18402,20348,18351,20145,16529
723_01509,56444,64520,67107,61085,66284,59728
723_01521,3839,3604,3694,3882,3627,4058
723_01522,15690,20810,21065,16474,21033,16336
723_01527,2667,2592,2810,2949,2621,2741
723_01528,19946,21941,22859,21177,22744,21434
723_01532,7777,8217,8945,8418,8485,7978
723_01541,9477,10341,10808,9923,10615,10159
723_01544,75028,66611,69355,78882,69036,80351
723_01551,1790,2753,2918,1921,2784,1945
723_01554,109,321,340,125,354,153
723_01564,897720,935626,986743,952710,983051,933485
723_01567,444,427,408,505,426,457
723_01568,1761,1092,1048,1818,1046,1876
723_01571,5800,10455,11098,6129,11069,6151
723_01576,848,448,497,912,527,982
723_01577,5998,4081,3880,5525,4277,6447
723_01578,675,488,441,568,483,733
723_01583,3001,3503,3738,3248,3631,2997
723_01587,117,72,70,109,59,114
723_01589,8792,4552,4599,9236,4386,9732
723_01590,5845,2979,3053,5906,3013,6352
723_01591,3118,1476,1487,3618,1475,3690
723_01592,2035,4087,6747,2091,1602,4117
723_01593,3230,1274,1236,3368,1262,3546
723_01594,9192,9978,12831,9727,6501,13956
723_01595,21,18,26,21,29,29
723_01599,367,202,229,328,242,303
723_01602,14888,14294,14808,15914,14542,15961
723_01605,6705,8347,8658,7221,8518,7032
723_01606,10799,12963,13476,11593,13325,11213
723_01607,15370,20296,20903,16161,21043,16161
723_01608,1595,1993,2029,1702,2025,1750
723_01610,4750,4893,4920,4903,4995,4937
723_01612,4177,4461,4397,4535,4335,4450
723_01614,3652,3448,3593,3920,3504,3790
723_01616,143,147,155,162,150,157
723_01618,451,143,143,472,139,534
723_01622,7245,8331,9038,7829,9004,7773
723_01626,286,190,196,319,195,346
723_01627,3377,3120,3141,3322,3147,3505
723_01628,3083,2739,2725,3147,2723,3170
723_01629,11,18,13,17,14,12
723_01633,144,101,96,180,83,201
723_01634,594,443,432,628,418,644
723_01636,9191,7002,7357,9707,7301,9636
723_01641,3221,3242,3467,3374,3401,3467
723_01642,2195,2117,2221,2282,2229,2298
723_01650,3862,4599,4895,4149,4857,4140
723_01654,542,547,590,570,556,551
723_01663,1238,1997,2219,1348,2146,1194
723_01667,2638,3257,3648,2801,3475,2723
723_01670,1207,1608,1713,1257,1788,1287
723_01672,36,19,18,35,24,30
723_01677,12039,14077,14845,13336,14500,12909
723_01679,6044,7633,8120,6212,7990,6195
723_01682,7133,22634,23006,7393,22278,7333
723_01687,8897,7212,7459,9453,7425,9606
723_01689,4693,3708,3764,5041,3705,4942
723_01696,14620,33279,34603,15878,33854,15888
723_01707,760,753,871,824,786,802
723_01713,3059,3070,3343,3379,3224,3233
723_01714,2721,2963,2907,2915,3028,3012
723_01715,4613,4519,4571,4732,4609,4910
723_01716,34576,82185,83852,36766,83340,37259
723_01724,2088,4084,6906,2172,1591,4166
723_01725,3644,1828,1872,3779,1876,4015
723_01726,1459,837,878,1485,876,1591
723_01727,9219,10149,13002,9810,6519,13775
723_01728,19,15,13,21,16,18
723_01730,1748,2490,2633,1724,2569,1789
723_01731,458,582,594,508,573,476
723_01732,591,244,521,1037,487,380
723_01737,1281,927,942,1324,895,1252
723_01738,733,540,531,747,476,787
723_01739,1831,1183,1243,2002,1222,1832
723_01743,1487,1767,1771,1653,1851,1603
723_01746,8820,8611,8851,9590,8464,9415
723_01748,170,146,132,173,110,159
723_01749,288,325,308,318,279,343
723_01757,26458,28299,28921,27876,29028,28597
723_01765,4414,4103,4325,4681,4354,4631
723_01766,2076,2823,2997,2415,2999,2124
723_01769,5169,3730,4200,5699,4159,5295
723_01770,3704,3252,3410,3870,3393,3829
723_01771,5810,4517,4743,6201,4469,6253
723_01776,12643,11100,11354,13182,11422,13366
723_01779,3098,2668,2780,3133,2731,3296
723_01785,27825,33048,34915,29314,34716,29010
723_01787,59752,71980,73748,62817,73300,62454
723_01790,8370,9020,9367,9125,9392,9212
723_01796,14164,15075,16291,15027,15998,14866
723_01808,4045,4501,4773,4354,4658,4261
723_01813,272,174,181,322,190,292
723_01815,51,56,56,83,66,62
723_01816,814,853,859,882,826,877
723_01817,949,801,810,993,824,1010
723_01818,668,536,593,678,598,691
723_01820,240,281,268,270,274,265
723_01821,79,88,114,90,124,99
723_01823,19,16,15,15,11,16
723_01824,147,181,162,140,159,180
723_01826,204,150,170,177,145,182
723_01827,324,320,338,340,304,307
723_01828,64,66,50,63,60,79
723_01829,85,76,76,68,70,72
723_01831,463,364,386,495,366,453
723_01832,129,94,119,153,105,118
723_01833,86,79,80,80,68,91
723_01834,86,76,86,105,73,105
723_01835,211,153,154,227,182,225
723_01836,57,50,43,72,33,88
723_01837,12945,11414,11561,14234,11602,14132
723_01838,251,339,306,272,292,286
723_01839,96,90,76,98,75,113
723_01840,112,109,103,121,107,133
723_01841,98,66,76,125,92,97
723_01842,60,35,41,65,62,53
723_01843,151,117,125,178,113,150
723_01844,199,164,189,225,157,257
723_01845,228,160,197,268,190,262
723_01846,118,99,101,151,90,148
723_01847,74,57,49,66,41,60
723_01848,5540,5777,5744,6029,5892,5858
723_01849,286,293,288,330,298,352
723_01850,61,61,61,67,44,69
723_01851,333,366,335,359,315,387
723_01852,933,1016,1078,944,1038,992
723_01853,849,873,989,893,910,834
723_01854,1108,1181,1205,1151,1188,1144
723_01855,4074,4661,4653,4420,4598,4227
723_01856,407,470,495,427,468,421
723_01857,4070,4427,4604,4343,4549,4362
723_01859,1776,1684,1663,1869,1680,1844
723_01860,1917,1808,1810,1923,1823,1884
723_01861,2871,2707,2770,3032,2881,2972
723_01862,1673,1560,1640,1693,1588,1650
723_01863,2238,2035,2133,2345,2078,2328
723_01864,1650,1521,1497,1728,1628,1744
723_01865,714,656,673,799,688,723
723_01866,4950,4740,4877,5193,4905,5233
723_01867,661,593,579,648,598,611
723_01868,9956,9893,10427,10789,10175,10596
723_01869,2102,1094,1023,2101,1088,2344
723_01870,919,805,865,975,874,1003
723_01871,907,829,808,989,843,963
723_01872,812,688,739,799,742,787
723_01873,1539,1650,1611,1815,1599,1676
723_01874,3783,3660,3610,4123,3580,3876
723_01875,2092,1918,1869,2270,1828,2113
abgA,2566,4694,4930,2673,4787,2718
accA,21857,21695,22887,23666,22505,23884
accB,17098,18968,20158,18199,20104,18148
accC,43015,40233,41246,45444,40486,45416
accD,21717,22493,23147,23336,23467,23097
aceE,342302,334726,345804,358820,338783,349967
aceF,201762,197871,205698,213347,204195,206101
ackA,106171,131067,134700,110806,134563,110192
acpP,50698,42050,44382,54027,43251,54141
adhR,2668,3136,3355,2808,3425,2793
adk,15859,18662,19489,16547,18996,17028
alaS,168986,191341,201310,179861,197224,178242
alr,12622,15991,16360,13139,16147,13312
amiB,6801,8956,9493,7195,9187,7200
ampD,1023,1150,1125,1093,1167,1105
ampG,11037,13879,14515,11935,14142,11269
apaH,4857,4777,5057,4876,5022,4950
apbE,49378,56615,59252,51843,58109,51237
aphA,161,269,322,145,306,144
apt,24953,22893,23990,27152,24012,26395
arcA,10933,19971,20522,11432,20704,11579
arcB_1,3690,1213,1152,3978,1212,3945
arcB_2,3340,3370,3667,3598,3664,3477
arcC1,3443,1109,1144,3661,1056,3638
arfA,142,122,150,167,133,179
argG,51226,66107,68079,53171,67843,53306
argH,17009,19515,20055,17845,20415,17780
argR,1140,1178,1277,1230,1217,1230
argS,24264,27009,27799,25770,27661,25500
aroA,6524,6292,6460,6903,6674,7093
aroB,22040,17957,18365,22922,17883,22615
aroC,28030,25585,26094,29341,25584,29177
aroE,3900,4774,4906,4161,4859,4297
aroG,14701,14414,15224,15758,14841,15337
aroK,7883,7928,8255,8178,8131,8429
aroQ,4626,4790,5055,4945,4968,5031
artI,52690,53252,54972,55485,54467,55989
artM,20712,22198,23845,21658,23157,20987
artP,29601,20133,20765,31563,20990,32271
artQ,28354,28372,29830,29273,29644,29837
ascD,658,570,640,623,616,629
asd,9794,11243,11436,10534,11385,10341
asnA,6463,7971,8328,6672,8389,6666
asnC,5347,5905,5950,5639,5899,5667
asnS,51548,60129,62516,54339,61813,53892
aspA,55156,203713,211882,58168,210689,58146
aspC,8405,11097,11505,8838,11280,8943
aspS,48602,52115,54431,52102,54202,50514
atoA,166,213,243,129,233,147
atoD,108,214,223,123,194,118
atoE,403,608,655,469,567,451
atpA,108665,106060,110454,115023,108777,112573
atpB,27475,32947,34489,28238,33460,28297
atpC,23893,19049,20026,25366,19741,25976
atpD,75465,64223,66342,80833,65272,77680
atpE,17608,20157,21728,18191,21212,17532
atpF,24887,28943,30650,27068,29513,26015
atpG,49880,43853,46847,53144,45156,52141
atpH,33090,36573,38705,35081,37938,34549
atzC,3072,1917,2042,3222,2039,3293
azoR,1339,1339,1398,1488,1380,1405
basR,12837,12645,12984,13709,12957,13580
bcp,3509,4151,4578,3750,4360,3655
bcr,4974,6143,6211,5295,6389,5385
bepE,111802,101802,105869,118109,105005,115613
betP,44922,39057,41428,48197,40616,46817
bioA,36995,34454,35458,38736,34396,37709
bioB,9049,5791,5895,9799,5964,9595
bioC,4327,4823,5100,4501,5022,4543
bioD1_1,4208,3760,3772,4303,3553,4521
bioD1_2,5209,5781,5924,5724,6081,5729
bioF,21767,18651,19343,22747,18441,22470
birA,3100,3217,3355,3245,3392,3321
bolA,2372,2211,2517,2788,2462,2380
brnQ,14979,20131,21153,15603,21086,15526
bspRIM,10568,13593,14279,11356,14005,11362
can,7919,7907,8230,8760,8277,8504
cbiO,1774,1273,1329,1863,1374,1812
cca,5575,4556,4685,5744,4636,5883
ccmA,20449,13207,13450,21502,13088,22173
ccmB,12601,8863,9341,12919,8884,13159
ccmC,9248,8367,8335,9792,8154,9291
ccmD,3650,3263,3174,3907,3107,3800
ccmE,10647,9332,9036,11443,8826,10771
ccmF_1,57008,50505,52606,58525,50383,57891
ccmF_2,15308,16264,16233,15666,15588,15473
ccmH_1,26057,29061,31114,27765,30295,27352
ccmH_2,10383,13152,13517,10909,13208,11066
ccmH_3,7929,6789,7051,8261,6941,8480
cdaR,1041,912,905,1111,906,1090
cdd,6322,7129,7430,6686,7260,6498
cdsA,11876,14780,15437,12304,15461,12426
chuR,64,41,37,56,48,62
citC,8014,16941,17618,8682,17374,8496
citD,2485,7314,7540,2692,7499,2653
citE,10197,26324,26832,10705,27151,10634
citF,21807,51064,53689,22523,52224,22105
clpB,11420,22116,23171,12425,22601,12309
clpP,14166,15610,16295,14840,15879,15131
clpP2,10065,9278,9590,10630,9512,10376
clpX,23393,23143,24214,24146,23561,24268
cmk,14037,13058,13483,15229,13475,14666
cmoA,17705,17082,17797,18667,17676,18446
cmoB,9313,9318,9720,9678,9829,9709
coaA,8058,8867,9516,8459,9415,8740
coaBC,12391,16014,16399,13243,16319,13340
coaD,3374,4034,3994,3637,3956,3588
coaE,1785,1789,1922,1812,1831,1853
cobB_1,1880,2464,2528,2016,2590,1938
cobB_2,268,188,153,310,190,290
cof,10526,12023,12342,11200,12070,11405
comM,514,785,803,556,843,499
copA,8004,8992,9209,8569,9053,8325
copZ,1056,1099,1162,1150,1116,1163
corA,16392,8939,9391,17630,9157,17269
corC,5020,7035,7275,5293,7219,5401
cpdA,3880,5777,5724,4324,5878,4251
cpdB,45573,68355,72457,47368,71490,47649
crcB,1699,1763,1953,1775,1904,1705
crp_1,7921,8134,8416,8402,8360,8415
crp_2,380,361,439,391,422,356
crr,23522,24240,26234,24958,25530,25373
csdA,5280,6234,6377,5398,6579,5582
cspD,13874,27151,27582,14295,27905,14918
csrA,10657,11651,11851,11158,11831,11321
cstA,23252,40838,41933,24666,41923,24112
cusC,19957,27606,28722,20875,28364,21322
cvpA,2913,2494,2505,3167,2482,3055
cyaY,1932,2152,2269,2058,2215,2060
cydA,172893,214485,220261,180627,217517,177877
cydB,107205,117502,122995,113114,119228,108373
cydD,7379,11491,11715,7852,11705,8095
cynR_1,3702,3665,4003,3947,3948,3903
cynR_2,6750,8247,8528,7225,8363,7111
cysA,5254,4543,4872,5444,4747,5490
cysB,11501,10484,10877,12423,10602,12056
cysE,6075,7041,7328,6417,7107,6519
cysK,135356,135821,134514,144882,137304,142588
cysP,16320,16960,17594,17125,17191,16850
cysQ,17742,21027,21622,18836,21402,18708
cysS,16982,16695,17781,17791,17478,18232
cysZ,9814,9814,10330,10675,10283,10470
dacA,17982,14961,15708,19051,15685,19154
dacB,7546,8295,8640,8177,8684,8088
dam,4747,4291,4353,4878,4265,5115
dapA,39717,45165,45849,41911,45826,42386
dapB,10782,9081,9080,11577,8970,11406
dapD,18758,19712,19861,19538,19467,19546
dapE,10365,10672,11047,11135,10879,11038
dapF,14819,13332,13925,15698,13785,15656
dat,8661,6333,6507,8569,6235,8654
dcd,13730,18798,18913,14179,19277,14500
dcuA,37667,107441,111316,37588,111298,38430
dcuB,40374,135249,136975,41538,138411,41394
dcuD,15642,34799,36941,16126,36036,16013
ddc,16603,13964,14384,17354,14167,17575
ddlB,11386,10885,11012,12170,11126,11719
deaD,138458,68686,70653,143802,70195,142761
dedA,5165,4747,4918,5418,4994,5392
def,31595,37242,38011,33141,37453,33258
degQ,153885,100300,103366,163474,102882,164053
degS,12087,14240,14906,12466,14520,12820
deoC1,10087,9101,9470,10771,9420,10668
deoD,46721,54318,55625,49000,54880,47869
der,18848,15401,15541,20002,15738,19602
dgkA,5044,4868,5116,5241,5019,5263
dgt,4212,5330,5609,4571,5467,4658
diaA,5318,5063,5139,5503,5149,5594
dinG,14827,16639,17209,15867,16815,15658
dipZ,3012,3102,3325,3217,3253,2960
djlA,6384,8268,8308,6909,8468,6874
dksA,7184,4850,4927,7634,5077,8014
dld,57458,58104,60461,60074,59754,60548
dmlR,2360,2715,2811,2471,2933,2581
dmsA,3011,103829,108148,3280,106258,3273
dmsB,308,18286,19027,345,19111,368
dmsC,643,22175,23608,703,22877,684
dmsD,350,6908,7132,379,7069,424
dnaA,20559,27364,27902,22109,27725,21820
dnaB,15230,17760,18392,16141,18654,16277
dnaE,29471,28175,28692,30547,27715,29911
dnaG,27607,27910,28858,29023,28553,29529
dnaJ,6648,7947,8302,7122,7956,7049
dnaK,37176,130535,134705,39805,133384,38777
dnaN,26476,28508,29715,28131,29368,28064
dnaQ,8527,9064,9673,8823,9304,9294
dnaX,34374,36168,38205,36568,37302,36576
dpnA,160,123,102,148,125,155
dppB,10148,15087,15903,10975,15299,10727
dppC,11089,15970,16350,11867,15950,11819
dsbA_1,1780,1247,1246,1762,1291,1811
dsbA_2,78369,49998,51701,84018,51249,83571
dsbB,10795,15552,16293,11080,15699,11602
dsbC,13917,13677,13840,14943,13939,15103
dsbD,37175,40047,41394,38654,41321,38869
dsbE_1,9761,11949,12405,10740,12228,10582
dsbE_2,3240,3127,3078,3569,3061,3486
dtd,4852,7437,7533,5204,7561,5100
dus_1,26126,13288,13584,27277,13715,27689
dus_2,1207,930,951,1265,912,1240
dut,6778,8340,8410,7272,8586,7314
dxr,5877,6723,6972,6130,6920,6081
dxs,22194,23366,24490,23876,24051,23580
eda,2477,3077,3071,2691,3034,2571
efp,23438,25575,26304,24657,26250,24718
emrB,8612,10127,10515,9097,10307,8884
emtA,22420,21897,22446,23561,21864,23742
engB,6819,7535,7858,7027,7891,7223
engD,21738,22374,23487,23423,23099,23358
eno,159121,222619,229757,166453,228542,167026
envC,7118,8626,9013,7497,8953,7850
epsE,295,588,635,310,545,301
era,7540,6685,6867,8164,6948,8088
erpA,1894,1806,1748,2003,1860,2095
exbB,12518,13037,14635,13936,14102,12730
exbD,16806,17474,18176,17402,18109,17732
fabA,12353,3317,3444,13208,3490,13148
fabB,42310,24434,24878,44414,25177,43747
fabD,17998,14512,14708,19236,14710,18760
fabG,36999,29014,29626,40410,29605,39636
fabH,22893,20145,21499,24525,21464,23676
fabI,28715,29058,29866,30178,29719,30124
fabR,14951,15248,15806,16200,15584,15727
fabZ,13199,16054,16098,13890,16330,14225
fadD,21705,24744,25854,22930,25323,22308
fadR,5611,5673,5812,6106,5832,6174
fbaA,71750,114104,119127,75331,115451,74997
fbp,13058,23880,24564,13887,24879,14077
fbpA,25287,12968,13569,26778,13713,26811
fbpC2,1338,1660,1690,1457,1725,1387
fdhE,13790,10148,10608,14012,10573,14276
fdnG_1,290386,195748,203654,306477,199274,303893
fdnG_2,101106,72292,73406,107965,73294,109055
fdnI,64979,45464,46938,66420,45909,67132
fdoH_1,52635,80130,83377,54805,82767,54550
fdoH_2,88106,58365,61168,92684,59316,91032
fdx,4367,2956,3157,4820,3202,4860
ffh,15761,20455,21438,16591,21009,16518
fhuC,9349,6084,6382,9791,6312,9802
fis,2359,826,994,2640,1005,2657
fldA,15468,20631,21481,17064,21226,16678
fmt,20604,21585,22390,21968,22357,21780
fnr,15352,18259,18562,15924,18557,16363
focA,49133,68884,69613,50942,69297,51705
folA,3131,3182,3083,3267,3088,3181
folB,1023,1300,1203,1107,1276,1053
folC,20905,19125,19665,22426,19683,22313
folD,4112,4502,4588,4395,4496,4386
folE,5661,6860,7382,6172,7061,6125
folK,2742,2479,2632,2826,2593,2869
folP,11447,17480,18278,12023,17749,11931
frdA,94591,221935,226334,96879,223398,96184
frdB,52244,124651,130239,54706,127817,54608
frdC,21996,51521,54001,22776,52794,23207
frdD,8852,19677,21253,9677,20253,9104
frmA,6719,6353,6346,6732,6287,6891
frr,6758,8486,8560,7189,8637,7325
fruA,33841,27987,29316,35585,28416,35192
fruB,32386,30833,31682,34451,31586,33490
ftnA_1,15634,17756,19411,16558,19062,16475
ftnA_2,19665,23364,24780,20622,23843,20658
ftsA,20260,18458,18914,21643,18996,20814
ftsB,2311,2545,2818,2540,2763,2483
ftsE,6306,6874,7083,6453,7010,6562
ftsH,79170,193461,198703,83809,195830,82916
ftsH3,1436,837,833,1495,875,1410
ftsI,23747,28520,29961,25544,29533,24952
ftsK_1,56,27,23,49,28,54
ftsK_2,29476,26967,28278,31181,27715,30716
ftsL,3000,3557,3524,3156,3643,3027
ftsN,4597,4331,4588,5020,4679,4931
ftsP,8574,9470,9755,8844,9737,8891
ftsQ,5052,5245,5315,5613,5312,5264
ftsW,10964,11946,12408,11733,12280,11131
ftsX,5573,6029,6005,6024,6279,5774
ftsY,5712,7058,7343,6003,7281,6010
ftsZ,71181,71779,74771,74672,72545,73855
fucA,530,1198,1299,530,1307,558
fucI,1035,2703,2751,1088,2736,1071
fucK,613,1483,1630,625,1596,624
fucP,893,1816,2030,962,1965,933
fucU,200,531,545,206,591,217
fumC,57148,93840,97426,59586,96768,59596
fur,11076,14451,15286,11688,14970,11605
fusA,497896,337102,354683,521435,348832,513435
galE,16830,20515,21134,18036,20734,17735
galK,6271,13995,14515,6730,13962,6809
galM,6026,12482,13055,6282,12959,6220
galS,3474,5884,6025,3616,5960,3624
galT,6406,10873,11491,6601,11470,6746
galU,23691,25488,26331,25092,25822,25282
gapA,221356,301000,309413,228046,309217,230570
gcp,10926,12270,12595,11482,12542,11596
gcvA,2210,2488,2516,2378,2521,2397
gdhA,3544,3012,3130,3743,2952,3651
glgA,8863,26229,26926,9096,26259,9030
glgB,22481,90423,91956,23720,90858,23449
glgC,9628,31223,32004,9973,31483,9972
glgX,10580,40721,41428,10919,41351,10902
glmM,29275,39334,39991,29892,39390,29739
glmS,10938,10406,10945,11371,10603,11211
glmU,8505,9956,10385,8807,10492,8861
glnA,35138,36584,38303,37000,37683,36679
glnB,5815,5566,5754,5959,5543,6168
glnE,9560,10396,10915,10038,10709,9875
glnS,39517,40282,42141,41216,41355,41340
gloA,24408,25505,26125,25277,25669,25572
gloB,5024,6261,6415,5361,6415,5406
glpA,50713,82330,83038,53917,82351,53549
glpB,25813,50002,51371,27073,51381,26669
glpC,24708,47677,50015,26202,49360,26211
glpE,839,834,882,867,875,864
glpF,10754,20971,22028,11120,21340,10843
glpG,4085,3529,3648,4147,3651,4239
glpK,14586,34140,34929,15650,34404,15073
glpQ,159547,288585,304164,168923,298535,167062
glpR_1,6964,6659,6707,7408,6603,7442
glpR_2,2423,1846,1955,2630,1987,2588
glpT,302625,517979,534925,313174,526570,306347
glpX,1637,2009,2005,1843,2081,1796
gltC,904,903,804,987,891,984
gltS,34051,32524,33679,35269,33692,35093
gltX,30300,38993,39989,31071,39958,31540
glxK,14360,42626,44132,15060,43418,14685
glyA,37317,39304,40250,39180,40108,38881
glyQ,27120,37696,38565,28232,38707,28433
glyS,50853,53557,55593,53010,55176,53330
gmhA,14887,15103,15601,15622,15917,15885
gmhB,1760,1711,1812,1828,1712,1795
gmk,9980,11204,11562,10607,11689,10666
gntP,19642,62271,63812,20363,63224,20085
gor,18700,22690,23454,19709,22889,19998
gph,6966,8510,8690,7162,8707,7274
gpmA,28921,54921,58583,31419,57834,31059
gpsA,7328,8831,9052,7903,8784,7966
gpt_1,398,448,462,394,475,412
gpt_2,9928,15862,15991,10412,16158,10428
grcA,38137,80580,83788,39750,84667,41073
greA,5499,4899,5298,5799,5291,5758
greB,2015,1985,2064,2075,2050,2161
groL,25551,95404,97126,24897,94418,26322
groS,4544,21435,21631,4777,21695,4931
grpE,3308,14271,14761,3615,14457,3847
grxA,6416,7558,7771,6682,7707,6680
grxD,9990,7148,7473,10846,7235,10938
gsiA_1,8967,11848,11907,9275,12139,9447
gsiA_2,5018,6964,7166,5117,6985,5336
gsiA_3,14082,17373,18188,14898,17722,14853
gsiA_4,11543,12525,13233,12668,13239,12555
gsiA_5,17171,26486,27227,17830,27172,17996
gsiA_6,13274,18376,19184,14109,18895,14294
gsp,7728,7294,7457,8246,7194,8096
gspA_1,32465,32247,36215,36372,35742,33160
gspA_2,3064,3228,3645,3501,3609,2995
gspA_3,973,713,892,1311,891,867
gspF,189,348,361,217,344,229
gst,10814,10615,11192,11414,11098,11498
guaA,56667,55892,57695,59504,56880,59035
guaB,39205,50643,52729,41597,51678,41075
gutB,578,1290,1303,707,1354,692
gyrA,86704,100843,104932,91790,104041,90891
gyrB,63530,71534,73545,66911,72800,66880
hap,101182,86169,89096,107131,87463,106621
hbpA_1,13778,21004,21480,14643,21485,15003
hbpA_2,38053,138411,144112,40621,141807,41116
hcaT,10304,11962,12186,10815,11701,10719
hcpC_1,192,192,193,218,178,252
hcpC_2,207,205,227,269,223,258
hcpC_3,2105,1687,1706,2270,1663,2266
hcpD,141,146,148,168,125,137
hda,1293,1120,1307,1353,1195,1274
hel,149552,144762,151819,160512,149155,157652
hemH,6586,6908,6951,6940,6868,7239
hemY,20663,30881,33220,21925,32748,21883
hemZ,10088,34804,35601,10704,35401,10643
hflC,36192,35070,36090,37964,36305,37809
hflD,5466,6935,6996,5786,6941,5847
hflK,53492,56830,58842,56602,58853,56196
hfq,35974,40339,41166,37480,42432,39093
hgpA,6092,5587,6090,6542,5813,6424
hhaIM,8284,9359,10577,9135,10332,8452
hisA,6631,6224,6336,6928,6354,6972
hisB,8890,8778,9146,9425,8850,9576
hisC,6231,6233,6569,6840,6425,6718
hisC2,3488,4392,4402,3716,4413,3571
hisD,8269,7291,7488,8562,7481,8496
hisE,5680,5855,6207,6171,6106,6171
hisF,5000,5039,5201,5292,5158,5114
hisG,4407,3752,3913,4637,3733,4548
hisH,4382,4394,4438,4641,4461,4562
hisS,26344,31756,32565,28646,32546,27821
hldD,18210,19692,19630,19788,20124,19501
hldE,15568,18086,19047,16657,18907,16472
hmrR,884,972,926,972,984,926
holA,6328,6115,6360,6980,6394,6890
holB,21074,11974,12734,22703,12557,22109
holC,11239,10881,11510,11566,11336,11857
holD,1481,1477,1639,1538,1645,1634
hpaIIM,375,406,410,326,393,338
hpt,1260,1494,1466,1457,1467,1395
hscA,28688,19143,19738,30849,18928,30549
hscB,17477,11370,11574,18276,11898,18487
hsdR_1,33965,37244,37786,36373,37758,35425
hsdR_2,14757,15260,16246,15497,16211,15330
hsdR_3,17216,19373,19989,17839,19827,17653
hsdS,3559,4053,4343,4071,4236,3734
hslO,7190,9188,9969,7563,9814,7500
hslR,1978,1994,1970,1953,2017,2011
hslU,21430,123041,127369,22893,126863,22705
hslV,5749,38723,39629,6098,39082,6082
hsrA,12025,16175,16736,12829,16641,12604
htpG,3904,7737,8194,4176,8021,4156
htpX,16519,28393,29610,17599,29054,17057
htrB,6132,7944,8173,6482,8011,6488
hupA,36125,43006,45508,37616,46148,38287
hxuA_1,363962,324508,331378,380481,324912,376189
hxuA_2,21913,20074,20365,23486,20293,24024
hxuA_3,103661,91318,94896,108036,92060,107889
hxuB_1,75275,62783,64545,79424,63632,78638
hxuB_2,2491,1016,1071,2688,981,2668
hxuB_3,75428,63348,65022,78896,63533,78127
hxuC_1,4838,1349,1309,5275,1258,5210
hxuC_2,6228,5893,6407,6831,6328,6818
hyaD,10468,10920,11802,11583,11550,11244
hypC,104,72,92,78,78,87
iaaH,6096,12354,12974,6478,12846,6388
iga,120722,57205,59960,127585,58788,128143
ihfA,6284,4716,4984,6522,4869,6513
ihfB,6695,7945,8448,7389,8299,7228
ileS,100568,102486,106163,106026,105346,104585
ilvA,14653,13336,13843,15499,13605,15106
ilvC,25631,19193,19934,26972,19616,27251
ilvD,26447,26704,27473,28455,26441,27714
ilvE,25053,25280,26084,25829,26067,26210
ilvG,7529,8556,8946,7861,8761,7957
ilvH,4154,3856,4079,4596,3900,4595
ilvI,9543,9295,9556,10458,9465,10005
infA,3746,3409,3376,3830,3412,4120
infB,79455,45512,47472,85979,47213,83021
infC,32622,42314,43297,34629,43846,35112
intA_1,1998,1891,2127,2147,2041,2124
intA_2,4834,4086,4242,5121,4103,5104
iscA,7591,4634,5068,7821,4935,7716
iscR,8301,6108,6513,9178,6183,8810
iscS,50115,36159,37818,54802,37576,52655
iscX,956,455,597,1027,576,942
ispA,8871,11153,11418,9565,11538,9438
ispB,8712,10606,11008,9343,10910,9255
ispD,5598,6137,6432,5921,6366,6000
ispE,9714,12721,13030,10183,12957,10768
ispF,5962,6238,6354,6371,6261,6563
ispG,19444,26122,27229,20825,26678,20721
ispH,11455,12056,12485,12214,12245,12450
kamA,5123,6423,6743,5358,6680,5597
katA,2160,2395,2436,2169,2359,2185
kdkA,12656,15780,16525,13524,15726,13825
kdsA,23707,25906,26789,25224,26518,24566
kdsB,9793,9257,9217,10170,9365,10209
kefC,21068,22970,23622,21864,23302,22034
kefF,5468,6565,6917,6031,6648,5819
kipI,1815,1217,1194,1766,1166,1819
kpsF,3285,3984,4151,3422,4039,3550
lacC,16173,14546,15290,17149,15246,16925
ldhA,12139,12273,12727,13009,12406,12986
lepA,34229,31082,31718,36226,31647,35977
lepB,20361,17072,17805,22047,17545,21211
leuA,2190,2498,2590,2337,2535,2326
leuB,1736,1721,1863,1851,1778,1766
leuC,2556,2740,2847,2637,2799,2684
leuD1,1078,1175,1226,1079,1173,1172
leuS,51276,62046,63327,54065,63231,53524
lex1_1,10940,15046,16458,12253,16369,11744
lex1_2,12194,10664,11503,13158,11387,13124
lex1_3,6902,8418,9635,7782,9476,7042
lex1_4,4607,5297,6334,5245,6125,4426
lexA,22375,21948,22651,23528,22592,23742
lgt,13001,14328,14625,13022,13812,13038
ligA_1,176,274,297,249,271,255
ligA_2,8914,7415,7626,9651,7488,9598
lipA,20926,18265,19051,22443,18970,22477
lipB,9030,7211,7460,10062,7253,9639
lldD,171738,190639,194422,181851,193480,179211
lldP,75693,50206,52507,81116,51251,78094
lnt,10507,14756,15079,10955,14937,11015
lolA,8030,6893,7266,8423,7075,8595
lolB,4972,7291,7627,5050,7554,5075
lolC,30228,31486,32478,31938,32118,30995
lolD,5023,4994,5190,5196,5076,5202
lolE,10321,9932,10584,10851,10056,10676
lon_1,83788,271184,277973,87864,278056,88171
lon_2,7286,6056,6217,7531,6188,7248
lpdA,179129,171545,178645,188015,177335,185689
lpoA,32667,43171,44563,34048,43887,34359
lptA,16360,17888,18778,16825,18575,17266
lptB,17410,19527,20043,18413,20449,18685
lptC,13851,15824,16486,14686,15923,15093
lptD,37587,41538,43357,38663,42962,39395
lptE,6661,6578,6898,7143,6803,7007
lptF,7663,9965,10275,8122,10234,8125
lptG,10417,11054,11511,10803,11133,10787
lpxA,15930,19497,20435,16692,20065,16610
lpxB,6424,7327,7882,6644,7600,6769
lpxC,56848,54216,56433,59612,54916,59506
lpxD,63858,56697,58187,68059,58007,66296
lpxH,9001,8918,9401,9471,9259,9497
lpxK,11131,11680,11979,11599,12043,11707
lrp_1,1255,802,865,1393,844,1421
lrp_2,4909,4851,5086,5053,4969,5158
lspA,5037,5408,5582,5416,5431,5342
lst,2198,2442,2584,2354,2500,2160
ltaS1,21969,28364,29440,23443,29063,23196
lutR,3133,3670,3826,3273,3829,3433
luxS,5313,5551,5611,5428,5686,5602
lysA,18370,20078,20385,18992,20483,19784
lysC,5054,5099,5264,5371,5148,5350
lysU,57589,58828,61096,61148,60347,60559
lysX,4953,4900,5184,5048,5058,5144
maeB,31398,61272,63094,32606,61123,32325
malP,21494,28278,28905,22664,28453,22789
malQ,17730,52501,54421,18480,54385,18416
manA_1,1034,538,625,1057,611,1000
manA_2,598,270,304,632,256,650
map,19498,18701,18876,20554,19004,20459
matP,1592,1364,1407,1700,1469,1748
mazG,2948,3000,3271,3217,3204,3204
mdaB,29078,22019,22324,30234,22041,30821
mdh,30205,107056,113023,31345,112037,31299
menA,8810,8749,8797,8979,8757,9245
menB,48909,58217,58636,50300,59037,50046
menC,15296,18471,18938,15996,18725,15877
menD,28545,25956,26351,30085,26031,29291
menE,8567,9805,10140,9272,9931,8748
menF,21364,22669,23504,22829,23303,22118
menH,1813,1241,1262,2028,1265,2034
mepA,10962,10244,10466,11354,10175,11385
merR,1204,1086,1166,1345,1084,1350
metC,10119,9697,10072,10864,9670,10891
metE,66980,61672,63545,71145,62895,70060
metF,2008,2241,2455,2151,2520,2097
metG,33196,43058,44269,34920,43774,35679
metH,10138,9990,10440,10607,10514,10744
metI_1,4612,6462,6505,4494,6212,4750
metI_2,16927,18427,19418,17778,18960,17728
metJ,1617,1509,1574,1790,1556,1782
metK,13073,8829,9365,13841,9084,13695
metN,6829,10626,10811,7108,10614,7107
metQ,25262,39058,41052,26165,40310,26814
metX,2870,2199,2157,3098,2157,3118
mfd,23175,23184,24135,24406,23651,24149
mglA,76131,129990,135483,80216,132712,79814
mglB,168105,264184,274557,178921,269758,181357
mglC,49518,79787,84170,52263,82763,51263
mgsA,6793,8309,8724,7441,8677,7456
miaA,4901,5998,6106,5268,6213,5192
miaB,50817,55364,56983,53290,56561,53547
mioC,7788,12065,12307,8324,12707,8354
mlaA,18648,21236,22173,19760,22197,19758
mlaD,13902,13919,14103,14650,14019,15068
mlaE,19623,18622,19551,20553,19292,20026
mleN_1,1099,1198,1162,1188,1240,1124
mleN_2,5245,4257,4321,5650,4203,5478
mltA,8376,8292,8467,8997,8780,8828
mltF,3887,6724,6901,4219,6977,4413
mnmA,8014,6236,6417,8307,6151,8335
mnmC,6796,10101,10486,7270,10631,7346
mnmE,17616,13410,13931,18799,13665,18522
mnmG,33020,43141,44667,34897,44028,35187
mntB_1,3374,2025,2179,3645,2084,3240
mntB_2,3203,1960,2038,3333,2001,3327
moaA,9418,5937,6135,9893,6138,9793
moaC,3114,2037,2167,3432,2062,3345
moaD,1261,862,878,1236,831,1365
moaE,2091,1430,1550,2193,1427,2238
mobA,1472,1554,1577,1539,1617,1567
mobB,6441,8673,8843,6828,8853,6659
modA,3666,4132,4536,3895,4399,3864
modB,2340,2282,2381,2450,2285,2437
modE,1874,1883,1959,1947,1915,2031
moeA,13855,16287,16498,14654,16716,14543
moeB,5652,6865,7186,6128,7068,6028
mog,8167,8969,8971,9004,9008,8714
mopII,948,964,974,1015,934,1104
mpl,20197,21714,22490,21574,22067,21140
mraY,15788,17212,18087,16611,17862,16173
mraZ,15237,13633,13985,16150,14315,16026
mrcA,28943,40518,41711,30765,41074,31290
mrcB,7945,10957,11313,8472,10921,8545
mrdB,11847,10197,10212,12563,10304,12220
mreB,21446,24935,25888,22574,25439,22426
mreD,1513,1778,1829,1497,1819,1664
msbA_1,1809,1868,1904,1896,1955,1868
msbA_2,36568,45721,46729,38881,46943,38534
msbB,9230,8707,8726,9837,8504,10141
mscL,4261,3551,3664,4786,3712,4490
msrAB,7528,8100,8199,8034,8209,8105
mtnN,2369,1437,1365,2520,1402,2560
mtr_1,1210,4431,4744,1231,4705,1204
mtr_2,1316,1251,1418,1450,1292,1358
mukB,63965,62386,65639,68443,64152,67289
mukE,8715,9356,9538,9586,9271,9185
mukF,15983,21197,21836,17127,21310,16908
murA,49880,43222,44180,52519,44131,52212
murB,12352,12771,13131,13256,13098,13073
murC,20636,19886,20349,22026,20396,21490
murD,18944,20238,20866,20137,20536,20058
murE,41533,39855,41109,43402,40090,43307
murF,24238,26686,28052,26032,27491,25599
murG,9665,10076,10317,10466,10139,10139
murI,2553,2423,2495,2685,2472,2635
murJ,5624,5916,6090,6005,6089,5992
mutH,7900,6518,6651,8186,6562,7888
mutL,14453,17560,18230,15191,18232,15166
mutM,3792,3580,3647,4058,3844,4118
mutS,31029,35386,36733,32902,36607,32418
mutT,5198,6966,7022,5488,6855,5370
mutY,3356,3489,3581,3505,3671,3543
nadR,13746,14857,14953,14615,15319,14693
nagA,5084,10181,10068,5594,10179,5426
nagB,4301,9591,9906,4592,9646,4458
nagK,11451,14585,14804,12320,14733,11799
nagZ,14733,15007,15874,15848,15535,15729
naiP,2777,1350,1446,2907,1401,2844
nanA,10546,27018,28183,11133,27122,11457
nanE,3574,9968,10262,3771,10115,3734
nanK,3476,9460,10024,3729,9560,3753
nanM,3999,15396,15884,4076,15877,4021
napA,350850,206805,214784,371844,213177,365733
napB,26291,24087,24990,27927,24950,27566
napC,42044,40558,42212,45051,41400,44720
napD,5543,2097,2241,6116,2250,6203
narL,8241,12128,13024,8936,12903,8885
narX,7307,9905,10174,8112,9987,7800
ndh,21421,14364,15170,22882,14650,22141
ndk,8476,7640,8517,9302,8231,9045
neuA,5469,6084,6330,5763,6452,5753
nfuA,12268,11415,11818,13078,11794,12966
nhaA,22404,30136,30731,23848,30754,23525
nhaB,27644,39208,41503,29519,41327,28609
nifU,16323,10836,11259,17784,11442,17049
nlpD_1,17486,20402,21067,18433,21079,18577
nlpD_2,24349,22458,22852,25370,22780,25796
nlpI,109590,61844,64224,115275,63062,115040
norM,5364,6046,6035,5596,5950,5895
nqrA,233585,267603,276614,245986,269009,245718
nqrB_1,161270,176377,182408,168595,178864,162802
nqrB_2,4724,4501,4548,4952,4545,5158
nqrC,100701,107167,112015,104726,109097,104204
nqrD,78869,80419,85740,83162,83624,80795
nqrE,69661,68251,73304,73145,69413,69561
nqrF,168888,173738,179328,176188,173404,173666
nrdA,64539,51234,53412,68552,52650,68713
nrdB,38750,22692,23585,40881,23566,41037
nrdD,8679,7504,7402,9124,7532,9139
nrdR,5000,5995,6328,5221,6279,5182
nrfA,130254,213660,218673,136274,218252,135895
nrfB,48195,78905,80449,51131,80338,50830
nth,2348,2595,2575,2592,2679,2722
nucH,1809,2104,2149,1919,2098,1890
nudB,3884,3748,3800,4289,3737,4180
nudC,2509,2372,2520,2639,2464,2515
nudF,2363,3157,3141,2706,3152,2592
nupX,64344,96466,97599,67743,95397,66746
nusA,43669,32051,33728,47801,32984,45928
nusB,9367,10127,10335,10089,10459,9771
nusG,22350,26009,26846,23629,26428,23406
oatA,9464,2062,2639,10608,2443,9754
obgE,20053,15044,15508,21079,14787,21116
ogt,6906,6391,6742,7373,6482,7467
ompA,434465,477862,492555,456176,492509,456153
ompP1,276005,290468,299803,290089,297998,287967
oppA_1,47911,80589,83562,50916,82820,50612
oppA_2,11101,11035,11585,11646,11399,11781
oppB,10075,18406,19071,10909,18962,10444
oppC,10452,18179,18608,10977,18411,10728
orn,4871,5918,5934,5122,6166,5302
osmY,9760,10371,10603,10302,10559,10218
oxyR,52753,49835,51910,55477,51995,54839
pabB,3083,3626,3864,3147,3800,3176
pal,145412,141700,149325,149343,150157,150650
panF,32559,31284,32715,34566,32144,34117
parC,27260,27730,29193,28233,28779,28924
parE,16278,19148,19717,17653,19016,17305
patB,118,130,144,175,135,122
pbpA,22812,24266,24729,23765,24308,24164
pbpD,1008,1160,1195,1120,1226,1136
pbpG,2374,2791,2991,2588,2876,2660
pckA,77544,308634,318769,81914,317448,82756
pcnB,10409,10909,11450,10925,11033,10991
pcp,7945,5853,5825,8788,5950,7866
pdxH,7159,7212,7478,7571,7459,7605
pdxS,78513,85222,88250,82803,88309,82400
pdxT,29910,30888,32356,32017,31246,31661
pepA,29506,32209,34275,31225,33894,31292
pepB,19561,18067,18396,20710,18234,20666
pepD,72837,90596,93799,75457,91713,75625
pepE,9792,21659,22028,10352,21644,10291
pepN,16201,18455,19047,17706,18907,17313
pepP,53822,59268,60385,56551,60562,56365
pepT,7991,11852,11898,8339,11843,8329
pfkA,19618,27956,28992,20216,28871,20464
pflA_1,12920,23244,24462,13846,23807,13669
pflA_2,4059,4210,4347,4282,4321,4243
pflB,488806,681894,704000,511249,696693,510709
pgi,45583,55405,57953,48310,57369,48032
pgk,52641,83546,86265,54819,84777,55087
pgl,16976,17777,18384,17742,17934,17637
pgpA,5566,4627,4775,6039,4581,5762
pgpB,3382,3364,3435,3544,3461,3541
pgsA,6471,7107,7060,7113,7253,6816
pheA,11534,9499,10023,12561,9632,12304
pheS,10079,11712,11835,10975,11973,10458
pheT,45999,40566,41595,48612,40873,47449
phoB,12273,12991,13906,13106,13587,12997
phoP,14156,13288,13955,15006,13711,15130
phoR,5519,5452,6259,6427,6173,5414
piiC,1859,1183,1264,1808,1280,1950
pilE,204,389,424,200,439,213
pilQ,592,704,748,662,767,677
plsB,22154,35048,37305,23843,36691,23659
plsC,3837,4934,5125,4065,5050,4091
plsY,4073,5099,5195,4201,5093,4234
pmbA,11242,12016,12014,11827,12362,12089
pnp,234734,254525,262632,246281,262038,244372
pntA,52413,58145,60011,55225,59063,53994
pntB,47335,49302,51008,48733,50169,48440
pnuC,61286,61425,63290,64535,63268,64903
polA,34515,39702,41020,36032,40385,36370
potA,43474,49765,52096,46103,50826,46169
potB,41179,38567,40514,43623,39513,43110
potD_1,33794,29155,30164,35394,30330,35514
potD_2,20172,18611,19218,21198,19141,21356
ppa,37573,38643,39746,39532,40028,39886
ppc,11562,28407,28982,12258,28854,12343
ppiB,11345,9270,9749,12096,9795,12007
ppiD,43168,48306,51094,46842,50171,45489
ppnK,7605,7522,7986,8231,7801,7999
pppA,67,111,121,78,119,75
ppx_1,6614,5911,5896,6979,5946,7035
ppx_2,1800,1383,1354,1891,1379,1924
prc,67474,75356,78914,73040,77685,72284
prfA,19486,22612,22602,20740,22304,20303
prfB,21773,25754,26269,22806,26453,22930
prfC,7784,7528,7584,8531,7329,8247
priA,4602,5482,5681,4841,5669,4711
priB,76342,38138,39309,79093,38475,80773
prlC,29968,73260,75170,31870,74286,31715
prmA,18031,16118,16011,18883,16151,18879
prmB,8267,12261,12349,8770,12491,8780
prmC,14783,14923,15347,15776,14887,15571
proA,10151,11424,11854,10886,11583,10619
proB,14863,17566,17962,15234,18195,15644
proC,11616,13450,14075,12101,14093,12164
proQ,23335,27924,29442,25550,29112,24399
proS,20618,23383,24587,21733,23875,21705
prs,20244,20963,21694,21299,21707,21212
psd,10014,8240,8759,10689,8609,10663
psiE,1991,1354,1454,2089,1388,2171
pssA,23159,26297,27422,24525,26906,24648
pstA,6418,6687,7138,6650,6995,6560
pstB,15821,14834,15906,16819,15602,16662
pstC,9733,10676,11517,10698,10882,9885
pstS,37516,41339,42830,39789,42113,39023
pta,193952,242968,250498,203091,250980,203051
pth,5636,6386,6387,5984,6561,5946
ptsH,8096,9467,9493,8356,9580,8668
ptsI,25494,27116,27748,27435,27213,26513
ptsN,6918,8389,8787,7467,8758,7543
purA,40259,40914,43327,42387,42814,41483
purB,13281,17825,18058,13963,17815,13936
purC,2419,3651,3855,2541,3905,2610
purD,1022,925,997,1164,924,1148
purE,211,221,232,209,239,238
purF,11355,9342,9718,11801,9493,11670
purH,789,847,834,807,824,847
purK,545,461,491,544,486,559
purL,6430,5624,5789,6760,5530,6730
purM,889,1127,1148,958,1104,925
purN,425,514,572,480,550,494
purR,19838,22862,22723,20160,23164,20618
purU,3186,3356,3681,3478,3595,3234
putP,14255,17260,17682,14984,17779,15225
puuB,6638,5020,5161,7211,5110,6813
pykA,88182,82586,83921,91253,84155,92305
pyrD,4092,3571,3541,4261,3533,4308
pyrE,4627,4733,4770,4942,4728,4949
pyrF,11521,9466,9947,12501,9825,12120
pyrG,20790,17931,18499,22041,18524,21806
pyrH,3799,3536,3558,4118,3669,3846
pyrP,2941,3800,3900,3109,3820,3000
pyrR,3799,3283,3379,3899,3443,3841
qseC,14394,14233,14666,15689,14458,15797
queA,80686,62923,66213,86492,64749,84061
queC,869,785,760,1000,862,970
queD,627,531,623,668,593,709
queE,1482,1300,1391,1509,1387,1556
queF,3683,3412,3639,3862,3703,4054
raiA,9400,19770,20167,10262,20044,10299
rapA,33014,32990,34276,35245,34055,34535
rarA,6064,4813,4902,6247,4721,6418
rarD_1,2915,2746,2985,3069,2873,2970
rarD_2,987,302,299,1108,300,1041
rbfA,8039,7469,7764,8616,7774,8426
rbsA,2417,6118,6310,2543,6171,2512
rbsB,3367,9930,10350,3571,10137,3579
rbsC,1643,5002,5069,1827,5019,1739
rbsD,1129,2212,2260,1240,2290,1196
rbsK,4189,8918,9426,4422,9394,4174
rbsR,2058,4242,4133,2166,4174,2218
rdgC_1,1546,1759,1852,1756,1847,1715
rdgC_2,1297,1158,1194,1367,1206,1377
rdgC_3,162,146,180,178,165,137
rebM,1999,466,467,2194,499,2165
recA,39961,43300,45161,42139,44891,42613
recB,17476,19175,20204,18929,19864,18843
recC,8379,10497,11068,8965,10482,8716
recD,8721,9295,9606,9190,9645,9196
recF,11573,11589,11854,12232,11910,12211
recG,18730,17145,17543,19884,17353,19541
recJ,11245,8579,8507,11379,8436,11520
recN,28504,21854,22439,30673,22059,30413
recO,3220,4120,4268,3613,4305,3471
recQ,9269,9158,9466,9884,9203,9594
recR,9582,8784,8895,10006,8993,9909
recX,5555,4740,4948,6169,4915,5827
relA,42642,39539,40894,44404,40207,44319
rep,11918,12988,13129,12652,13109,12166
rfaF,4151,4223,4346,4350,4321,4520
rfaQ,3533,4128,4423,3839,4278,3809
rffG,6439,6458,6690,6581,6621,6628
rhlB,14356,17214,17199,15269,17264,15301
rho,31802,26829,27799,33190,28027,33166
rhtC,6120,4662,4941,6350,4612,6077
ribA,2483,3162,3191,2562,3225,2595
ribB,17557,13494,13797,18430,13837,18670
ribD,12613,15082,15470,13312,15392,13183
ribE,10063,11589,12078,10534,11723,10581
ribF,18697,20015,20287,19423,20475,19607
ribH,9764,10843,11041,10154,11180,10262
rimM,159731,85543,87451,166144,86526,169979
rimN,2690,3400,3498,2842,3441,2894
rimO,1068,734,736,1116,714,1142
rimP,6840,5796,5846,7528,6079,7316
rlmB,11315,8421,8694,11856,8781,11794
rlmC,6007,6640,7117,6531,6878,6430
rlmD,9339,9671,9993,10129,9730,10075
rlmE,7811,22875,23696,8350,23591,8314
rlmH,11458,11541,11995,11926,12048,12108
rlmL,24834,26549,27699,27209,27119,26892
rlmM,2740,2467,2659,2835,2497,2677
rlmN,9265,7179,7697,9992,7555,9908
rluA_1,6532,6543,6588,6997,6474,7083
rluA_2,5013,12179,12707,5167,12634,5302
rluB,15603,14562,15440,16440,15155,15925
rluC,5849,7590,7657,6312,7905,6422
rluD,8015,10242,10591,8415,10475,8584
rluE,1261,1245,1290,1324,1275,1375
rmuC,5013,3976,4065,5290,4029,5281
rnb,18142,16828,17252,19032,17292,19149
rnc,8281,6993,7162,8685,7158,8654
rnd,3891,4201,4569,4100,4483,4094
rne,84420,82572,85021,89237,84859,88034
rnfA,3397,3384,3521,3545,3656,3551
rnfB,3166,3333,3527,3440,3482,3377
rnfC,10819,11555,11495,11335,11759,11673
rnfE,2647,2448,2492,2721,2602,2772
rng,14476,14278,14574,15343,14828,15315
rnhA,2430,2425,2624,2514,2459,2641
rnhB,3798,3878,3995,3999,3896,3931
rnpA,6824,10112,10524,7329,10494,7143
rnr,32355,29097,30072,34319,29402,33682
rnt,9521,10463,10622,10283,10694,9855
rodZ,11241,17353,18018,11918,18078,12118
rpe,9123,10351,10422,9616,10512,9697
rph,5338,5823,5838,5383,5811,5356
rpiA,5126,11853,12419,5248,12259,5182
rplA,111408,80890,85837,116047,84711,115739
rplB,309393,92457,96735,323593,95984,319700
rplC,210260,71546,74581,224151,72526,218658
rplD,196745,63582,68398,205841,67250,202407
rplE,210836,154995,160081,218866,157921,217491
rplF,221703,141849,148619,229765,148035,224605
rplI,86829,39234,40568,89223,41435,91174
rplJ,143018,91900,95552,144958,95098,149926
rplK,96431,73818,76844,101152,76773,102443
rplL,77155,49903,50513,80443,50068,83334
rplM,200438,114003,117862,209579,116945,213935
rplN,162980,125449,127463,168763,127420,171056
rplO,147310,80733,84419,156730,84156,150584
rplP,131934,35439,38209,140440,37034,137116
rplQ,105311,48390,51419,111469,49745,110426
rplR,92844,55825,60750,96133,59530,93824
rplS,48697,21722,22298,50499,22111,51385
rplT,134111,79476,84349,135708,84677,139076
rplU,40687,44612,46174,43559,45783,43959
rplV,113018,31743,33871,119953,32547,117830
rplW,76935,24117,26187,82281,25331,81246
rplX,115968,84118,89350,124803,87521,121377
rplY,27214,18511,19437,28954,19048,29263
rpmA,29983,30524,30895,31647,31062,31415
rpmB,34273,32839,33337,35933,33857,36774
rpmC,96649,27402,27600,99285,27427,101285
rpmD,57193,32982,34241,57326,34135,58607
rpmE,35142,28903,30184,36216,29961,37423
rpmF,24038,20434,21419,24528,21555,25164
rpmG,17710,17046,17418,19890,17326,19317
rpmH,3738,4245,4046,4154,4378,4145
rpmI,178035,107413,115914,190788,113620,190211
rpmJ,54088,27448,29917,55576,28967,57666
rpoA,466609,244372,254896,490563,250040,480962
rpoB,352056,282684,295926,372215,287647,365346
rpoC,384406,247189,257098,404225,250890,397121
rpoD,62293,68376,71064,66169,70487,67467
rpoE_1,6735,6703,7051,7455,6985,7180
rpoE_2,34104,32527,33918,36185,32807,36203
rpoH,62763,53233,53850,66484,55026,66714
rpoZ,15944,17345,17593,16903,17371,17204
rppH,9435,11595,11752,9636,11543,9945
rpsA,331266,251234,265860,348325,259295,346165
rpsB,158261,95437,98339,166241,98290,167472
rpsC,253518,69578,72551,269560,71424,258859
rpsD,286425,163124,176792,307773,168872,299101
rpsE,161382,95329,101195,170091,100806,164997
rpsF,128259,71234,72358,133835,73351,135586
rpsG,90698,71811,74899,93131,75238,93570
rpsH,111412,75164,79983,118141,78782,114649
rpsI,112070,61367,63083,117126,63847,116013
rpsJ,160311,57301,59095,172348,58363,171126
rpsK,173445,106872,112407,185606,110225,179143
rpsL,110508,94266,98922,118965,98191,117664
rpsM,206757,130110,135856,215411,133148,216986
rpsN,142036,99244,104186,151229,103034,147742
rpsO,88731,59627,60898,91858,61281,93681
rpsP,72468,39600,42984,76514,42484,75839
rpsQ,62960,16668,18496,67249,17771,65849
rpsR,45466,21378,22486,45619,21818,47639
rpsS,105594,30455,31854,111641,31275,111179
rpsT,22166,15556,15791,23125,15903,23421
rpsU,27104,27412,28102,29010,28488,29372
rraA,11536,10154,10495,12416,10582,11890
rraB,5970,6547,6540,6617,6539,6613
rseA,31566,30129,31957,33466,31680,33078
rseB,27091,21963,22509,29027,22584,28548
rseC,8228,4782,5025,8636,4983,8260
rseP,21862,23380,24370,22688,24114,23223
rsgA,10271,11219,11435,10880,11726,10756
rsmA,3831,4042,4264,4199,4221,4089
rsmB,25207,23925,24631,27118,24444,26617
rsmC,1935,2716,2977,2076,2801,2103
rsmD,3187,3372,3399,3325,3439,3440
rsmE,5229,5938,6087,5585,5870,5698
rsmG,3172,4056,4536,3391,4418,3287
rsmH,12063,12575,13296,12683,13061,12572
rsmI,6813,7667,7963,7404,7888,7449
rsmJ,19794,14000,14621,20622,14059,20567
rsuA,2928,4179,4223,3109,4265,3013
ruvA,7321,6990,6973,7978,6936,8047
ruvB,8220,6675,7076,8520,7120,8608
ruvC,6103,4540,4584,6451,4612,6358
sapB_1,6162,9633,9993,6391,9896,6541
sapB_2,2315,2466,2585,2448,2540,2384
sapC,6099,8186,8540,6301,8694,6374
sbcB,14135,13715,14310,15139,14139,15454
sdaA,38326,118266,120313,39645,119782,40303
sdaC,55163,144370,147650,58240,144363,58398
sdcS,14898,25674,27302,15875,27323,15108
secA,78252,130779,135022,83837,133213,82084
secB,26174,24499,26777,27735,26195,28473
secD,31712,50564,52277,33248,51236,33141
secE,19588,21309,22391,20547,22065,20574
secF,19741,23312,24359,20773,24236,20439
secG,8078,9885,10020,8489,10210,8574
secY,444082,240394,256087,466657,249862,443566
selA,6427,7737,8070,6686,8008,6557
selB,8288,11683,12098,8707,12036,8807
selD,10374,6920,7243,10626,7200,10775
seqA,8557,9238,9308,8971,9630,9302
serA,14675,30467,31647,15430,31513,15457
serB,8580,8731,8837,9277,8815,9024
serC,5440,6132,6378,5965,6312,6018
serS,37770,49335,50620,39315,50518,39997
sfsA,2913,2833,2910,3092,2951,2959
siaP,11773,58374,60856,12241,60648,12468
siaT_1,11243,53202,54763,11984,53939,11734
siaT_2,3554,4650,4822,3877,4802,3725
sixA,3627,5000,5146,3903,4940,3903
slmA,7154,8492,8879,7584,8671,7493
slp,6672,7093,7702,7014,7252,7030
slt,16313,16864,17631,17004,17064,17634
slyD,34188,31306,31721,35202,32043,35738
slyX,399,378,397,420,437,379
smf,102,158,134,100,129,97
smpA,17911,18338,18820,18536,19148,19100
smpB,3683,4469,4692,3967,4699,3950
sodA,53541,51918,52596,56314,52903,56528
sohB,30582,44666,46922,33573,46387,32138
sotB,3640,6151,6431,3873,6652,3929
spoT,73623,77388,80210,78196,79106,76694
sppA,25889,28803,29952,27137,29562,26999
spr_1,4136,3793,3821,4216,3926,4196
spr_2,2666,2281,2365,2839,2369,2816
srmB,21771,23132,24046,22950,23761,23116
ssb_1,20535,23202,23696,21244,23500,21736
ssb_2,154,171,155,176,158,164
sspA,10026,9120,9762,10861,9732,10801
sspB,5828,5569,6036,6414,5690,6299
ssrA,1829558,1679698,1681151,1907479,1712390,1890746
sstT,8917,8670,8893,9430,8824,9491
ssuB,1107,894,945,1072,916,1139
ssuC,704,683,733,697,687,683
stp,310,197,207,352,189,298
stpA,7172,6732,6961,7258,7088,7784
sucA,72086,103935,107606,76244,105381,75064
sucB,26216,39543,40409,27667,40656,27355
sucC,4550,4163,4123,4773,4034,4567
sucD,4797,4352,4401,5099,4309,4997
suhB,36899,37946,38364,38927,38450,38639
sunS,7728,9698,9868,8276,10026,8412
surA,54552,44330,45747,59205,45788,57130
surE,10720,12730,12822,10884,12963,11138
sxy,12026,19294,21321,13356,20792,12795
tadA,4719,4886,4865,5063,4919,5014
tag,1353,1350,1376,1460,1420,1521
tagE,3915,3174,3607,4651,3348,4188
talB,119028,140464,143430,125302,144482,126883
tatA,7879,9399,10408,8695,10077,8714
tatB,15639,20344,21372,16603,21489,16852
tatC,9094,12557,13205,9405,13277,9121
tbp1,3380,3107,3177,3572,3054,3532
tbpB,1314,1105,1100,1428,1051,1456
tcyB,1689,6688,7111,1688,6906,1711
tcyC,2300,8342,8869,2519,8958,2489
tcyP,5986,17915,18433,6291,18218,6225
tdk,5443,5937,6046,5697,6167,5673
tehA,5158,4881,5219,5551,5130,5525
tehB,12441,8671,9313,13330,9213,13320
tenA,1493,1832,1966,1620,1896,1626
tesB,4135,4717,4966,4337,4831,4568
tgt,12066,6960,7115,12635,7190,12570
thiB,12146,13916,14469,12636,14199,12743
thiD,5127,5430,5496,5475,5481,5054
thiE,4137,3969,4116,4277,3958,4232
thiF,4781,4553,4609,5092,4726,5056
thiI,11467,10546,11232,12358,10674,12272
thiL,11578,10937,11439,12288,10847,12295
thiM,5566,5874,6082,5969,5919,5704
thiQ,2689,2246,2395,2850,2141,2842
thlA,753,774,859,753,818,778
thrA,28508,42819,43710,31048,43402,30548
thrB,9813,14404,14828,10640,14799,10483
thrC,13178,18616,19312,14042,18978,13520
thrS,38111,36980,38058,40208,37614,40067
thyA,13217,13411,13352,12916,13017,13399
tig,118176,142554,149182,125656,148231,123295
tilS,10985,9320,9760,11704,9735,11587
tktA,91689,108078,111408,96022,111660,93874
tldD,13784,13232,13463,14770,13107,14304
tmcA,13296,10261,10819,14240,10601,14357
tmk,15424,9641,9910,16026,9896,15870
tnaA,2048,11688,12168,2081,11823,2111
tolA,12920,11007,11181,13917,10890,13312
tolB,54511,45811,47032,58510,46423,57503
tolQ,21378,20898,21625,22851,21582,22283
tolR,10155,9290,9600,10671,9311,10614
topA_1,53324,52052,53342,54991,52799,55487
topA_2,3128,3729,3872,3236,3724,3343
topB,11603,10268,10682,12155,10358,12062
tpiA,32602,39872,40359,34475,41992,34062
tpx,58775,63673,65212,62010,65325,63251
tqsA,13932,13232,13735,14781,13615,14461
trkA,23412,16110,16677,25271,16721,23973
trkG,8131,8664,8892,9143,9082,8397
trmA,31565,24075,25033,32877,24600,32609
trmB,4555,5474,5750,4874,5700,4831
trmD,189894,84143,86157,198177,86493,199505
trmL,3757,4672,4785,3981,4658,4018
trpA,1599,2032,2033,1672,1987,1689
trpB,2127,2594,2667,2058,2529,2115
trpC,1939,2395,2409,2037,2473,2017
trpD,1314,1576,1699,1361,1571,1364
trpE,2295,3009,3075,2577,3014,2492
trpG_1,734,836,981,681,974,774
trpG_2,2478,2347,2468,2599,2475,2529
trpR,2813,2523,2617,2921,2579,3047
trpS,16178,18778,19736,17036,19233,17391
truA,2905,2645,2735,3155,2765,3084
truB,17618,15621,16343,18754,16364,18932
truC,3156,2723,2787,3425,2794,3364
truD,5685,7542,7490,6155,7781,6082
trxA,11833,15211,16324,12805,16289,12655
trxB,18939,20750,21305,19657,21212,20087
tsaA,46926,54978,55586,48068,56669,49171
tsf,98846,61681,65371,104459,64323,103228
ttcA,6866,7289,7512,7353,7575,7518
ttgA,40590,49329,51720,42597,50929,42596
tufA_1,367188,231336,238235,383591,236500,380107
tufA_2,425285,373060,381559,443250,379915,444755
tusA,2476,2237,2488,2706,2490,2711
tusC,771,1078,1139,922,1105,898
tusD,1882,2218,2388,1831,2361,1920
tusE,2134,2146,2279,2306,2287,2395
typA,71758,65578,68530,75578,67875,74076
tyrA,6647,9869,9890,7185,9907,7104
tyrP_1,49326,43371,44383,52526,44574,50774
tyrP_2,9198,20519,20764,9979,21184,9681
tyrR,9810,8844,9013,10246,8865,10480
tyrS,26571,29754,30800,27974,30922,28177
udk,16589,23999,25024,17073,24434,17414
udp,56300,79172,81598,59647,81139,59030
umuD,2491,1638,1750,2635,1889,2709
ung,2545,3099,3190,2572,3131,2638
upp,7855,9537,9939,8249,10093,8059
uppS,5430,6270,6683,5825,6513,5964
ureA,609,736,652,636,719,562
ureB,997,1258,1253,980,1273,957
ureC,8641,9943,10093,9092,10098,8951
ureE,3203,3240,3309,3422,3304,3577
ureF,4033,3795,4092,4062,4052,4128
ureG,2613,2556,2719,2769,2643,2809
ureH,1704,1483,1573,1735,1545,1794
ureR,1459,1719,1861,1468,1758,1526
usg_1,7584,7814,7978,7972,7982,8200
usg_2,362,239,244,374,267,412
uspA,81893,124634,130650,85562,128666,87720
uspE,11197,11853,12247,12086,12171,11913
uvrA,33990,30593,31961,34617,30881,35086
uvrB,11143,12775,13217,11645,12918,11828
uvrC,8399,8169,8400,8625,8356,8774
uvrD,21360,21449,22246,22520,22134,22586
uxaC,5657,6836,7113,5894,7088,5866
uxuA,6553,7731,7979,7010,8087,7102
valS,61551,49972,51852,64110,51175,64301
vapB,3095,2195,2415,3209,2297,3318
vapB1,2682,2302,2401,2814,2359,2982
vapC,3757,3454,3717,4054,3565,4198
vapC1,4189,3323,3514,4691,3401,4646
vapD,7832,7083,6964,8379,6912,8370
waaA,7395,10862,10833,7844,11050,7834
wecA,7445,7031,7261,7850,7241,7763
xerC,5395,6242,6559,5742,6380,5749
xerD,6146,5491,5758,6225,5786,6340
xseA,11944,12810,13389,12813,13184,12397
xseB,3816,4827,5080,4117,5008,4007
xthA,18257,23571,25030,19108,24294,19324
xylA,635,612,583,705,651,678
xylB,2566,2572,2661,2758,2533,2721
yaaA,15560,21331,22339,16303,22155,16316
yabJ,2657,3408,3487,2834,3454,2889
yacG,1079,923,905,1195,956,1166
yadA,2258,1054,1100,2284,1050,2387
yaeT,111188,98213,102867,119089,101989,116843
yafQ_1,1619,1535,1607,1640,1540,1809
yafQ_2,4934,4417,4494,5160,4433,5393
yajC,7369,15325,16438,7962,15912,7789
ybaK,1096,978,971,1178,985,1157
ybaN,2721,2135,2723,3240,2663,2537
ybbH,4285,12382,12816,4443,12665,4371
ybeB,6105,7254,7430,6281,7311,6540
ybfF,1599,1956,2057,1684,2126,1715
ybgC,9105,9058,9460,9628,9276,9409
ybhI,25196,57816,59269,26014,58344,26128
ybiP_1,6174,7253,7490,6472,7598,6572
ybiP_2,6949,6584,7153,7817,7141,7183
yccA,33980,70041,72636,35603,72224,35450
yccM,56822,44326,46289,58466,45351,57821
yccS,10856,10778,11147,11422,10762,11110
ycdY,6527,7167,7562,7006,7309,6732
yceG,11927,9319,9653,12716,9738,12545
ycfH,12125,6395,6559,13280,6543,12822
ycgL,2207,1948,2075,2275,2049,2267
ychJ,1455,1479,1621,1522,1580,1449
yciB,8019,9168,9486,8544,9417,8475
yciH,3298,2860,2899,3728,2917,3607
yciO,8066,8558,8732,8364,8564,8475
yciS,2875,2879,3224,3372,3159,2995
ycjF,7942,21034,21494,8500,21185,8611
ycjX,7505,7485,7639,7985,7654,8024
ydcV,30901,25291,26284,32281,25998,31906
yddA,7920,10166,10699,8466,10264,8524
ydeM,111,108,97,150,98,121
ydfG,2037,2599,2720,2066,2533,2200
ydgA,23346,27948,29668,24947,29221,24734
ydjA,6354,7366,7559,6957,7687,6925
ydjH,2600,3305,3481,2787,3387,2647
yeaD,4557,4741,5051,4744,4998,4690
yebS,6604,9469,10014,6910,10043,6725
yecM,8960,7792,8428,9692,8390,9735
yeiH,4695,5853,6151,4832,5963,4875
yejK,13787,13951,14460,14160,14220,14785
yejM,19475,29319,30022,20635,29994,20220
yfbV,7620,6222,6331,7786,6183,8104
yfcA,6591,5987,6288,7055,6158,6862
yfgD,2293,2601,2676,2404,2760,2425
yfiC,1320,1489,1567,1541,1523,1454
yfiH,4866,5856,6192,5191,6079,5363
ygdD,3248,3924,4175,3528,3984,3573
ygdK,1314,1477,1634,1324,1590,1358
ygdQ,13330,14460,14968,14449,14846,14361
ygfY,2953,3010,3240,3144,3197,3112
ygfZ,9280,8929,9166,9939,9134,9892
yhbE,8313,5824,6254,8767,5883,8786
yhbJ,10142,11658,11833,10868,12028,10799
yhbU,8809,6504,6896,9297,6974,9383
yhbX,11753,12894,14108,13155,13783,12290
yhcB,2714,3458,3672,2818,3596,2892
yhgF,18186,21372,22237,19437,22077,19136
yhhQ,6738,5659,5752,7090,5804,7067
yhhT,2388,3064,3356,2605,3322,2508
yhjE_1,8033,6867,7011,8508,7020,8430
yhjE_2,4949,3201,3488,5109,3448,5125
yhjJ,917,964,1007,890,1021,989
yiaM,315,538,633,416,602,329
yibN,10337,10761,11070,11177,10887,11404
yicG,3219,4037,4246,3322,4136,3493
yidC,85535,99368,103142,90664,101594,91713
yidD,2374,3657,3731,2495,3642,2491
yigZ,4355,4968,5187,4701,5222,4723
yihD,23663,14662,15308,26318,14957,26339
yihI,4668,6780,7104,5141,6942,5084
yihY,3528,3601,3865,3834,3717,3623
yiiM,2448,2685,2572,2493,2679,2594
yiiS,6974,7595,8002,7451,7843,7377
yjcD,641,548,602,669,628,616
yjeA,4395,6336,6497,4547,6429,4631
yjgA,11661,14644,15183,12413,15015,12330
yjjB,996,1481,1475,1046,1552,1064
yjjP,1803,2711,2725,1920,2703,1818
yjjV_1,6913,8329,8662,7222,8606,7310
yjjV_2,9658,9723,9878,10168,10047,10289
ykfG,206,198,192,246,194,246
ykgB,17708,15800,16652,18830,16680,18769
ylxH,22153,18514,19045,23460,18434,23500
yohJ,2963,2401,2589,3388,2574,3061
yohK,2910,3438,3529,3185,3529,3139
ypdC,2464,2411,2564,2594,2701,2549
yqaA,4131,4230,4427,4215,4446,4196
yqaB,8059,7371,7327,8308,7338,8391
yqcC,1543,1352,1406,1607,1384,1548
yqgF,2645,2553,2721,2773,2699,2751
yqjI,44932,42986,43851,46572,42679,46528
ytfE,3081,2738,2962,3133,2906,3306
ytfJ,2436,2613,2690,2629,2654,2659
ytfL,20540,16785,17570,22382,17130,21247
ytpA,2790,3029,3278,2986,3268,3011
zapA,4585,4671,4888,4957,4828,5036
zapB,14932,14378,14890,15742,15081,15966
zipA,11271,12855,13045,11849,13190,12064
znuA,64636,46523,48151,67552,48158,67967
znuB,5888,5804,6069,6126,6055,6127
znuC,4296,5577,5559,4388,5562,4582
zwf,47223,50998,52820,49360,52202,48919